symbol,l1_name,in_date,out_date,classification_version,classification_effective_date
000001,银行,19910403,,SW2021,2021-07-30
000002,房地产,19910129,,SW2021,2021-07-30
000003,综合,19910415,,SW2021,2021-07-30
000004,房地产,19891223,20081230,SW2021,2021-07-30
000004,医药生物,20081231,20210610,SW2021,2021-07-30
000004,计算机,20210611,20210729,SW2021,2021-07-30
000004,计算机,20210730,,SW2021,2021-07-30
000005,房地产,19901210,20170628,SW2021,2021-07-30
000005,环保,20170629,,SW2021,2021-07-30
000006,房地产,19920427,20150929,SW2021,2021-07-30
000006,房地产,20150930,,SW2021,2021-07-30
000007,家用电器,19920413,20060831,SW2021,2021-07-30
000007,房地产,20060901,20090527,SW2021,2021-07-30
000007,有色金属,20130701,20140630,SW2021,2021-07-30
000007,社会服务,20140701,20170628,SW2021,2021-07-30
000007,综合,20170629,20190723,SW2021,2021-07-30
000007,商贸零售,20190724,,SW2021,2021-07-30
000008,综合,19920507,20121231,SW2021,2021-07-30
000008,社会服务,20130104,20150630,SW2021,2021-07-30
000008,机械设备,20150701,,SW2021,2021-07-30
000009,房地产,19910625,20121231,SW2021,2021-07-30
000009,综合,20130104,20210729,SW2021,2021-07-30
000009,电力设备,20210730,,SW2021,2021-07-30
000010,商贸零售,19951027,20070629,SW2021,2021-07-30
000010,综合,20070702,20150630,SW2021,2021-07-30
000010,建筑装饰,20150701,,SW2021,2021-07-30
000011,房地产,19920330,,SW2021,2021-07-30
000012,建筑材料,19920228,,SW2021,2021-07-30
000013,综合,19911211,20030430,SW2021,2021-07-30
000013,基础化工,20030512,,SW2021,2021-07-30
000014,房地产,19911219,,SW2021,2021-07-30
000015,综合,19920625,,SW2021,2021-07-30
000016,家用电器,19920327,20240729,SW2021,2021-07-30
000016,家用电器,20240730,,SW2021,2021-07-30
000017,汽车,19920331,20220728,SW2021,2021-07-30
000017,纺织服饰,20220729,,SW2021,2021-07-30
000018,纺织服饰,19920616,20121231,SW2021,2021-07-30
000018,综合,20130104,20150630,SW2021,2021-07-30
000018,房地产,20150701,20160524,SW2021,2021-07-30
000018,建筑装饰,20160525,20180712,SW2021,2021-07-30
000018,建筑装饰,20180713,,SW2021,2021-07-30
000019,商贸零售,19921012,20210729,SW2021,2021-07-30
000019,农林牧渔,20210730,,SW2021,2021-07-30
000020,电子,19920428,,SW2021,2021-07-30
000021,电子,19940202,,SW2021,2021-07-30
000023,建筑材料,19930429,20210729,SW2021,2021-07-30
000023,建筑材料,20210730,,SW2021,2021-07-30
000024,交通运输,19930315,20020430,SW2021,2021-07-30
000024,房地产,20020508,,SW2021,2021-07-30
000025,汽车,19930621,20230703,SW2021,2021-07-30
000025,综合,20230704,,SW2021,2021-07-30
000026,纺织服饰,19930603,,SW2021,2021-07-30
000027,公用事业,19930903,,SW2021,2021-07-30
000028,医药生物,19930505,,SW2021,2021-07-30
000029,房地产,19930915,,SW2021,2021-07-30
000030,综合,19930628,20130628,SW2021,2021-07-30
000030,汽车,20130701,,SW2021,2021-07-30
000031,房地产,19931008,20210729,SW2021,2021-07-30
000031,房地产,20210730,,SW2021,2021-07-30
000032,通信,19931028,20220728,SW2021,2021-07-30
000032,建筑装饰,20220729,,SW2021,2021-07-30
000033,社会服务,19940103,,SW2021,2021-07-30
000034,计算机,19931018,,SW2021,2021-07-30
000035,环保,19940408,,SW2021,2021-07-30
000036,房地产,19940617,,SW2021,2021-07-30
000037,公用事业,19940701,20220728,SW2021,2021-07-30
000037,公用事业,20220729,,SW2021,2021-07-30
000038,房地产,19940808,20180615,SW2021,2021-07-30
000038,综合,20180619,,SW2021,2021-07-30
000039,机械设备,19940408,,SW2021,2021-07-30
000040,综合,19940808,20100107,SW2021,2021-07-30
000040,房地产,20100108,20171115,SW2021,2021-07-30
000040,公用事业,20171116,,SW2021,2021-07-30
000042,房地产,19940921,,SW2021,2021-07-30
000045,纺织服饰,20111010,20131231,SW2021,2021-07-30
000045,电子,20140102,,SW2021,2021-07-30
000046,房地产,19940912,20201130,SW2021,2021-07-30
000046,房地产,20201201,,SW2021,2021-07-30
000047,房地产,19941021,,SW2021,2021-07-30
000048,房地产,19941101,20250808,SW2021,2021-07-30
000048,农林牧渔,20250811,,SW2021,2021-07-30
000049,房地产,19950320,20070629,SW2021,2021-07-30
000049,电子,20070702,20121228,SW2021,2021-07-30
000049,电力设备,20121231,,SW2021,2021-07-30
000050,电子,19950315,,SW2021,2021-07-30
000055,综合,19960415,20110930,SW2021,2021-07-30
000055,建筑装饰,20111010,20210729,SW2021,2021-07-30
000055,建筑材料,20210730,,SW2021,2021-07-30
000056,房地产,19960708,20210729,SW2021,2021-07-30
000056,房地产,20210730,,SW2021,2021-07-30
000058,电子,19961226,20110930,SW2021,2021-07-30
000058,商贸零售,20111010,,SW2021,2021-07-30
000059,基础化工,19970130,20091230,SW2021,2021-07-30
000059,石油石化,20091231,,SW2021,2021-07-30
000060,有色金属,19970123,,SW2021,2021-07-30
000061,商贸零售,19970110,20131230,SW2021,2021-07-30
000061,商贸零售,20131231,,SW2021,2021-07-30
000062,家用电器,19970130,20090527,SW2021,2021-07-30
000062,电子,20090601,20110930,SW2021,2021-07-30
000062,电子,20111010,,SW2021,2021-07-30
000063,通信,19971118,,SW2021,2021-07-30
000065,建筑装饰,19980605,,SW2021,2021-07-30
000066,计算机,19970626,,SW2021,2021-07-30
000068,电子,19970611,20121231,SW2021,2021-07-30
000068,综合,20130104,20170628,SW2021,2021-07-30
000068,环保,20170629,,SW2021,2021-07-30
000069,社会服务,19970910,20071228,SW2021,2021-07-30
000069,房地产,20080102,20210729,SW2021,2021-07-30
000069,房地产,20210730,,SW2021,2021-07-30
000070,电子,20000424,20110930,SW2021,2021-07-30
000070,通信,20111010,,SW2021,2021-07-30
000078,医药生物,19981218,,SW2021,2021-07-30
000088,交通运输,20210730,20211111,SW2021,2021-07-30
000088,交通运输,20211112,,SW2021,2021-07-30
000089,交通运输,19980420,20210728,SW2021,2021-07-30
000089,交通运输,20210729,,SW2021,2021-07-30
000090,房地产,19990721,,SW2021,2021-07-30
000096,石油石化,20000724,,SW2021,2021-07-30
000099,交通运输,20000731,20210729,SW2021,2021-07-30
000099,交通运输,20210730,,SW2021,2021-07-30
000100,家用电器,20040129,20190419,SW2021,2021-07-30
000100,电子,20190422,,SW2021,2021-07-30
000150,房地产,20000807,20150630,SW2021,2021-07-30
000150,医药生物,20150701,,SW2021,2021-07-30
000151,综合,20000906,20100930,SW2021,2021-07-30
000151,商贸零售,20101008,,SW2021,2021-07-30
000153,医药生物,20000918,,SW2021,2021-07-30
000155,基础化工,20000926,20170628,SW2021,2021-07-30
000155,商贸零售,20170629,20190723,SW2021,2021-07-30
000155,公用事业,20190724,,SW2021,2021-07-30
000156,基础化工,20000906,20110930,SW2021,2021-07-30
000156,传媒,20111010,,SW2021,2021-07-30
000157,机械设备,20001012,,SW2021,2021-07-30
000158,纺织服饰,20000724,20170628,SW2021,2021-07-30
000158,计算机,20170629,,SW2021,2021-07-30
000159,医药生物,20000926,20070629,SW2021,2021-07-30
000159,石油石化,20070702,20220728,SW2021,2021-07-30
000159,建筑装饰,20220729,20240729,SW2021,2021-07-30
000159,电力设备,20240730,,SW2021,2021-07-30
000166,非银金融,20150119,,SW2021,2021-07-30
000301,公用事业,20000424,20190723,SW2021,2021-07-30
000301,基础化工,20190724,20210729,SW2021,2021-07-30
000301,石油石化,20210730,,SW2021,2021-07-30
000333,家用电器,20130118,,SW2021,2021-07-30
000338,汽车,20070430,,SW2021,2021-07-30
000400,电力设备,19970409,,SW2021,2021-07-30
000401,建筑材料,19960614,,SW2021,2021-07-30
000402,房地产,19960606,20210729,SW2021,2021-07-30
000402,房地产,20210730,,SW2021,2021-07-30
000403,医药生物,19960628,,SW2021,2021-07-30
000404,家用电器,19960619,,SW2021,2021-07-30
000405,有色金属,19960620,,SW2021,2021-07-30
000406,石油石化,19960628,,SW2021,2021-07-30
000407,基础化工,20140102,20171214,SW2021,2021-07-30
000407,公用事业,20171215,,SW2021,2021-07-30
000408,商贸零售,19960628,20180712,SW2021,2021-07-30
000408,基础化工,20210730,20230703,SW2021,2021-07-30
000408,有色金属,20230704,,SW2021,2021-07-30
000409,综合,20121231,20220728,SW2021,2021-07-30
000409,计算机,20220729,,SW2021,2021-07-30
000410,机械设备,19960718,,SW2021,2021-07-30
000411,纺织服饰,19960626,20020429,SW2021,2021-07-30
000411,商贸零售,20020430,20110107,SW2021,2021-07-30
000411,医药生物,20110110,,SW2021,2021-07-30
000412,综合,19960715,,SW2021,2021-07-30
000413,电子,19960925,,SW2021,2021-07-30
000415,非银金融,19960624,,SW2021,2021-07-30
000416,商贸零售,19960624,20180419,SW2021,2021-07-30
000416,非银金融,20180420,,SW2021,2021-07-30
000417,商贸零售,20170629,20230703,SW2021,2021-07-30
000417,商贸零售,20230704,,SW2021,2021-07-30
000418,家用电器,19970328,,SW2021,2021-07-30
000419,商贸零售,19960816,,SW2021,2021-07-30
000420,基础化工,19960802,,SW2021,2021-07-30
000421,综合,19960806,20171208,SW2021,2021-07-30
000421,公用事业,20171211,20230703,SW2021,2021-07-30
000421,综合,20230704,,SW2021,2021-07-30
000422,基础化工,20170629,20220728,SW2021,2021-07-30
000422,基础化工,20220729,,SW2021,2021-07-30
000423,医药生物,19960729,,SW2021,2021-07-30
000425,机械设备,19960828,,SW2021,2021-07-30
000426,公用事业,19960828,20120629,SW2021,2021-07-30
000426,有色金属,20120702,,SW2021,2021-07-30
000428,社会服务,19960808,,SW2021,2021-07-30
000429,交通运输,19980220,,SW2021,2021-07-30
000430,社会服务,19960829,,SW2021,2021-07-30
000488,轻工制造,20001120,,SW2021,2021-07-30
000498,基础化工,19970609,20130628,SW2021,2021-07-30
000498,建筑装饰,20130701,,SW2021,2021-07-30
000501,商贸零售,19921120,20170628,SW2021,2021-07-30
000501,商贸零售,20170629,,SW2021,2021-07-30
000502,社会服务,19910605,20030430,SW2021,2021-07-30
000502,房地产,20030512,20210729,SW2021,2021-07-30
000502,房地产,20210730,,SW2021,2021-07-30
000503,计算机,19921130,,SW2021,2021-07-30
000504,医药生物,19921208,,SW2021,2021-07-30
000505,房地产,19921221,20180712,SW2021,2021-07-30
000505,农林牧渔,20180713,,SW2021,2021-07-30
000506,房地产,20090105,20150630,SW2021,2021-07-30
000506,有色金属,20150701,20180615,SW2021,2021-07-30
000506,有色金属,20220729,,SW2021,2021-07-30
000507,综合,19930326,20110107,SW2021,2021-07-30
000507,交通运输,20210730,20230703,SW2021,2021-07-30
000507,公用事业,20230704,,SW2021,2021-07-30
000508,农林牧渔,19930430,,SW2021,2021-07-30
000509,综合,19930507,20110930,SW2021,2021-07-30
000509,建筑材料,20111010,20190723,SW2021,2021-07-30
000509,医药生物,20190724,20220728,SW2021,2021-07-30
000509,电子,20220729,,SW2021,2021-07-30
000510,基础化工,19930507,,SW2021,2021-07-30
000511,房地产,19930518,20131231,SW2021,2021-07-30
000511,基础化工,20140102,,SW2021,2021-07-30
000513,医药生物,19931028,,SW2021,2021-07-30
000514,房地产,19930712,,SW2021,2021-07-30
000515,基础化工,19930712,,SW2021,2021-07-30
000516,商贸零售,19930809,20190510,SW2021,2021-07-30
000516,医药生物,20190513,,SW2021,2021-07-30
000517,房地产,19890301,20080530,SW2021,2021-07-30
000517,房地产,20080602,,SW2021,2021-07-30
000518,医药生物,19930908,,SW2021,2021-07-30
000519,基础化工,19931008,20170628,SW2021,2021-07-30
000519,国防军工,20170629,,SW2021,2021-07-30
000520,交通运输,19931025,,SW2021,2021-07-30
000521,家用电器,19931018,,SW2021,2021-07-30
000522,医药生物,19931108,,SW2021,2021-07-30
000523,美容护理,19931108,20240729,SW2021,2021-07-30
000523,综合,20240730,,SW2021,2021-07-30
000524,社会服务,19931118,20180712,SW2021,2021-07-30
000524,社会服务,20180713,,SW2021,2021-07-30
000525,基础化工,19931028,,SW2021,2021-07-30
000526,农林牧渔,19920921,20000428,SW2021,2021-07-30
000526,房地产,20000508,20090930,SW2021,2021-07-30
000526,社会服务,20170629,,SW2021,2021-07-30
000527,家用电器,19931112,,SW2021,2021-07-30
000528,机械设备,19931118,,SW2021,2021-07-30
000529,综合,19931118,20190723,SW2021,2021-07-30
000529,传媒,20190724,20230511,SW2021,2021-07-30
000529,食品饮料,20230512,,SW2021,2021-07-30
000530,机械设备,19931208,,SW2021,2021-07-30
000531,公用事业,19940106,,SW2021,2021-07-30
000532,电子,19940103,20210729,SW2021,2021-07-30
000532,非银金融,20210730,,SW2021,2021-07-30
000533,电力设备,19940103,,SW2021,2021-07-30
000534,房地产,19940110,20200721,SW2021,2021-07-30
000534,医药生物,20200722,,SW2021,2021-07-30
000535,机械设备,19931130,,SW2021,2021-07-30
000536,电子,19931126,,SW2021,2021-07-30
000537,房地产,19931210,20220825,SW2021,2021-07-30
000537,公用事业,20220826,,SW2021,2021-07-30
000538,医药生物,19931215,,SW2021,2021-07-30
000539,公用事业,19931126,,SW2021,2021-07-30
000540,房地产,19931206,,SW2021,2021-07-30
000541,电子,20170629,20210729,SW2021,2021-07-30
000541,家用电器,20210730,,SW2021,2021-07-30
000542,通信,19931201,,SW2021,2021-07-30
000543,公用事业,19931220,,SW2021,2021-07-30
000544,环保,19931208,,SW2021,2021-07-30
000545,医药生物,19931215,20131231,SW2021,2021-07-30
000545,基础化工,20140102,20210729,SW2021,2021-07-30
000545,基础化工,20210730,,SW2021,2021-07-30
000546,房地产,19931110,20131231,SW2021,2021-07-30
000546,综合,20140102,20150630,SW2021,2021-07-30
000546,建筑材料,20150701,20240729,SW2021,2021-07-30
000546,环保,20240730,,SW2021,2021-07-30
000547,综合,19931130,20140630,SW2021,2021-07-30
000547,国防军工,20140701,20210729,SW2021,2021-07-30
000547,国防军工,20210730,,SW2021,2021-07-30
000548,交通运输,19931220,,SW2021,2021-07-30
000549,汽车,19931220,,SW2021,2021-07-30
000550,汽车,19931201,,SW2021,2021-07-30
000551,综合,19940106,20150630,SW2021,2021-07-30
000551,环保,20150701,,SW2021,2021-07-30
000552,煤炭,19940106,,SW2021,2021-07-30
000553,基础化工,19931203,,SW2021,2021-07-30
000554,石油石化,19931215,,SW2021,2021-07-30
000555,基础化工,19931206,20010427,SW2021,2021-07-30
000555,家用电器,20010430,20090527,SW2021,2021-07-30
000555,计算机,20090601,,SW2021,2021-07-30
000556,综合,19940525,,SW2021,2021-07-30
000557,交通运输,19940617,,SW2021,2021-07-30
000558,房地产,19940509,20250306,SW2021,2021-07-30
000558,社会服务,20250307,,SW2021,2021-07-30
000559,汽车,19940110,,SW2021,2021-07-30
000560,商贸零售,19940202,20190723,SW2021,2021-07-30
000560,房地产,20190724,20210729,SW2021,2021-07-30
000560,房地产,20210730,,SW2021,2021-07-30
000561,国防军工,19940509,,SW2021,2021-07-30
000562,非银金融,19940202,,SW2021,2021-07-30
000563,非银金融,19940110,,SW2021,2021-07-30
000564,商贸零售,19940110,,SW2021,2021-07-30
000565,基础化工,20080602,20110107,SW2021,2021-07-30
000565,基础化工,20110110,,SW2021,2021-07-30
000566,医药生物,19940525,,SW2021,2021-07-30
000567,房地产,19940525,20180712,SW2021,2021-07-30
000567,非银金融,20180713,,SW2021,2021-07-30
000568,食品饮料,19940509,,SW2021,2021-07-30
000569,钢铁,19940425,,SW2021,2021-07-30
000570,汽车,19940701,,SW2021,2021-07-30
000571,煤炭,19940525,,SW2021,2021-07-30
000572,房地产,19940808,20050831,SW2021,2021-07-30
000572,汽车,20050901,,SW2021,2021-07-30
000573,房地产,19940815,,SW2021,2021-07-30
000576,农林牧渔,20121231,20200619,SW2021,2021-07-30
000576,国防军工,20200622,,SW2021,2021-07-30
000578,商贸零售,19950109,20000831,SW2021,2021-07-30
000578,综合,20000901,20090527,SW2021,2021-07-30
000578,基础化工,20090601,,SW2021,2021-07-30
000581,汽车,19980924,,SW2021,2021-07-30
000582,交通运输,19951102,,SW2021,2021-07-30
000583,计算机,19951101,,SW2021,2021-07-30
000584,综合,19951128,20070629,SW2021,2021-07-30
000584,基础化工,20070702,20071228,SW2021,2021-07-30
000584,机械设备,20180713,20210729,SW2021,2021-07-30
000584,机械设备,20210730,,SW2021,2021-07-30
000585,电力设备,19951213,,SW2021,2021-07-30
000586,商贸零售,19951220,20040630,SW2021,2021-07-30
000586,通信,20040701,,SW2021,2021-07-30
000587,纺织服饰,19960425,,SW2021,2021-07-30
000588,农林牧渔,19960123,,SW2021,2021-07-30
000589,汽车,19960308,,SW2021,2021-07-30
000590,医药生物,19960119,,SW2021,2021-07-30
000591,公用事业,19960208,,SW2021,2021-07-30
000592,房地产,19960327,20090930,SW2021,2021-07-30
000592,农林牧渔,20091009,,SW2021,2021-07-30
000593,公用事业,20150701,20151023,SW2021,2021-07-30
000593,综合,20151026,20180615,SW2021,2021-07-30
000593,公用事业,20180619,,SW2021,2021-07-30
000594,交通运输,19960320,,SW2021,2021-07-30
000595,机械设备,19960419,,SW2021,2021-07-30
000596,食品饮料,19960927,,SW2021,2021-07-30
000597,医药生物,19960523,20190723,SW2021,2021-07-30
000597,医药生物,20190724,,SW2021,2021-07-30
000598,环保,19960529,,SW2021,2021-07-30
000599,汽车,19960410,,SW2021,2021-07-30
000600,社会服务,19960606,20060906,SW2021,2021-07-30
000600,公用事业,20060907,,SW2021,2021-07-30
000601,公用事业,19960830,20170525,SW2021,2021-07-30
000601,公用事业,20170526,,SW2021,2021-07-30
000602,社会服务,19960806,20020829,SW2021,2021-07-30
000602,公用事业,20020830,,SW2021,2021-07-30
000603,有色金属,19960823,,SW2021,2021-07-30
000605,环保,19960801,,SW2021,2021-07-30
000606,医药生物,19961004,20170628,SW2021,2021-07-30
000606,计算机,20170629,,SW2021,2021-07-30
000607,医药生物,19960830,20110930,SW2021,2021-07-30
000607,机械设备,20111010,20180615,SW2021,2021-07-30
000607,传媒,20180619,,SW2021,2021-07-30
000608,房地产,19960919,20210729,SW2021,2021-07-30
000608,房地产,20210730,,SW2021,2021-07-30
000609,房地产,19961010,,SW2021,2021-07-30
000610,社会服务,20170629,20240729,SW2021,2021-07-30
000610,社会服务,20240730,,SW2021,2021-07-30
000611,商贸零售,20140102,20180615,SW2021,2021-07-30
000611,纺织服饰,20180619,20210729,SW2021,2021-07-30
000611,煤炭,20210730,,SW2021,2021-07-30
000612,有色金属,19960926,,SW2021,2021-07-30
000613,社会服务,19970128,20110107,SW2021,2021-07-30
000613,社会服务,20110110,,SW2021,2021-07-30
000615,基础化工,19961016,20170525,SW2021,2021-07-30
000615,房地产,20170526,20210729,SW2021,2021-07-30
000615,美容护理,20210730,,SW2021,2021-07-30
000616,社会服务,19961022,20030430,SW2021,2021-07-30
000616,房地产,20030512,20220728,SW2021,2021-07-30
000616,非银金融,20220729,,SW2021,2021-07-30
000617,非银金融,19961022,,SW2021,2021-07-30
000618,交通运输,19961015,,SW2021,2021-07-30
000619,建筑材料,19960919,,SW2021,2021-07-30
000620,综合,19961029,20120106,SW2021,2021-07-30
000620,房地产,20120109,,SW2021,2021-07-30
000621,传媒,19961105,,SW2021,2021-07-30
000622,综合,19961107,20130628,SW2021,2021-07-30
000622,综合,20130701,,SW2021,2021-07-30
000623,非银金融,20070702,20140630,SW2021,2021-07-30
000623,医药生物,20190724,20220728,SW2021,2021-07-30
000623,医药生物,20220729,,SW2021,2021-07-30
000625,汽车,19970610,,SW2021,2021-07-30
000626,农林牧渔,19961128,20110930,SW2021,2021-07-30
000626,商贸零售,20111010,20210729,SW2021,2021-07-30
000626,交通运输,20210730,,SW2021,2021-07-30
000627,医药生物,19961112,20110107,SW2021,2021-07-30
000627,基础化工,20110110,20170628,SW2021,2021-07-30
000627,非银金融,20170629,,SW2021,2021-07-30
000628,房地产,19961118,20121231,SW2021,2021-07-30
000628,综合,20130104,20180712,SW2021,2021-07-30
000628,建筑装饰,20180713,,SW2021,2021-07-30
000629,钢铁,19961115,,SW2021,2021-07-30
000630,有色金属,19961120,,SW2021,2021-07-30
000631,房地产,19961122,,SW2021,2021-07-30
000632,房地产,19961121,20070629,SW2021,2021-07-30
000632,综合,20070702,,SW2021,2021-07-30
000633,机械设备,19961112,20150630,SW2021,2021-07-30
000633,有色金属,20150701,20180615,SW2021,2021-07-30
000633,有色金属,20180619,,SW2021,2021-07-30
000635,公用事业,19961025,20070629,SW2021,2021-07-30
000635,基础化工,20070702,,SW2021,2021-07-30
000636,电子,19961129,,SW2021,2021-07-30
000637,石油石化,19961114,,SW2021,2021-07-30
000638,房地产,19961122,20170628,SW2021,2021-07-30
000638,综合,20170629,20210729,SW2021,2021-07-30
000638,计算机,20210730,20240105,SW2021,2021-07-30
000638,国防军工,20240108,,SW2021,2021-07-30
000639,社会服务,19840509,20020829,SW2021,2021-07-30
000639,食品饮料,20190724,20210729,SW2021,2021-07-30
000639,农林牧渔,20210730,20240729,SW2021,2021-07-30
000639,食品饮料,20240730,,SW2021,2021-07-30
000650,基础化工,19961118,20070629,SW2021,2021-07-30
000650,医药生物,20070702,,SW2021,2021-07-30
000651,家用电器,19961118,,SW2021,2021-07-30
000652,基础化工,19961128,20060831,SW2021,2021-07-30
000652,综合,20060901,,SW2021,2021-07-30
000653,商贸零售,19961126,,SW2021,2021-07-30
000655,钢铁,19961128,,SW2021,2021-07-30
000656,钢铁,19961128,20070629,SW2021,2021-07-30
000656,房地产,20070702,,SW2021,2021-07-30
000657,有色金属,19961205,,SW2021,2021-07-30
000658,综合,19961218,,SW2021,2021-07-30
000659,轻工制造,19961203,,SW2021,2021-07-30
000660,机械设备,19961209,20050630,SW2021,2021-07-30
000660,电力设备,20050701,,SW2021,2021-07-30
000661,医药生物,19961218,,SW2021,2021-07-30
000662,综合,19961202,20020429,SW2021,2021-07-30
000662,计算机,20020430,20210729,SW2021,2021-07-30
000662,计算机,20210730,,SW2021,2021-07-30
000663,农林牧渔,19961206,20160630,SW2021,2021-07-30
000663,轻工制造,20160701,20220728,SW2021,2021-07-30
000663,农林牧渔,20220729,,SW2021,2021-07-30
000665,基础化工,19961210,20100531,SW2021,2021-07-30
000665,传媒,20100601,,SW2021,2021-07-30
000666,非银金融,19961210,,SW2021,2021-07-30
000667,房地产,19891101,,SW2021,2021-07-30
000668,房地产,20090601,20220728,SW2021,2021-07-30
000668,医药生物,20220729,20240729,SW2021,2021-07-30
000668,房地产,20240730,,SW2021,2021-07-30
000669,电子,19961210,20070629,SW2021,2021-07-30
000669,综合,20070702,20121231,SW2021,2021-07-30
000669,公用事业,20130104,,SW2021,2021-07-30
000670,房地产,19961217,20150630,SW2021,2021-07-30
000670,电子,20150701,20170628,SW2021,2021-07-30
000670,电子,20220729,,SW2021,2021-07-30
000671,综合,19961218,20070629,SW2021,2021-07-30
000671,房地产,20070702,,SW2021,2021-07-30
000672,农林牧渔,19961218,20130628,SW2021,2021-07-30
000672,建筑材料,20130701,,SW2021,2021-07-30
000673,传媒,19970124,,SW2021,2021-07-30
000675,基础化工,19961226,,SW2021,2021-07-30
000676,机械设备,19961224,20170628,SW2021,2021-07-30
000676,传媒,20170629,,SW2021,2021-07-30
000677,基础化工,20170629,20210729,SW2021,2021-07-30
000677,基础化工,20210730,,SW2021,2021-07-30
000678,汽车,19970106,,SW2021,2021-07-30
000679,房地产,20171109,20210729,SW2021,2021-07-30
000679,商贸零售,20210730,20220728,SW2021,2021-07-30
000679,商贸零售,20220729,,SW2021,2021-07-30
000680,机械设备,19970122,,SW2021,2021-07-30
000681,综合,19970121,20131230,SW2021,2021-07-30
000681,传媒,20131231,,SW2021,2021-07-30
000682,电力设备,19970121,,SW2021,2021-07-30
000683,基础化工,19970131,20110107,SW2021,2021-07-30
000683,基础化工,20110110,,SW2021,2021-07-30
000685,环保,19970123,,SW2021,2021-07-30
000686,非银金融,19970227,,SW2021,2021-07-30
000687,基础化工,19970221,20080530,SW2021,2021-07-30
000687,国防军工,20080602,,SW2021,2021-07-30
000688,有色金属,19961218,,SW2021,2021-07-30
000689,有色金属,19961231,,SW2021,2021-07-30
000690,公用事业,19970128,20170525,SW2021,2021-07-30
000690,公用事业,20170526,,SW2021,2021-07-30
000691,社会服务,19970228,20070629,SW2021,2021-07-30
000691,综合,20070702,20120106,SW2021,2021-07-30
000691,房地产,20120109,20220728,SW2021,2021-07-30
000691,基础化工,20220729,,SW2021,2021-07-30
000692,公用事业,19970227,,SW2021,2021-07-30
000693,基础化工,19900901,20000427,SW2021,2021-07-30
000693,有色金属,20000428,,SW2021,2021-07-30
000695,基础化工,19970218,20060831,SW2021,2021-07-30
000695,公用事业,20060901,20190723,SW2021,2021-07-30
000695,轻工制造,20190724,20240729,SW2021,2021-07-30
000695,电力设备,20240730,,SW2021,2021-07-30
000697,电子,19970325,20110930,SW2021,2021-07-30
000697,有色金属,20111010,20190723,SW2021,2021-07-30
000697,国防军工,20190724,,SW2021,2021-07-30
000698,基础化工,19970220,20091230,SW2021,2021-07-30
000698,石油石化,20091231,,SW2021,2021-07-30
000699,轻工制造,19970310,,SW2021,2021-07-30
000700,汽车,19970228,,SW2021,2021-07-30
000701,综合,19970226,20150630,SW2021,2021-07-30
000701,电子,20210730,20240729,SW2021,2021-07-30
000701,汽车,20240730,,SW2021,2021-07-30
000702,农林牧渔,19970318,,SW2021,2021-07-30
000703,综合,19900226,20110107,SW2021,2021-07-30
000703,基础化工,20110110,20210729,SW2021,2021-07-30
000703,石油石化,20210730,,SW2021,2021-07-30
000705,医药生物,19970410,,SW2021,2021-07-30
000707,基础化工,19970415,,SW2021,2021-07-30
000708,钢铁,19970321,,SW2021,2021-07-30
000709,钢铁,19970416,,SW2021,2021-07-30
000710,综合,19970422,20120928,SW2021,2021-07-30
000710,医药生物,20121008,20220728,SW2021,2021-07-30
000710,医药生物,20220729,,SW2021,2021-07-30
000711,社会服务,19970411,20070629,SW2021,2021-07-30
000711,房地产,20070702,20121231,SW2021,2021-07-30
000711,综合,20130104,20180712,SW2021,2021-07-30
000711,环保,20180713,20220728,SW2021,2021-07-30
000711,环保,20220729,,SW2021,2021-07-30
000712,纺织服饰,19970321,20070629,SW2021,2021-07-30
000712,房地产,20070702,20090527,SW2021,2021-07-30
000712,非银金融,20090601,,SW2021,2021-07-30
000713,农林牧渔,19970422,,SW2021,2021-07-30
000715,商贸零售,19970508,,SW2021,2021-07-30
000716,综合,19970403,20070629,SW2021,2021-07-30
000716,食品饮料,20210730,20220728,SW2021,2021-07-30
000716,食品饮料,20220729,,SW2021,2021-07-30
000717,钢铁,19970508,,SW2021,2021-07-30
000718,房地产,19970408,,SW2021,2021-07-30
000719,基础化工,19970331,20110930,SW2021,2021-07-30
000719,传媒,20111010,,SW2021,2021-07-30
000720,公用事业,19970422,20210729,SW2021,2021-07-30
000720,房地产,20210730,20220728,SW2021,2021-07-30
000720,电力设备,20220729,,SW2021,2021-07-30
000721,社会服务,19970425,,SW2021,2021-07-30
000722,农林牧渔,19970522,20070629,SW2021,2021-07-30
000722,综合,20070702,20121231,SW2021,2021-07-30
000722,公用事业,20130104,,SW2021,2021-07-30
000723,煤炭,19970515,,SW2021,2021-07-30
000725,电子,20010112,,SW2021,2021-07-30
000726,纺织服饰,20001225,,SW2021,2021-07-30
000727,电子,19970520,,SW2021,2021-07-30
000728,基础化工,19970616,20070629,SW2021,2021-07-30
000728,非银金融,20070702,,SW2021,2021-07-30
000729,食品饮料,19970716,,SW2021,2021-07-30
000730,环保,19970522,,SW2021,2021-07-30
000731,基础化工,19970617,,SW2021,2021-07-30
000732,基础化工,19970704,20110107,SW2021,2021-07-30
000732,房地产,20110110,,SW2021,2021-07-30
000733,电子,19970703,20210729,SW2021,2021-07-30
000733,国防军工,20210730,,SW2021,2021-07-30
000735,农林牧渔,19970611,,SW2021,2021-07-30
000736,房地产,19970425,,SW2021,2021-07-30
000737,基础化工,20210730,20220728,SW2021,2021-07-30
000737,有色金属,20220729,,SW2021,2021-07-30
000738,国防军工,19970626,,SW2021,2021-07-30
000739,医药生物,19970422,,SW2021,2021-07-30
000748,通信,19970704,,SW2021,2021-07-30
000750,非银金融,19970709,,SW2021,2021-07-30
000751,有色金属,19970626,,SW2021,2021-07-30
000752,食品饮料,19970625,,SW2021,2021-07-30
000753,房地产,19970611,20020430,SW2021,2021-07-30
000753,交通运输,20020508,20090527,SW2021,2021-07-30
000753,商贸零售,20120702,20150630,SW2021,2021-07-30
000753,综合,20150701,,SW2021,2021-07-30
000755,基础化工,19970627,20181116,SW2021,2021-07-30
000755,交通运输,20181119,,SW2021,2021-07-30
000756,医药生物,19970806,,SW2021,2021-07-30
000757,汽车,19970627,,SW2021,2021-07-30
000758,有色金属,19970327,,SW2021,2021-07-30
000759,商贸零售,19970519,,SW2021,2021-07-30
000760,房地产,19880101,20090930,SW2021,2021-07-30
000760,汽车,20091009,,SW2021,2021-07-30
000761,钢铁,19980115,,SW2021,2021-07-30
000762,有色金属,19970708,,SW2021,2021-07-30
000763,交通运输,19970915,,SW2021,2021-07-30
000766,医药生物,19970430,20190723,SW2021,2021-07-30
000766,医药生物,20190724,,SW2021,2021-07-30
000767,公用事业,19970609,,SW2021,2021-07-30
000768,国防军工,19970626,,SW2021,2021-07-30
000769,农林牧渔,19970530,,SW2021,2021-07-30
000776,交通运输,19970611,20070629,SW2021,2021-07-30
000776,非银金融,20070702,,SW2021,2021-07-30
000777,机械设备,19970710,,SW2021,2021-07-30
000778,钢铁,19970606,,SW2021,2021-07-30
000779,建筑装饰,19970528,,SW2021,2021-07-30
000780,煤炭,19970606,,SW2021,2021-07-30
000782,基础化工,19970619,20210729,SW2021,2021-07-30
000782,基础化工,20210730,,SW2021,2021-07-30
000783,非银金融,19970731,,SW2021,2021-07-30
000785,商贸零售,19970708,20210729,SW2021,2021-07-30
000785,商贸零售,20210730,,SW2021,2021-07-30
000786,建筑材料,19970606,,SW2021,2021-07-30
000787,计算机,19970626,,SW2021,2021-07-30
000788,医药生物,19970616,20190723,SW2021,2021-07-30
000788,医药生物,20190724,,SW2021,2021-07-30
000789,建筑材料,19970923,,SW2021,2021-07-30
000790,医药生物,19980327,,SW2021,2021-07-30
000791,基础化工,19971014,20121231,SW2021,2021-07-30
000791,公用事业,20130104,,SW2021,2021-07-30
000792,基础化工,19970904,,SW2021,2021-07-30
000793,公用事业,19970729,20070629,SW2021,2021-07-30
000793,传媒,20070702,,SW2021,2021-07-30
000795,有色金属,19970808,20071228,SW2021,2021-07-30
000795,有色金属,20080102,,SW2021,2021-07-30
000796,食品饮料,19970703,20151030,SW2021,2021-07-30
000796,社会服务,20151102,,SW2021,2021-07-30
000797,房地产,19970715,,SW2021,2021-07-30
000798,农林牧渔,19980212,,SW2021,2021-07-30
000799,食品饮料,19970718,,SW2021,2021-07-30
000800,汽车,19970618,,SW2021,2021-07-30
000801,家用电器,19980506,,SW2021,2021-07-30
000802,房地产,20000508,20070629,SW2021,2021-07-30
000802,社会服务,20150701,20151030,SW2021,2021-07-30
000802,传媒,20151102,,SW2021,2021-07-30
000803,综合,20070702,20091231,SW2021,2021-07-30
000803,房地产,20100104,20190723,SW2021,2021-07-30
000803,公用事业,20190724,20250808,SW2021,2021-07-30
000803,环保,20250811,,SW2021,2021-07-30
000805,计算机,19980529,,SW2021,2021-07-30
000806,电力设备,19980416,,SW2021,2021-07-30
000807,有色金属,19980408,,SW2021,2021-07-30
000809,纺织服饰,19980616,20050630,SW2021,2021-07-30
000809,医药生物,20050701,20090108,SW2021,2021-07-30
000809,房地产,20090109,,SW2021,2021-07-30
000810,纺织服饰,19980602,20180419,SW2021,2021-07-30
000810,家用电器,20180420,,SW2021,2021-07-30
000811,机械设备,19980528,,SW2021,2021-07-30
000812,轻工制造,19980623,,SW2021,2021-07-30
000813,综合,19980519,20150630,SW2021,2021-07-30
000813,有色金属,20150701,20180808,SW2021,2021-07-30
000813,医药生物,20180809,,SW2021,2021-07-30
000815,轻工制造,19980609,20240729,SW2021,2021-07-30
000815,计算机,20240730,,SW2021,2021-07-30
000816,汽车,19970818,,SW2021,2021-07-30
000817,石油石化,19980528,,SW2021,2021-07-30
000818,基础化工,20111010,20170628,SW2021,2021-07-30
000818,基础化工,20170629,,SW2021,2021-07-30
000819,石油石化,19970625,,SW2021,2021-07-30
000820,环保,19980630,20240729,SW2021,2021-07-30
000820,环保,20240730,,SW2021,2021-07-30
000821,机械设备,19980626,20220728,SW2021,2021-07-30
000821,电力设备,20220729,,SW2021,2021-07-30
000822,基础化工,19980703,,SW2021,2021-07-30
000823,电子,19971008,,SW2021,2021-07-30
000825,钢铁,19981021,,SW2021,2021-07-30
000826,环保,19980225,,SW2021,2021-07-30
000827,医药生物,19890301,20020830,SW2021,2021-07-30
000827,计算机,20020902,20050630,SW2021,2021-07-30
000827,建筑材料,20050701,,SW2021,2021-07-30
000828,交通运输,19970617,,SW2021,2021-07-30
000829,农林牧渔,19971202,20060831,SW2021,2021-07-30
000829,商贸零售,20060901,,SW2021,2021-07-30
000830,基础化工,19980807,20210729,SW2021,2021-07-30
000830,基础化工,20210730,,SW2021,2021-07-30
000831,有色金属,19980911,,SW2021,2021-07-30
000832,基础化工,19980825,,SW2021,2021-07-30
000833,综合,19981111,20190723,SW2021,2021-07-30
000833,综合,20190724,,SW2021,2021-07-30
000835,综合,19990625,20070629,SW2021,2021-07-30
000835,传媒,20070702,,SW2021,2021-07-30
000836,综合,19970929,20130628,SW2021,2021-07-30
000836,通信,20130701,,SW2021,2021-07-30
000837,机械设备,19980928,,SW2021,2021-07-30
000838,基础化工,19970626,20081231,SW2021,2021-07-30
000838,房地产,20090105,,SW2021,2021-07-30
000839,基础化工,19971031,20120629,SW2021,2021-07-30
000839,综合,20120702,20220728,SW2021,2021-07-30
000839,通信,20220729,,SW2021,2021-07-30
000848,食品饮料,19971113,,SW2021,2021-07-30
000850,纺织服饰,19981007,,SW2021,2021-07-30
000851,通信,19980609,,SW2021,2021-07-30
000852,机械设备,19981126,,SW2021,2021-07-30
000856,机械设备,19980813,,SW2021,2021-07-30
000858,食品饮料,19980427,,SW2021,2021-07-30
000859,基础化工,19981119,20210729,SW2021,2021-07-30
000859,基础化工,20210730,,SW2021,2021-07-30
000860,食品饮料,19981104,,SW2021,2021-07-30
000861,基础化工,20111010,20120629,SW2021,2021-07-30
000861,商贸零售,20120702,,SW2021,2021-07-30
000862,公用事业,19980915,,SW2021,2021-07-30
000863,综合,19970826,20111230,SW2021,2021-07-30
000863,房地产,20120104,20170525,SW2021,2021-07-30
000863,社会服务,20170526,20190723,SW2021,2021-07-30
000863,房地产,20190724,,SW2021,2021-07-30
000866,交通运输,19980512,,SW2021,2021-07-30
000868,汽车,19970725,,SW2021,2021-07-30
000869,食品饮料,20001010,20070629,SW2021,2021-07-30
000869,食品饮料,20070702,,SW2021,2021-07-30
000875,公用事业,20020926,20190723,SW2021,2021-07-30
000875,公用事业,20190724,,SW2021,2021-07-30
000876,农林牧渔,19980311,,SW2021,2021-07-30
000877,建筑材料,19990107,,SW2021,2021-07-30
000878,有色金属,19980602,,SW2021,2021-07-30
000880,汽车,19980402,,SW2021,2021-07-30
000881,综合,20020430,20190723,SW2021,2021-07-30
000881,基础化工,20190724,,SW2021,2021-07-30
000882,商贸零售,19980616,,SW2021,2021-07-30
000883,公用事业,19980519,20210729,SW2021,2021-07-30
000883,公用事业,20210730,,SW2021,2021-07-30
000885,建筑材料,19990319,20190723,SW2021,2021-07-30
000885,交通运输,20190724,20240516,SW2021,2021-07-30
000885,环保,20240517,,SW2021,2021-07-30
000886,房地产,20140102,20180615,SW2021,2021-07-30
000886,交通运输,20180619,20220728,SW2021,2021-07-30
000886,交通运输,20250811,,SW2021,2021-07-30
000887,汽车,19981203,,SW2021,2021-07-30
000888,社会服务,19971021,,SW2021,2021-07-30
000889,房地产,19971218,20070629,SW2021,2021-07-30
000889,通信,20070702,,SW2021,2021-07-30
000890,机械设备,20190724,20220728,SW2021,2021-07-30
000890,环保,20220729,,SW2021,2021-07-30
000892,综合,19981026,20171208,SW2021,2021-07-30
000892,传媒,20171211,,SW2021,2021-07-30
000893,农林牧渔,19981224,20190723,SW2021,2021-07-30
000893,基础化工,20190724,,SW2021,2021-07-30
000895,食品饮料,19981210,,SW2021,2021-07-30
000897,房地产,19990104,,SW2021,2021-07-30
000898,钢铁,19971225,,SW2021,2021-07-30
000899,公用事业,19971126,,SW2021,2021-07-30
000900,交通运输,19990128,,SW2021,2021-07-30
000901,机械设备,19990401,20210729,SW2021,2021-07-30
000901,国防军工,20210730,20220728,SW2021,2021-07-30
000901,汽车,20220729,,SW2021,2021-07-30
000902,基础化工,19990104,,SW2021,2021-07-30
000903,汽车,19990104,,SW2021,2021-07-30
000905,交通运输,19990104,20050630,SW2021,2021-07-30
000905,交通运输,20050701,,SW2021,2021-07-30
000906,综合,20030430,20110107,SW2021,2021-07-30
000906,商贸零售,20110110,20210611,SW2021,2021-07-30
000906,交通运输,20210615,,SW2021,2021-07-30
000908,机械设备,19990203,20150630,SW2021,2021-07-30
000908,医药生物,20150701,,SW2021,2021-07-30
000909,家用电器,19990104,20081231,SW2021,2021-07-30
000909,房地产,20090105,,SW2021,2021-07-30
000910,轻工制造,19990630,,SW2021,2021-07-30
000911,农林牧渔,19990104,,SW2021,2021-07-30
000912,基础化工,19990104,,SW2021,2021-07-30
000913,汽车,19990104,20210729,SW2021,2021-07-30
000913,汽车,20210730,,SW2021,2021-07-30
000915,综合,19990609,20110107,SW2021,2021-07-30
000915,医药生物,20110110,,SW2021,2021-07-30
000916,交通运输,19990927,,SW2021,2021-07-30
000917,传媒,19990325,,SW2021,2021-07-30
000918,农林牧渔,19990720,20100115,SW2021,2021-07-30
000918,房地产,20100118,,SW2021,2021-07-30
000919,医药生物,19991115,20131230,SW2021,2021-07-30
000919,医药生物,20220729,,SW2021,2021-07-30
000920,机械设备,19990616,20150601,SW2021,2021-07-30
000920,环保,20150602,20220728,SW2021,2021-07-30
000920,基础化工,20220729,,SW2021,2021-07-30
000921,家用电器,19990713,,SW2021,2021-07-30
000922,电力设备,19990618,,SW2021,2021-07-30
000923,钢铁,19990714,,SW2021,2021-07-30
000925,电子,19990611,20111229,SW2021,2021-07-30
000925,机械设备,20111230,,SW2021,2021-07-30
000926,房地产,19990618,,SW2021,2021-07-30
000927,汽车,19990727,20220324,SW2021,2021-07-30
000927,机械设备,20220325,,SW2021,2021-07-30
000928,有色金属,19990312,20110107,SW2021,2021-07-30
000928,基础化工,20110110,20150630,SW2021,2021-07-30
000928,建筑装饰,20150701,,SW2021,2021-07-30
000929,食品饮料,19990623,,SW2021,2021-07-30
000930,农林牧渔,19990712,20110107,SW2021,2021-07-30
000930,农林牧渔,20110110,,SW2021,2021-07-30
000931,房地产,19990712,20170628,SW2021,2021-07-30
000931,综合,20170629,20190723,SW2021,2021-07-30
000931,医药生物,20190724,,SW2021,2021-07-30
000932,钢铁,19990803,,SW2021,2021-07-30
000933,综合,19990831,20180615,SW2021,2021-07-30
000933,有色金属,20180619,,SW2021,2021-07-30
000935,建筑材料,19990824,20230703,SW2021,2021-07-30
000935,非银金融,20230704,,SW2021,2021-07-30
000936,基础化工,19990810,,SW2021,2021-07-30
000937,煤炭,19990909,,SW2021,2021-07-30
000938,计算机,19991104,,SW2021,2021-07-30
000939,农林牧渔,19990923,20170519,SW2021,2021-07-30
000939,公用事业,20170522,,SW2021,2021-07-30
000948,计算机,19991014,,SW2021,2021-07-30
000949,基础化工,20210730,20240729,SW2021,2021-07-30
000949,基础化工,20240730,,SW2021,2021-07-30
000950,基础化工,20070702,20190723,SW2021,2021-07-30
000950,医药生物,20190724,,SW2021,2021-07-30
000951,汽车,19991125,,SW2021,2021-07-30
000952,医药生物,19991112,,SW2021,2021-07-30
000953,基础化工,19991202,20220728,SW2021,2021-07-30
000953,医药生物,20220729,,SW2021,2021-07-30
000955,纺织服饰,19991209,20110107,SW2021,2021-07-30
000955,纺织服饰,20110110,,SW2021,2021-07-30
000956,石油石化,19991110,,SW2021,2021-07-30
000957,汽车,20000113,,SW2021,2021-07-30
000958,公用事业,20170629,20201126,SW2021,2021-07-30
000958,非银金融,20220729,,SW2021,2021-07-30
000959,钢铁,19991216,,SW2021,2021-07-30
000960,有色金属,20000221,,SW2021,2021-07-30
000961,钢铁,20000225,20071228,SW2021,2021-07-30
000961,房地产,20080102,,SW2021,2021-07-30
000962,有色金属,20000120,20210729,SW2021,2021-07-30
000962,有色金属,20210730,,SW2021,2021-07-30
000963,医药生物,20000127,,SW2021,2021-07-30
000965,房地产,20000406,,SW2021,2021-07-30
000966,公用事业,20000224,,SW2021,2021-07-30
000967,环保,20000328,,SW2021,2021-07-30
000968,石油石化,20000622,,SW2021,2021-07-30
000969,有色金属,20080602,20110107,SW2021,2021-07-30
000969,有色金属,20110110,,SW2021,2021-07-30
000970,有色金属,20080602,20090527,SW2021,2021-07-30
000970,电子,20090601,20091231,SW2021,2021-07-30
000970,有色金属,20100104,,SW2021,2021-07-30
000971,纺织服饰,20000424,20170525,SW2021,2021-07-30
000971,通信,20170526,,SW2021,2021-07-30
000972,农林牧渔,20000512,,SW2021,2021-07-30
000973,基础化工,20000424,20210729,SW2021,2021-07-30
000973,基础化工,20210730,,SW2021,2021-07-30
000975,房地产,20090601,20110930,SW2021,2021-07-30
000975,社会服务,20111010,20120928,SW2021,2021-07-30
000975,综合,20121008,20130628,SW2021,2021-07-30
000975,有色金属,20140701,20190723,SW2021,2021-07-30
000975,有色金属,20190724,,SW2021,2021-07-30
000976,基础化工,20000426,20170628,SW2021,2021-07-30
000976,机械设备,20170629,,SW2021,2021-07-30
000977,计算机,20000608,,SW2021,2021-07-30
000978,社会服务,20000426,,SW2021,2021-07-30
000979,房地产,20000616,,SW2021,2021-07-30
000980,汽车,20000616,,SW2021,2021-07-30
000981,房地产,20000622,20220728,SW2021,2021-07-30
000981,汽车,20220729,,SW2021,2021-07-30
000982,纺织服饰,20000706,20230703,SW2021,2021-07-30
000982,电力设备,20230704,,SW2021,2021-07-30
000983,煤炭,20000726,,SW2021,2021-07-30
000985,基础化工,20000726,20210729,SW2021,2021-07-30
000985,石油石化,20210730,,SW2021,2021-07-30
000987,商贸零售,20000718,20170628,SW2021,2021-07-30
000987,非银金融,20170629,20210729,SW2021,2021-07-30
000987,非银金融,20210730,,SW2021,2021-07-30
000988,电子,20000608,20210729,SW2021,2021-07-30
000988,机械设备,20210730,,SW2021,2021-07-30
000989,医药生物,20000628,,SW2021,2021-07-30
000990,医药生物,20000706,20170628,SW2021,2021-07-30
000990,基础化工,20170629,20210729,SW2021,2021-07-30
000990,基础化工,20210730,,SW2021,2021-07-30
000991,电子,20160823,,SW2021,2021-07-30
000993,公用事业,20000731,,SW2021,2021-07-30
000995,食品饮料,20000807,,SW2021,2021-07-30
000996,汽车,20000718,,SW2021,2021-07-30
000997,计算机,20000801,,SW2021,2021-07-30
000998,农林牧渔,20000629,,SW2021,2021-07-30
000999,医药生物,20000309,,SW2021,2021-07-30
001201,农林牧渔,20210415,,SW2021,2021-07-30
001202,交通运输,20210415,,SW2021,2021-07-30
001203,钢铁,20210421,,SW2021,2021-07-30
001205,交通运输,20210426,,SW2021,2021-07-30
001206,美容护理,20210510,,SW2021,2021-07-30
001207,基础化工,20210607,,SW2021,2021-07-30
001208,电力设备,20210607,,SW2021,2021-07-30
001209,纺织服饰,20210609,,SW2021,2021-07-30
001210,公用事业,20210622,,SW2021,2021-07-30
001211,轻工制造,20210727,,SW2021,2021-07-30
001212,建筑材料,20210723,,SW2021,2021-07-30
001213,交通运输,20210820,,SW2021,2021-07-30
001215,食品饮料,20210820,,SW2021,2021-07-30
001216,轻工制造,20210903,,SW2021,2021-07-30
001217,基础化工,20210913,,SW2021,2021-07-30
001218,基础化工,20210917,,SW2021,2021-07-30
001219,食品饮料,20210924,,SW2021,2021-07-30
001220,交通运输,20260116,,SW2021,2021-07-30
001221,轻工制造,20250711,,SW2021,2021-07-30
001222,轻工制造,20220801,,SW2021,2021-07-30
001223,机械设备,20221125,,SW2021,2021-07-30
001225,机械设备,20230213,,SW2021,2021-07-30
001226,机械设备,20220520,,SW2021,2021-07-30
001227,银行,20211210,,SW2021,2021-07-30
001228,交通运输,20220415,,SW2021,2021-07-30
001229,计算机,20220725,,SW2021,2021-07-30
001230,环保,20220701,,SW2021,2021-07-30
001231,基础化工,20220715,,SW2021,2021-07-30
001233,汽车,20251107,,SW2021,2021-07-30
001234,纺织服饰,20211203,20240729,SW2021,2021-07-30
001234,纺织服饰,20240730,,SW2021,2021-07-30
001235,电力设备,20220429,,SW2021,2021-07-30
001236,非银金融,20220701,,SW2021,2021-07-30
001237,机械设备,20260430,,SW2021,2021-07-30
001238,轻工制造,20220902,,SW2021,2021-07-30
001239,机械设备,20231201,,SW2021,2021-07-30
001255,基础化工,20220826,,SW2021,2021-07-30
001256,机械设备,20221121,,SW2021,2021-07-30
001257,有色金属,20260323,,SW2021,2021-07-30
001258,公用事业,20220708,,SW2021,2021-07-30
001259,家用电器,20220819,,SW2021,2021-07-30
001260,汽车,20230213,,SW2021,2021-07-30
001266,机械设备,20220211,,SW2021,2021-07-30
001267,建筑装饰,20211117,,SW2021,2021-07-30
001268,家用电器,20220617,,SW2021,2021-07-30
001269,电力设备,20220826,,SW2021,2021-07-30
001270,国防军工,20220520,,SW2021,2021-07-30
001277,机械设备,20240830,,SW2021,2021-07-30
001278,汽车,20230213,,SW2021,2021-07-30
001279,轻工制造,20240913,,SW2021,2021-07-30
001280,有色金属,20251114,,SW2021,2021-07-30
001282,汽车,20230504,,SW2021,2021-07-30
001283,电力设备,20220826,,SW2021,2021-07-30
001285,汽车,20250912,,SW2021,2021-07-30
001286,煤炭,20230327,20230428,SW2021,2021-07-30
001286,公用事业,20230504,,SW2021,2021-07-30
001287,电子,20230327,,SW2021,2021-07-30
001288,机械设备,20211015,,SW2021,2021-07-30
001289,公用事业,20220218,,SW2021,2021-07-30
001296,基础化工,20211119,,SW2021,2021-07-30
001298,电子,20220916,,SW2021,2021-07-30
001299,公用事业,20220923,,SW2021,2021-07-30
001300,轻工制造,20220923,,SW2021,2021-07-30
001301,电力设备,20221121,,SW2021,2021-07-30
001306,机械设备,20231027,,SW2021,2021-07-30
001308,电子,20220304,,SW2021,2021-07-30
001309,计算机,20220624,20240729,SW2021,2021-07-30
001309,电子,20240730,,SW2021,2021-07-30
001311,汽车,20230213,,SW2021,2021-07-30
001312,纺织服饰,20260403,,SW2021,2021-07-30
001313,农林牧渔,20220121,,SW2021,2021-07-30
001314,电子,20230120,,SW2021,2021-07-30
001316,石油石化,20220617,,SW2021,2021-07-30
001317,交通运输,20211022,,SW2021,2021-07-30
001318,食品饮料,20220429,,SW2021,2021-07-30
001319,机械设备,20220422,20221201,SW2021,2021-07-30
001319,汽车,20221202,,SW2021,2021-07-30
001322,轻工制造,20220909,,SW2021,2021-07-30
001323,纺织服饰,20220610,20220804,SW2021,2021-07-30
001323,轻工制造,20220805,,SW2021,2021-07-30
001324,机械设备,20230504,,SW2021,2021-07-30
001325,基础化工,20251212,,SW2021,2021-07-30
001326,家用电器,20231027,,SW2021,2021-07-30
001328,美容护理,20230327,,SW2021,2021-07-30
001330,传媒,20220805,,SW2021,2021-07-30
001331,公用事业,20220805,,SW2021,2021-07-30
001332,机械设备,20220909,,SW2021,2021-07-30
001333,基础化工,20221028,,SW2021,2021-07-30
001335,基础化工,20250321,,SW2021,2021-07-30
001336,环保,20220708,,SW2021,2021-07-30
001337,有色金属,20230224,,SW2021,2021-07-30
001338,农林牧渔,20221028,,SW2021,2021-07-30
001339,计算机,20220805,,SW2021,2021-07-30
001356,轻工制造,20250103,,SW2021,2021-07-30
001358,基础化工,20231201,,SW2021,2021-07-30
001359,基础化工,20240318,,SW2021,2021-07-30
001360,机械设备,20230327,,SW2021,2021-07-30
001365,汽车,20260430,,SW2021,2021-07-30
001366,农林牧渔,20230224,,SW2021,2021-07-30
001367,医药生物,20230327,,SW2021,2021-07-30
001368,轻工制造,20230224,,SW2021,2021-07-30
001369,基础化工,20251212,,SW2021,2021-07-30
001373,电子,20230526,,SW2021,2021-07-30
001376,公用事业,20231027,,SW2021,2021-07-30
001378,基础化工,20231013,,SW2021,2021-07-30
001379,机械设备,20231229,,SW2021,2021-07-30
001380,汽车,20230504,,SW2021,2021-07-30
001382,电力设备,20250228,,SW2021,2021-07-30
001386,轻工制造,20250926,,SW2021,2021-07-30
001387,家用电器,20231222,,SW2021,2021-07-30
001388,电力设备,20250620,,SW2021,2021-07-30
001389,电子,20240318,,SW2021,2021-07-30
001390,纺织服饰,20250509,,SW2021,2021-07-30
001391,交通运输,20241220,20250102,SW2021,2021-07-30
001391,交通运输,20250103,,SW2021,2021-07-30
001393,电力设备,20260430,,SW2021,2021-07-30
001395,机械设备,20250110,,SW2021,2021-07-30
001396,建筑装饰,20251212,,SW2021,2021-07-30
001399,电子,20260605,,SW2021,2021-07-30
001400,机械设备,20250418,,SW2021,2021-07-30
001696,汽车,19970306,20140630,SW2021,2021-07-30
001696,机械设备,20140701,,SW2021,2021-07-30
001872,交通运输,19930505,,SW2021,2021-07-30
001896,公用事业,19980122,,SW2021,2021-07-30
001914,房地产,19940928,20210729,SW2021,2021-07-30
001914,房地产,20210730,,SW2021,2021-07-30
001965,交通运输,20171221,,SW2021,2021-07-30
001979,房地产,20151230,20210729,SW2021,2021-07-30
001979,房地产,20210730,,SW2021,2021-07-30
002001,医药生物,20040618,20240729,SW2021,2021-07-30
002001,食品饮料,20240730,20240806,SW2021,2021-07-30
002001,基础化工,20240807,,SW2021,2021-07-30
002002,基础化工,20040618,20170628,SW2021,2021-07-30
002002,基础化工,20170629,,SW2021,2021-07-30
002003,纺织服饰,20040622,,SW2021,2021-07-30
002004,医药生物,20040621,20111230,SW2021,2021-07-30
002004,基础化工,20120104,20210729,SW2021,2021-07-30
002004,医药生物,20210730,,SW2021,2021-07-30
002005,电子,20040621,20210729,SW2021,2021-07-30
002005,家用电器,20210730,,SW2021,2021-07-30
002006,机械设备,20040618,20170628,SW2021,2021-07-30
002006,机械设备,20170629,,SW2021,2021-07-30
002007,医药生物,20040621,20220728,SW2021,2021-07-30
002007,医药生物,20220729,,SW2021,2021-07-30
002008,电子,20040622,20210729,SW2021,2021-07-30
002008,机械设备,20210730,,SW2021,2021-07-30
002009,机械设备,20040624,,SW2021,2021-07-30
002010,基础化工,20080102,20180419,SW2021,2021-07-30
002010,交通运输,20180420,,SW2021,2021-07-30
002011,家用电器,20040629,20110107,SW2021,2021-07-30
002011,家用电器,20110110,,SW2021,2021-07-30
002012,轻工制造,20040702,,SW2021,2021-07-30
002013,国防军工,20040630,,SW2021,2021-07-30
002014,轻工制造,20040707,,SW2021,2021-07-30
002015,基础化工,20040707,20200721,SW2021,2021-07-30
002015,公用事业,20200722,,SW2021,2021-07-30
002016,房地产,20040708,,SW2021,2021-07-30
002017,电子,20040712,20050831,SW2021,2021-07-30
002017,通信,20050901,,SW2021,2021-07-30
002018,基础化工,20140102,20170628,SW2021,2021-07-30
002018,综合,20170629,,SW2021,2021-07-30
002019,医药生物,20040712,20210729,SW2021,2021-07-30
002019,医药生物,20210730,,SW2021,2021-07-30
002020,医药生物,20040714,20190723,SW2021,2021-07-30
002020,医药生物,20190724,,SW2021,2021-07-30
002021,机械设备,20040714,,SW2021,2021-07-30
002022,医药生物,20040719,,SW2021,2021-07-30
002023,国防军工,20040719,,SW2021,2021-07-30
002024,商贸零售,20040716,20210729,SW2021,2021-07-30
002024,商贸零售,20210730,,SW2021,2021-07-30
002025,电子,20040723,20110107,SW2021,2021-07-30
002025,国防军工,20110110,20210729,SW2021,2021-07-30
002025,国防军工,20210730,,SW2021,2021-07-30
002026,机械设备,20040726,,SW2021,2021-07-30
002027,传媒,20040803,,SW2021,2021-07-30
002028,电力设备,20040802,20190723,SW2021,2021-07-30
002028,电力设备,20190724,,SW2021,2021-07-30
002029,纺织服饰,20040805,,SW2021,2021-07-30
002030,医药生物,20040806,,SW2021,2021-07-30
002031,机械设备,20040816,20170628,SW2021,2021-07-30
002031,机械设备,20170629,,SW2021,2021-07-30
002032,家用电器,20040816,,SW2021,2021-07-30
002033,社会服务,20140102,20210729,SW2021,2021-07-30
002033,社会服务,20210730,,SW2021,2021-07-30
002034,纺织服饰,20040825,20190723,SW2021,2021-07-30
002034,环保,20190724,,SW2021,2021-07-30
002035,家用电器,20040827,,SW2021,2021-07-30
002036,纺织服饰,20040901,20110930,SW2021,2021-07-30
002036,电子,20111010,20210729,SW2021,2021-07-30
002036,电子,20210730,,SW2021,2021-07-30
002037,基础化工,20040907,,SW2021,2021-07-30
002038,医药生物,20040907,20240729,SW2021,2021-07-30
002038,医药生物,20240730,,SW2021,2021-07-30
002039,公用事业,20050302,,SW2021,2021-07-30
002040,交通运输,20050223,,SW2021,2021-07-30
002041,农林牧渔,20050324,,SW2021,2021-07-30
002042,纺织服饰,20050330,,SW2021,2021-07-30
002043,建筑材料,20050406,,SW2021,2021-07-30
002044,医药生物,20050411,,SW2021,2021-07-30
002045,电子,20050421,20110107,SW2021,2021-07-30
002045,电子,20110110,,SW2021,2021-07-30
002046,机械设备,20050426,20220728,SW2021,2021-07-30
002046,机械设备,20220729,,SW2021,2021-07-30
002047,建筑装饰,20050530,,SW2021,2021-07-30
002048,汽车,20050601,,SW2021,2021-07-30
002049,电子,20050530,,SW2021,2021-07-30
002050,家用电器,20050525,20111229,SW2021,2021-07-30
002050,家用电器,20111230,,SW2021,2021-07-30
002051,建筑装饰,20060616,,SW2021,2021-07-30
002052,家用电器,20060206,,SW2021,2021-07-30
002053,基础化工,20180713,20241205,SW2021,2021-07-30
002053,公用事业,20241206,,SW2021,2021-07-30
002054,基础化工,20060725,20071228,SW2021,2021-07-30
002054,基础化工,20080102,,SW2021,2021-07-30
002055,家用电器,20060712,20070629,SW2021,2021-07-30
002055,电子,20070702,20110107,SW2021,2021-07-30
002055,电子,20110110,,SW2021,2021-07-30
002056,电子,20090105,20190723,SW2021,2021-07-30
002056,有色金属,20190724,20230703,SW2021,2021-07-30
002056,电力设备,20230704,,SW2021,2021-07-30
002057,有色金属,20080102,20230703,SW2021,2021-07-30
002057,社会服务,20230704,,SW2021,2021-07-30
002058,电力设备,20060712,20220728,SW2021,2021-07-30
002058,机械设备,20220729,,SW2021,2021-07-30
002059,房地产,20100601,20121231,SW2021,2021-07-30
002059,社会服务,20130104,20210729,SW2021,2021-07-30
002059,社会服务,20210730,,SW2021,2021-07-30
002060,建筑装饰,20060810,20220728,SW2021,2021-07-30
002060,公用事业,20220729,,SW2021,2021-07-30
002061,基础化工,20111010,20180712,SW2021,2021-07-30
002061,建筑装饰,20180713,,SW2021,2021-07-30
002062,建筑装饰,20060808,,SW2021,2021-07-30
002063,计算机,20060823,,SW2021,2021-07-30
002064,基础化工,20070702,20071228,SW2021,2021-07-30
002064,基础化工,20080102,,SW2021,2021-07-30
002065,计算机,20060808,,SW2021,2021-07-30
002066,建筑材料,20060823,,SW2021,2021-07-30
002067,轻工制造,20060915,,SW2021,2021-07-30
002068,基础化工,20060915,,SW2021,2021-07-30
002069,农林牧渔,20060919,,SW2021,2021-07-30
002070,纺织服饰,20060919,20170628,SW2021,2021-07-30
002070,有色金属,20170629,,SW2021,2021-07-30
002071,传媒,20060919,,SW2021,2021-07-30
002072,纺织服饰,20060919,20170628,SW2021,2021-07-30
002072,计算机,20170629,20210729,SW2021,2021-07-30
002072,综合,20210730,20230703,SW2021,2021-07-30
002072,商贸零售,20230704,,SW2021,2021-07-30
002073,机械设备,20061018,,SW2021,2021-07-30
002074,电力设备,20061018,,SW2021,2021-07-30
002075,钢铁,20061025,,SW2021,2021-07-30
002076,电子,20170526,20210729,SW2021,2021-07-30
002076,家用电器,20210730,,SW2021,2021-07-30
002077,房地产,20061116,20150630,SW2021,2021-07-30
002077,电子,20150701,,SW2021,2021-07-30
002078,轻工制造,20061026,,SW2021,2021-07-30
002079,电子,20061026,20240729,SW2021,2021-07-30
002079,电力设备,20240730,,SW2021,2021-07-30
002080,建筑材料,20061120,,SW2021,2021-07-30
002081,建筑装饰,20061120,,SW2021,2021-07-30
002082,建筑材料,20061120,20210729,SW2021,2021-07-30
002082,有色金属,20210730,20220728,SW2021,2021-07-30
002082,医药生物,20220729,,SW2021,2021-07-30
002083,纺织服饰,20061121,,SW2021,2021-07-30
002084,轻工制造,20061121,,SW2021,2021-07-30
002085,汽车,20061127,,SW2021,2021-07-30
002086,农林牧渔,20061127,20220728,SW2021,2021-07-30
002086,医药生物,20220729,,SW2021,2021-07-30
002087,纺织服饰,20061129,,SW2021,2021-07-30
002088,建筑材料,20061129,,SW2021,2021-07-30
002089,通信,20061129,,SW2021,2021-07-30
002090,电力设备,20061207,,SW2021,2021-07-30
002091,社会服务,20061207,20070629,SW2021,2021-07-30
002091,商贸零售,20070702,,SW2021,2021-07-30
002092,基础化工,20061207,,SW2021,2021-07-30
002093,通信,20061214,20240729,SW2021,2021-07-30
002093,社会服务,20240730,,SW2021,2021-07-30
002094,商贸零售,20061214,20180712,SW2021,2021-07-30
002094,美容护理,20180713,,SW2021,2021-07-30
002095,传媒,20061214,,SW2021,2021-07-30
002096,基础化工,20061220,,SW2021,2021-07-30
002097,机械设备,20061220,,SW2021,2021-07-30
002098,纺织服饰,20061220,,SW2021,2021-07-30
002099,医药生物,20061226,,SW2021,2021-07-30
002100,农林牧渔,20061226,20150630,SW2021,2021-07-30
002100,农林牧渔,20150701,,SW2021,2021-07-30
002101,汽车,20061228,,SW2021,2021-07-30
002102,商贸零售,20061228,20140630,SW2021,2021-07-30
002102,医药生物,20140701,,SW2021,2021-07-30
002103,传媒,20070108,20220728,SW2021,2021-07-30
002103,轻工制造,20220729,,SW2021,2021-07-30
002104,电子,20070108,20080530,SW2021,2021-07-30
002104,通信,20080602,,SW2021,2021-07-30
002105,汽车,20070112,,SW2021,2021-07-30
002106,电子,20070112,,SW2021,2021-07-30
002107,医药生物,20070124,,SW2021,2021-07-30
002108,基础化工,20070124,,SW2021,2021-07-30
002109,基础化工,20180713,20210729,SW2021,2021-07-30
002109,基础化工,20210730,,SW2021,2021-07-30
002110,钢铁,20070125,,SW2021,2021-07-30
002111,机械设备,20070125,20230703,SW2021,2021-07-30
002111,国防军工,20230704,,SW2021,2021-07-30
002112,电力设备,20070207,,SW2021,2021-07-30
002113,基础化工,20070206,20121231,SW2021,2021-07-30
002113,综合,20130104,20170628,SW2021,2021-07-30
002113,传媒,20170629,,SW2021,2021-07-30
002114,有色金属,20070214,,SW2021,2021-07-30
002115,通信,20070214,,SW2021,2021-07-30
002116,建筑装饰,20070214,,SW2021,2021-07-30
002117,轻工制造,20070301,,SW2021,2021-07-30
002118,医药生物,20070301,,SW2021,2021-07-30
002119,电子,20070302,,SW2021,2021-07-30
002120,交通运输,20070306,,SW2021,2021-07-30
002121,电力设备,20070306,,SW2021,2021-07-30
002122,机械设备,20070328,20220728,SW2021,2021-07-30
002122,机械设备,20220729,,SW2021,2021-07-30
002123,通信,20070328,,SW2021,2021-07-30
002124,农林牧渔,20070402,,SW2021,2021-07-30
002125,基础化工,20070402,20220728,SW2021,2021-07-30
002125,电力设备,20220729,,SW2021,2021-07-30
002126,汽车,20070418,,SW2021,2021-07-30
002127,基础化工,20070418,20170628,SW2021,2021-07-30
002127,商贸零售,20170629,20210729,SW2021,2021-07-30
002127,商贸零售,20210730,,SW2021,2021-07-30
002128,煤炭,20070418,,SW2021,2021-07-30
002129,电子,20070418,20170628,SW2021,2021-07-30
002129,电力设备,20170629,,SW2021,2021-07-30
002130,基础化工,20070418,20210729,SW2021,2021-07-30
002130,电子,20210730,,SW2021,2021-07-30
002131,综合,20150701,20151030,SW2021,2021-07-30
002131,机械设备,20151102,20171208,SW2021,2021-07-30
002131,传媒,20171211,20230703,SW2021,2021-07-30
002131,机械设备,20230704,,SW2021,2021-07-30
002132,机械设备,20070427,,SW2021,2021-07-30
002133,房地产,20070427,,SW2021,2021-07-30
002134,电子,20070515,,SW2021,2021-07-30
002135,建筑装饰,20070528,,SW2021,2021-07-30
002136,有色金属,20070528,20071228,SW2021,2021-07-30
002136,基础化工,20080102,20210729,SW2021,2021-07-30
002136,基础化工,20210730,,SW2021,2021-07-30
002137,传媒,20070612,20220728,SW2021,2021-07-30
002137,电子,20220729,,SW2021,2021-07-30
002138,家用电器,20070612,20080530,SW2021,2021-07-30
002138,电子,20080602,,SW2021,2021-07-30
002139,电子,20070628,20110107,SW2021,2021-07-30
002139,电子,20110110,,SW2021,2021-07-30
002140,建筑装饰,20070711,,SW2021,2021-07-30
002141,电子,20070719,20240729,SW2021,2021-07-30
002141,农林牧渔,20240730,,SW2021,2021-07-30
002142,银行,20070718,,SW2021,2021-07-30
002143,传媒,20070718,,SW2021,2021-07-30
002144,纺织服饰,20070801,20110107,SW2021,2021-07-30
002144,纺织服饰,20110110,,SW2021,2021-07-30
002145,基础化工,20110110,20210729,SW2021,2021-07-30
002145,基础化工,20210730,,SW2021,2021-07-30
002146,房地产,20070807,,SW2021,2021-07-30
002147,房地产,20070807,20210729,SW2021,2021-07-30
002147,机械设备,20210730,,SW2021,2021-07-30
002148,通信,20070809,20220728,SW2021,2021-07-30
002148,房地产,20220729,20220804,SW2021,2021-07-30
002148,通信,20220805,,SW2021,2021-07-30
002149,有色金属,20070809,20190723,SW2021,2021-07-30
002149,有色金属,20190724,,SW2021,2021-07-30
002150,机械设备,20070809,,SW2021,2021-07-30
002151,国防军工,20070809,20210729,SW2021,2021-07-30
002151,国防军工,20210730,,SW2021,2021-07-30
002152,计算机,20070810,,SW2021,2021-07-30
002153,计算机,20070810,,SW2021,2021-07-30
002154,纺织服饰,20070815,,SW2021,2021-07-30
002155,有色金属,20070815,,SW2021,2021-07-30
002156,电子,20070815,,SW2021,2021-07-30
002157,农林牧渔,20070816,,SW2021,2021-07-30
002158,机械设备,20070816,,SW2021,2021-07-30
002159,社会服务,20070816,20210729,SW2021,2021-07-30
002159,社会服务,20210730,,SW2021,2021-07-30
002160,有色金属,20070820,,SW2021,2021-07-30
002161,电子,20070820,,SW2021,2021-07-30
002162,建筑材料,20070821,20210729,SW2021,2021-07-30
002162,轻工制造,20210730,,SW2021,2021-07-30
002163,建筑材料,20210730,20220728,SW2021,2021-07-30
002163,建筑装饰,20220729,,SW2021,2021-07-30
002164,机械设备,20070822,,SW2021,2021-07-30
002165,基础化工,20070822,,SW2021,2021-07-30
002166,医药生物,20180713,20220728,SW2021,2021-07-30
002166,基础化工,20220729,,SW2021,2021-07-30
002167,有色金属,20070912,,SW2021,2021-07-30
002168,传媒,20070918,20230703,SW2021,2021-07-30
002168,电力设备,20230704,,SW2021,2021-07-30
002169,电力设备,20070918,,SW2021,2021-07-30
002170,基础化工,20070918,20110107,SW2021,2021-07-30
002170,基础化工,20110110,,SW2021,2021-07-30
002171,有色金属,20070920,,SW2021,2021-07-30
002172,基础化工,20070920,20220728,SW2021,2021-07-30
002172,医药生物,20220729,,SW2021,2021-07-30
002173,农林牧渔,20070918,20180712,SW2021,2021-07-30
002173,医药生物,20180713,,SW2021,2021-07-30
002174,传媒,20070924,,SW2021,2021-07-30
002175,机械设备,20071011,20210729,SW2021,2021-07-30
002175,综合,20210730,20220728,SW2021,2021-07-30
002175,机械设备,20220729,,SW2021,2021-07-30
002176,电力设备,20071010,20220728,SW2021,2021-07-30
002176,有色金属,20220729,20240729,SW2021,2021-07-30
002176,电力设备,20240730,,SW2021,2021-07-30
002177,计算机,20071031,,SW2021,2021-07-30
002178,建筑装饰,20071031,20210729,SW2021,2021-07-30
002178,计算机,20210730,,SW2021,2021-07-30
002179,电子,20071031,20110107,SW2021,2021-07-30
002179,国防军工,20110110,20210729,SW2021,2021-07-30
002179,国防军工,20210730,,SW2021,2021-07-30
002180,电力设备,20071112,20150630,SW2021,2021-07-30
002180,电子,20150701,20230316,SW2021,2021-07-30
002180,计算机,20230317,,SW2021,2021-07-30
002181,传媒,20071115,,SW2021,2021-07-30
002182,有色金属,20071112,20210729,SW2021,2021-07-30
002182,有色金属,20210730,,SW2021,2021-07-30
002183,交通运输,20071112,20240729,SW2021,2021-07-30
002183,商贸零售,20240730,,SW2021,2021-07-30
002184,机械设备,20071115,,SW2021,2021-07-30
002185,电子,20071119,,SW2021,2021-07-30
002186,社会服务,20071119,,SW2021,2021-07-30
002187,商贸零售,20071120,,SW2021,2021-07-30
002188,电子,20071120,20110107,SW2021,2021-07-30
002188,传媒,20110110,20220728,SW2021,2021-07-30
002188,房地产,20220729,,SW2021,2021-07-30
002189,电子,20110110,20210729,SW2021,2021-07-30
002189,国防军工,20210730,,SW2021,2021-07-30
002190,国防军工,20071203,20220728,SW2021,2021-07-30
002190,汽车,20220729,,SW2021,2021-07-30
002191,轻工制造,20071204,,SW2021,2021-07-30
002192,机械设备,20071204,20210729,SW2021,2021-07-30
002192,电力设备,20210730,20220331,SW2021,2021-07-30
002192,有色金属,20220401,,SW2021,2021-07-30
002193,纺织服饰,20071206,20240729,SW2021,2021-07-30
002193,纺织服饰,20240730,,SW2021,2021-07-30
002194,通信,20071206,,SW2021,2021-07-30
002195,计算机,20071211,,SW2021,2021-07-30
002196,电力设备,20071211,,SW2021,2021-07-30
002197,计算机,20071217,,SW2021,2021-07-30
002198,医药生物,20071217,,SW2021,2021-07-30
002199,电子,20071220,,SW2021,2021-07-30
002200,农林牧渔,20071220,20130628,SW2021,2021-07-30
002200,建筑装饰,20130701,,SW2021,2021-07-30
002201,建筑材料,20071225,,SW2021,2021-07-30
002202,电力设备,20071225,,SW2021,2021-07-30
002203,有色金属,20080116,,SW2021,2021-07-30
002204,机械设备,20080116,,SW2021,2021-07-30
002205,环保,20190724,20220728,SW2021,2021-07-30
002205,建筑材料,20220729,20230703,SW2021,2021-07-30
002205,建筑材料,20230704,,SW2021,2021-07-30
002206,基础化工,20080102,,SW2021,2021-07-30
002207,石油石化,20080125,,SW2021,2021-07-30
002208,房地产,20080102,,SW2021,2021-07-30
002209,机械设备,20080129,,SW2021,2021-07-30
002210,交通运输,20080102,20220728,SW2021,2021-07-30
002210,环保,20220729,,SW2021,2021-07-30
002211,基础化工,20080131,20210729,SW2021,2021-07-30
002211,基础化工,20210730,,SW2021,2021-07-30
002212,计算机,20080131,20210729,SW2021,2021-07-30
002212,计算机,20210730,,SW2021,2021-07-30
002213,汽车,20080131,20220728,SW2021,2021-07-30
002213,综合,20220729,20230703,SW2021,2021-07-30
002213,电子,20230704,,SW2021,2021-07-30
002214,电子,20080102,20210729,SW2021,2021-07-30
002214,国防军工,20210730,,SW2021,2021-07-30
002215,基础化工,20080102,20250508,SW2021,2021-07-30
002215,农林牧渔,20250509,,SW2021,2021-07-30
002216,食品饮料,20080219,20210729,SW2021,2021-07-30
002216,食品饮料,20210730,,SW2021,2021-07-30
002217,电子,20150701,20151023,SW2021,2021-07-30
002217,基础化工,20151026,20151030,SW2021,2021-07-30
002217,电子,20151102,,SW2021,2021-07-30
002218,电力设备,20080226,20240729,SW2021,2021-07-30
002218,公用事业,20240730,,SW2021,2021-07-30
002219,医药生物,20131231,20151030,SW2021,2021-07-30
002219,医药生物,20151102,,SW2021,2021-07-30
002220,农林牧渔,20080226,20090527,SW2021,2021-07-30
002220,农林牧渔,20090601,,SW2021,2021-07-30
002221,石油石化,20080102,,SW2021,2021-07-30
002222,电子,20100601,20210729,SW2021,2021-07-30
002222,电子,20210730,,SW2021,2021-07-30
002223,医药生物,20080102,,SW2021,2021-07-30
002224,基础化工,20080102,20080403,SW2021,2021-07-30
002224,基础化工,20080407,,SW2021,2021-07-30
002225,建筑材料,20080407,,SW2021,2021-07-30
002226,基础化工,20080102,20080411,SW2021,2021-07-30
002226,基础化工,20080414,,SW2021,2021-07-30
002227,电力设备,20080414,20220728,SW2021,2021-07-30
002227,电力设备,20220729,,SW2021,2021-07-30
002228,轻工制造,20080102,,SW2021,2021-07-30
002229,轻工制造,20080102,,SW2021,2021-07-30
002230,计算机,20080417,,SW2021,2021-07-30
002231,国防军工,20080417,20210729,SW2021,2021-07-30
002231,通信,20210730,20211028,SW2021,2021-07-30
002231,国防军工,20211029,,SW2021,2021-07-30
002232,计算机,20080417,,SW2021,2021-07-30
002233,建筑材料,20080424,,SW2021,2021-07-30
002234,农林牧渔,20080424,,SW2021,2021-07-30
002235,轻工制造,20080102,,SW2021,2021-07-30
002236,计算机,20080520,,SW2021,2021-07-30
002237,有色金属,20080428,,SW2021,2021-07-30
002238,传媒,20080430,,SW2021,2021-07-30
002239,汽车,20080430,,SW2021,2021-07-30
002240,有色金属,20080505,,SW2021,2021-07-30
002241,电子,20080505,,SW2021,2021-07-30
002242,家用电器,20080108,,SW2021,2021-07-30
002243,基础化工,20080508,20110107,SW2021,2021-07-30
002243,美容护理,20110110,20250808,SW2021,2021-07-30
002243,社会服务,20250811,,SW2021,2021-07-30
002244,房地产,20080108,,SW2021,2021-07-30
002245,电力设备,20080116,,SW2021,2021-07-30
002246,基础化工,20111010,20170628,SW2021,2021-07-30
002246,基础化工,20170629,,SW2021,2021-07-30
002247,传媒,20080520,20220728,SW2021,2021-07-30
002247,建筑材料,20220729,,SW2021,2021-07-30
002248,机械设备,20080526,,SW2021,2021-07-30
002249,电力设备,20080528,,SW2021,2021-07-30
002250,基础化工,20080128,,SW2021,2021-07-30
002251,商贸零售,20080619,,SW2021,2021-07-30
002252,医药生物,20080102,,SW2021,2021-07-30
002253,计算机,20080602,,SW2021,2021-07-30
002254,基础化工,20080107,20230703,SW2021,2021-07-30
002254,基础化工,20230704,,SW2021,2021-07-30
002255,电力设备,20170629,20210729,SW2021,2021-07-30
002255,电力设备,20210730,,SW2021,2021-07-30
002256,基础化工,20080605,20190723,SW2021,2021-07-30
002256,公用事业,20190724,,SW2021,2021-07-30
002257,电子,20080125,,SW2021,2021-07-30
002258,基础化工,20080118,,SW2021,2021-07-30
002259,公用事业,20080125,,SW2021,2021-07-30
002260,家用电器,20080125,,SW2021,2021-07-30
002261,社会服务,20080703,20220120,SW2021,2021-07-30
002261,计算机,20220121,,SW2021,2021-07-30
002262,医药生物,20080107,20080702,SW2021,2021-07-30
002262,医药生物,20081007,,SW2021,2021-07-30
002263,基础化工,20080710,20210729,SW2021,2021-07-30
002263,基础化工,20210730,,SW2021,2021-07-30
002264,商贸零售,20230731,20231207,SW2021,2021-07-30
002264,传媒,20231208,,SW2021,2021-07-30
002265,汽车,20080717,,SW2021,2021-07-30
002266,电力设备,20080717,20200901,SW2021,2021-07-30
002266,环保,20200902,,SW2021,2021-07-30
002267,公用事业,20080122,,SW2021,2021-07-30
002268,计算机,20080722,,SW2021,2021-07-30
002269,纺织服饰,20080813,,SW2021,2021-07-30
002270,机械设备,20080818,20170628,SW2021,2021-07-30
002270,电力设备,20170629,,SW2021,2021-07-30
002271,建筑材料,20080822,20210729,SW2021,2021-07-30
002271,建筑材料,20210730,,SW2021,2021-07-30
002272,机械设备,20080828,20220728,SW2021,2021-07-30
002272,电力设备,20220729,20230703,SW2021,2021-07-30
002272,机械设备,20230704,,SW2021,2021-07-30
002273,电子,20080919,,SW2021,2021-07-30
002274,基础化工,20110110,20220728,SW2021,2021-07-30
002274,基础化工,20220729,,SW2021,2021-07-30
002275,医药生物,20090202,,SW2021,2021-07-30
002276,电力设备,20090629,,SW2021,2021-07-30
002277,商贸零售,20090630,,SW2021,2021-07-30
002278,机械设备,20090721,,SW2021,2021-07-30
002279,计算机,20090723,,SW2021,2021-07-30
002280,计算机,20090731,20210729,SW2021,2021-07-30
002280,商贸零售,20210730,,SW2021,2021-07-30
002281,通信,20090803,,SW2021,2021-07-30
002282,机械设备,20090804,,SW2021,2021-07-30
002283,汽车,20090804,,SW2021,2021-07-30
002284,汽车,20090810,,SW2021,2021-07-30
002285,房地产,20090112,20210729,SW2021,2021-07-30
002285,房地产,20210730,,SW2021,2021-07-30
002286,农林牧渔,20090812,,SW2021,2021-07-30
002287,医药生物,20090112,,SW2021,2021-07-30
002288,电子,20090817,,SW2021,2021-07-30
002289,电子,20090119,,SW2021,2021-07-30
002290,家用电器,20090120,,SW2021,2021-07-30
002291,纺织服饰,20090818,20210729,SW2021,2021-07-30
002291,传媒,20210730,,SW2021,2021-07-30
002292,传媒,20090820,,SW2021,2021-07-30
002293,纺织服饰,20090826,,SW2021,2021-07-30
002294,医药生物,20090826,20110107,SW2021,2021-07-30
002294,医药生物,20110110,,SW2021,2021-07-30
002295,有色金属,20090908,,SW2021,2021-07-30
002296,计算机,20090908,20170628,SW2021,2021-07-30
002296,通信,20170629,,SW2021,2021-07-30
002297,有色金属,20090918,20110930,SW2021,2021-07-30
002297,国防军工,20111010,,SW2021,2021-07-30
002298,建筑装饰,20090910,20210729,SW2021,2021-07-30
002298,计算机,20210730,,SW2021,2021-07-30
002299,农林牧渔,20090922,,SW2021,2021-07-30
002300,电力设备,20090922,,SW2021,2021-07-30
002301,轻工制造,20090924,,SW2021,2021-07-30
002302,建筑材料,20091012,20210729,SW2021,2021-07-30
002302,建筑材料,20210730,,SW2021,2021-07-30
002303,轻工制造,20090112,,SW2021,2021-07-30
002304,食品饮料,20090122,,SW2021,2021-07-30
002305,房地产,20090122,20210729,SW2021,2021-07-30
002305,房地产,20210730,,SW2021,2021-07-30
002306,社会服务,20090202,20220728,SW2021,2021-07-30
002306,传媒,20220729,20230703,SW2021,2021-07-30
002306,社会服务,20230704,,SW2021,2021-07-30
002307,建筑装饰,20091027,,SW2021,2021-07-30
002308,计算机,20091109,,SW2021,2021-07-30
002309,电力设备,20091109,20220728,SW2021,2021-07-30
002309,电力设备,20220729,,SW2021,2021-07-30
002310,建筑装饰,20160525,20170525,SW2021,2021-07-30
002310,建筑装饰,20170526,,SW2021,2021-07-30
002311,农林牧渔,20090112,,SW2021,2021-07-30
002312,计算机,20091116,20210729,SW2021,2021-07-30
002312,基础化工,20210730,,SW2021,2021-07-30
002313,通信,20091116,,SW2021,2021-07-30
002314,建筑材料,20091116,20180712,SW2021,2021-07-30
002314,房地产,20180713,,SW2021,2021-07-30
002315,商贸零售,20091123,,SW2021,2021-07-30
002316,计算机,20091123,20210729,SW2021,2021-07-30
002316,非银金融,20210730,,SW2021,2021-07-30
002317,医药生物,20090123,,SW2021,2021-07-30
002318,钢铁,20090123,,SW2021,2021-07-30
002319,基础化工,20090123,,SW2021,2021-07-30
002320,交通运输,20090202,,SW2021,2021-07-30
002321,农林牧渔,20091130,,SW2021,2021-07-30
002322,电力设备,20091204,20210729,SW2021,2021-07-30
002322,计算机,20210730,,SW2021,2021-07-30
002323,建筑材料,20091204,20220630,SW2021,2021-07-30
002323,建筑装饰,20220701,,SW2021,2021-07-30
002324,基础化工,20091204,20110107,SW2021,2021-07-30
002324,基础化工,20110110,,SW2021,2021-07-30
002325,建筑装饰,20091204,,SW2021,2021-07-30
002326,基础化工,20091204,,SW2021,2021-07-30
002327,纺织服饰,20091210,,SW2021,2021-07-30
002328,汽车,20091210,,SW2021,2021-07-30
002329,食品饮料,20091216,,SW2021,2021-07-30
002330,食品饮料,20091216,,SW2021,2021-07-30
002331,计算机,20091216,,SW2021,2021-07-30
002332,医药生物,20091221,20110107,SW2021,2021-07-30
002332,医药生物,20220729,,SW2021,2021-07-30
002333,建筑材料,20091221,,SW2021,2021-07-30
002334,机械设备,20091224,,SW2021,2021-07-30
002335,电力设备,20091224,,SW2021,2021-07-30
002336,商贸零售,20091224,,SW2021,2021-07-30
002337,机械设备,20091231,,SW2021,2021-07-30
002338,机械设备,20091231,20210729,SW2021,2021-07-30
002338,国防军工,20210730,,SW2021,2021-07-30
002339,电力设备,20100104,,SW2021,2021-07-30
002340,有色金属,20100104,20210729,SW2021,2021-07-30
002340,电力设备,20210730,,SW2021,2021-07-30
002341,电子,20100105,20131230,SW2021,2021-07-30
002341,基础化工,20131231,20210729,SW2021,2021-07-30
002341,基础化工,20210730,,SW2021,2021-07-30
002342,机械设备,20100106,,SW2021,2021-07-30
002343,基础化工,20100106,20110107,SW2021,2021-07-30
002343,传媒,20110110,,SW2021,2021-07-30
002344,商贸零售,20100106,,SW2021,2021-07-30
002345,纺织服饰,20100112,,SW2021,2021-07-30
002346,建筑材料,20100112,20190723,SW2021,2021-07-30
002346,电力设备,20190724,20220728,SW2021,2021-07-30
002346,电力设备,20220729,,SW2021,2021-07-30
002347,机械设备,20100112,,SW2021,2021-07-30
002348,轻工制造,20100114,,SW2021,2021-07-30
002349,医药生物,20100114,,SW2021,2021-07-30
002350,电力设备,20100114,,SW2021,2021-07-30
002351,电子,20100118,20110107,SW2021,2021-07-30
002351,电子,20110110,,SW2021,2021-07-30
002352,机械设备,20100118,20170228,SW2021,2021-07-30
002352,交通运输,20170301,,SW2021,2021-07-30
002353,机械设备,20100118,,SW2021,2021-07-30
002354,传媒,20100121,20230703,SW2021,2021-07-30
002354,传媒,20230704,,SW2021,2021-07-30
002355,汽车,20100118,,SW2021,2021-07-30
002356,电力设备,20100121,20170628,SW2021,2021-07-30
002356,商贸零售,20170629,,SW2021,2021-07-30
002357,交通运输,20100125,,SW2021,2021-07-30
002358,电力设备,20100125,,SW2021,2021-07-30
002359,通信,20100125,,SW2021,2021-07-30
002360,基础化工,20100104,,SW2021,2021-07-30
002361,基础化工,20100104,20210729,SW2021,2021-07-30
002361,基础化工,20210730,,SW2021,2021-07-30
002362,计算机,20100203,,SW2021,2021-07-30
002363,汽车,20100208,,SW2021,2021-07-30
002364,电力设备,20100210,,SW2021,2021-07-30
002365,医药生物,20100111,,SW2021,2021-07-30
002366,机械设备,20100222,20210729,SW2021,2021-07-30
002366,电力设备,20210730,,SW2021,2021-07-30
002367,机械设备,20100222,,SW2021,2021-07-30
002368,计算机,20100222,,SW2021,2021-07-30
002369,电子,20100223,20110107,SW2021,2021-07-30
002369,电子,20110110,,SW2021,2021-07-30
002370,医药生物,20100125,,SW2021,2021-07-30
002371,电子,20100125,20210729,SW2021,2021-07-30
002371,电子,20210730,,SW2021,2021-07-30
002372,建筑材料,20100301,,SW2021,2021-07-30
002373,计算机,20100301,,SW2021,2021-07-30
002374,建筑装饰,20100104,20210729,SW2021,2021-07-30
002374,轻工制造,20210730,,SW2021,2021-07-30
002375,建筑装饰,20100305,,SW2021,2021-07-30
002376,计算机,20100305,,SW2021,2021-07-30
002377,房地产,20210730,20240729,SW2021,2021-07-30
002377,石油石化,20240730,,SW2021,2021-07-30
002378,有色金属,20100312,,SW2021,2021-07-30
002379,有色金属,20100312,,SW2021,2021-07-30
002380,计算机,20100312,,SW2021,2021-07-30
002381,基础化工,20100118,,SW2021,2021-07-30
002382,基础化工,20100118,20190118,SW2021,2021-07-30
002382,医药生物,20190121,,SW2021,2021-07-30
002383,国防军工,20100317,,SW2021,2021-07-30
002384,电子,20100322,,SW2021,2021-07-30
002385,农林牧渔,20100129,,SW2021,2021-07-30
002386,基础化工,20100122,,SW2021,2021-07-30
002387,计算机,20100125,20190723,SW2021,2021-07-30
002387,电子,20190724,,SW2021,2021-07-30
002388,电子,20100125,,SW2021,2021-07-30
002389,电子,20100323,20190723,SW2021,2021-07-30
002389,国防军工,20190724,,SW2021,2021-07-30
002390,医药生物,20100329,20131230,SW2021,2021-07-30
002390,医药生物,20131231,,SW2021,2021-07-30
002391,基础化工,20100129,,SW2021,2021-07-30
002392,建筑材料,20100407,,SW2021,2021-07-30
002393,医药生物,20100106,,SW2021,2021-07-30
002394,纺织服饰,20100106,,SW2021,2021-07-30
002395,基础化工,20100412,20210729,SW2021,2021-07-30
002395,基础化工,20210730,,SW2021,2021-07-30
002396,通信,20100412,,SW2021,2021-07-30
002397,纺织服饰,20100412,,SW2021,2021-07-30
002398,建筑材料,20100422,,SW2021,2021-07-30
002399,医药生物,20100421,20240729,SW2021,2021-07-30
002399,医药生物,20240730,,SW2021,2021-07-30
002400,传媒,20100426,,SW2021,2021-07-30
002401,计算机,20100505,,SW2021,2021-07-30
002402,电子,20100511,20240729,SW2021,2021-07-30
002402,家用电器,20240730,20250808,SW2021,2021-07-30
002402,电子,20250811,,SW2021,2021-07-30
002403,家用电器,20100111,,SW2021,2021-07-30
002404,纺织服饰,20100111,20240729,SW2021,2021-07-30
002404,纺织服饰,20240730,,SW2021,2021-07-30
002405,计算机,20100512,,SW2021,2021-07-30
002406,汽车,20100518,,SW2021,2021-07-30
002407,基础化工,20100512,20110107,SW2021,2021-07-30
002407,基础化工,20110110,,SW2021,2021-07-30
002408,基础化工,20100512,20210729,SW2021,2021-07-30
002408,石油石化,20210730,,SW2021,2021-07-30
002409,基础化工,20100112,20200605,SW2021,2021-07-30
002409,电子,20200608,,SW2021,2021-07-30
002410,计算机,20100512,,SW2021,2021-07-30
002411,基础化工,20100112,20160413,SW2021,2021-07-30
002411,医药生物,20210730,20230703,SW2021,2021-07-30
002411,电力设备,20230704,,SW2021,2021-07-30
002412,医药生物,20100112,,SW2021,2021-07-30
002413,家用电器,20100512,20110107,SW2021,2021-07-30
002413,国防军工,20110110,20210729,SW2021,2021-07-30
002413,国防军工,20210730,,SW2021,2021-07-30
002414,电子,20100128,20210729,SW2021,2021-07-30
002414,国防军工,20210730,,SW2021,2021-07-30
002415,计算机,20100512,,SW2021,2021-07-30
002416,商贸零售,20100510,,SW2021,2021-07-30
002417,计算机,20100528,,SW2021,2021-07-30
002418,家用电器,20100512,20110107,SW2021,2021-07-30
002418,家用电器,20110110,,SW2021,2021-07-30
002419,商贸零售,20100512,20170628,SW2021,2021-07-30
002419,商贸零售,20170629,,SW2021,2021-07-30
002420,家用电器,20100112,20210729,SW2021,2021-07-30
002420,家用电器,20210730,,SW2021,2021-07-30
002421,计算机,20100520,,SW2021,2021-07-30
002422,医药生物,20100120,,SW2021,2021-07-30
002423,非银金融,20100520,,SW2021,2021-07-30
002424,医药生物,20100120,,SW2021,2021-07-30
002425,传媒,20100607,,SW2021,2021-07-30
002426,机械设备,20100520,20220728,SW2021,2021-07-30
002426,电子,20220729,,SW2021,2021-07-30
002427,基础化工,20100107,,SW2021,2021-07-30
002428,有色金属,20100601,,SW2021,2021-07-30
002429,家用电器,20100609,,SW2021,2021-07-30
002430,机械设备,20100525,20240729,SW2021,2021-07-30
002430,基础化工,20240730,,SW2021,2021-07-30
002431,建筑装饰,20100524,,SW2021,2021-07-30
002432,医药生物,20100125,20220728,SW2021,2021-07-30
002432,医药生物,20220729,,SW2021,2021-07-30
002433,医药生物,20100128,,SW2021,2021-07-30
002434,汽车,20100528,,SW2021,2021-07-30
002435,机械设备,20100610,20180712,SW2021,2021-07-30
002435,医药生物,20180713,,SW2021,2021-07-30
002436,电子,20100610,20110107,SW2021,2021-07-30
002436,电子,20110110,,SW2021,2021-07-30
002437,医药生物,20100104,,SW2021,2021-07-30
002438,机械设备,20100601,,SW2021,2021-07-30
002439,计算机,20100602,,SW2021,2021-07-30
002440,基础化工,20100111,,SW2021,2021-07-30
002441,电力设备,20100618,,SW2021,2021-07-30
002442,基础化工,20100610,,SW2021,2021-07-30
002443,钢铁,20100618,,SW2021,2021-07-30
002444,机械设备,20100712,,SW2021,2021-07-30
002445,机械设备,20100629,20180615,SW2021,2021-07-30
002445,传媒,20180619,20220728,SW2021,2021-07-30
002445,机械设备,20220729,,SW2021,2021-07-30
002446,国防军工,20100712,,SW2021,2021-07-30
002447,农林牧渔,20100129,20180712,SW2021,2021-07-30
002447,传媒,20180713,,SW2021,2021-07-30
002448,汽车,20100712,,SW2021,2021-07-30
002449,电子,20100712,20110107,SW2021,2021-07-30
002449,电子,20110110,,SW2021,2021-07-30
002450,基础化工,20100129,20210729,SW2021,2021-07-30
002450,基础化工,20210730,,SW2021,2021-07-30
002451,电力设备,20100712,,SW2021,2021-07-30
002452,电力设备,20100712,,SW2021,2021-07-30
002453,基础化工,20100118,,SW2021,2021-07-30
002454,汽车,20100712,,SW2021,2021-07-30
002455,基础化工,20100104,,SW2021,2021-07-30
002456,电子,20100802,20110107,SW2021,2021-07-30
002456,电子,20110110,,SW2021,2021-07-30
002457,建筑材料,20100716,,SW2021,2021-07-30
002458,农林牧渔,20100729,,SW2021,2021-07-30
002459,电力设备,20100809,,SW2021,2021-07-30
002460,有色金属,20100728,,SW2021,2021-07-30
002461,食品饮料,20100129,,SW2021,2021-07-30
002462,医药生物,20100105,,SW2021,2021-07-30
002463,电子,20100809,,SW2021,2021-07-30
002464,基础化工,20100201,20170628,SW2021,2021-07-30
002464,传媒,20170629,,SW2021,2021-07-30
002465,国防军工,20100812,20210729,SW2021,2021-07-30
002465,国防军工,20210730,,SW2021,2021-07-30
002466,有色金属,20100812,,SW2021,2021-07-30
002467,通信,20100818,,SW2021,2021-07-30
002468,建筑材料,20100908,20170630,SW2021,2021-07-30
002468,交通运输,20170703,,SW2021,2021-07-30
002469,建筑装饰,20100830,,SW2021,2021-07-30
002470,基础化工,20100908,20110107,SW2021,2021-07-30
002470,基础化工,20110110,,SW2021,2021-07-30
002471,电力设备,20100901,,SW2021,2021-07-30
002472,汽车,20100820,,SW2021,2021-07-30
002473,家用电器,20100201,,SW2021,2021-07-30
002474,计算机,20100906,,SW2021,2021-07-30
002475,电子,20100914,,SW2021,2021-07-30
002476,基础化工,20100114,20210729,SW2021,2021-07-30
002476,石油石化,20210730,,SW2021,2021-07-30
002477,农林牧渔,20100915,20110930,SW2021,2021-07-30
002477,农林牧渔,20111010,,SW2021,2021-07-30
002478,钢铁,20100910,,SW2021,2021-07-30
002479,公用事业,20100120,,SW2021,2021-07-30
002480,机械设备,20100901,20230703,SW2021,2021-07-30
002480,公用事业,20230704,,SW2021,2021-07-30
002481,食品饮料,20100920,20210729,SW2021,2021-07-30
002481,农林牧渔,20210730,,SW2021,2021-07-30
002482,建筑装饰,20100908,,SW2021,2021-07-30
002483,机械设备,20100917,,SW2021,2021-07-30
002484,电子,20100927,,SW2021,2021-07-30
002485,纺织服饰,20100917,20250808,SW2021,2021-07-30
002485,交通运输,20250811,,SW2021,2021-07-30
002486,纺织服饰,20100927,20240729,SW2021,2021-07-30
002486,纺织服饰,20240730,,SW2021,2021-07-30
002487,机械设备,20100917,20210729,SW2021,2021-07-30
002487,电力设备,20210730,,SW2021,2021-07-30
002488,汽车,20101012,,SW2021,2021-07-30
002489,轻工制造,20100111,,SW2021,2021-07-30
002490,机械设备,20101011,,SW2021,2021-07-30
002491,通信,20101008,,SW2021,2021-07-30
002492,交通运输,20100120,,SW2021,2021-07-30
002493,基础化工,20101020,20210729,SW2021,2021-07-30
002493,石油石化,20210730,,SW2021,2021-07-30
002494,纺织服饰,20101020,,SW2021,2021-07-30
002495,食品饮料,20101020,,SW2021,2021-07-30
002496,基础化工,20100127,,SW2021,2021-07-30
002497,基础化工,20100127,20220728,SW2021,2021-07-30
002497,有色金属,20220729,20240729,SW2021,2021-07-30
002497,基础化工,20240730,,SW2021,2021-07-30
002498,电力设备,20101027,,SW2021,2021-07-30
002499,公用事业,20101027,20220728,SW2021,2021-07-30
002499,商贸零售,20220729,,SW2021,2021-07-30
002500,非银金融,20101101,,SW2021,2021-07-30
002501,有色金属,20101103,,SW2021,2021-07-30
002502,传媒,20220729,20230703,SW2021,2021-07-30
002502,有色金属,20230704,,SW2021,2021-07-30
002503,纺织服饰,20101103,,SW2021,2021-07-30
002504,电子,20100108,20150630,SW2021,2021-07-30
002504,建筑装饰,20150701,,SW2021,2021-07-30
002505,商贸零售,20101108,20210729,SW2021,2021-07-30
002505,农林牧渔,20210730,,SW2021,2021-07-30
002506,电子,20101108,20110930,SW2021,2021-07-30
002506,电力设备,20111010,,SW2021,2021-07-30
002507,食品饮料,20101110,20210729,SW2021,2021-07-30
002507,食品饮料,20210730,,SW2021,2021-07-30
002508,家用电器,20100111,,SW2021,2021-07-30
002509,机械设备,20101110,,SW2021,2021-07-30
002510,机械设备,20101115,20170628,SW2021,2021-07-30
002510,汽车,20170629,,SW2021,2021-07-30
002511,美容护理,20100115,,SW2021,2021-07-30
002512,电子,20100122,20180615,SW2021,2021-07-30
002512,计算机,20180619,,SW2021,2021-07-30
002513,基础化工,20100122,,SW2021,2021-07-30
002514,机械设备,20101122,,SW2021,2021-07-30
002515,食品饮料,20101122,,SW2021,2021-07-30
002516,纺织服饰,20110110,20190723,SW2021,2021-07-30
002516,汽车,20190724,,SW2021,2021-07-30
002517,纺织服饰,20101124,20110930,SW2021,2021-07-30
002517,传媒,20111010,,SW2021,2021-07-30
002518,电力设备,20101124,,SW2021,2021-07-30
002519,家用电器,20100125,20230818,SW2021,2021-07-30
002519,国防军工,20230821,,SW2021,2021-07-30
002520,机械设备,20101201,,SW2021,2021-07-30
002521,轻工制造,20100104,,SW2021,2021-07-30
002522,基础化工,20100104,,SW2021,2021-07-30
002523,机械设备,20101201,,SW2021,2021-07-30
002524,建筑装饰,20101208,20170628,SW2021,2021-07-30
002524,公用事业,20170629,20190723,SW2021,2021-07-30
002524,医药生物,20190724,,SW2021,2021-07-30
002525,食品饮料,20100108,,SW2021,2021-07-30
002526,机械设备,20101208,,SW2021,2021-07-30
002527,机械设备,20101215,20240729,SW2021,2021-07-30
002527,机械设备,20240730,,SW2021,2021-07-30
002528,计算机,20101215,,SW2021,2021-07-30
002529,机械设备,20101215,,SW2021,2021-07-30
002530,机械设备,20101222,20180712,SW2021,2021-07-30
002530,计算机,20180713,20240729,SW2021,2021-07-30
002530,机械设备,20240730,,SW2021,2021-07-30
002531,电力设备,20101222,,SW2021,2021-07-30
002532,机械设备,20101222,20210729,SW2021,2021-07-30
002532,有色金属,20210730,,SW2021,2021-07-30
002533,电力设备,20101222,,SW2021,2021-07-30
002534,电力设备,20101229,20210729,SW2021,2021-07-30
002534,电力设备,20210730,,SW2021,2021-07-30
002535,机械设备,20101229,,SW2021,2021-07-30
002536,汽车,20101229,,SW2021,2021-07-30
002537,计算机,20101229,20210729,SW2021,2021-07-30
002537,汽车,20210730,,SW2021,2021-07-30
002538,基础化工,20110106,20110107,SW2021,2021-07-30
002538,基础化工,20110110,,SW2021,2021-07-30
002539,基础化工,20110106,20110107,SW2021,2021-07-30
002539,基础化工,20110110,,SW2021,2021-07-30
002540,有色金属,20110106,,SW2021,2021-07-30
002541,建筑装饰,20110106,,SW2021,2021-07-30
002542,建筑装饰,20110119,,SW2021,2021-07-30
002543,家用电器,20110119,,SW2021,2021-07-30
002544,通信,20110119,,SW2021,2021-07-30
002545,基础化工,20190724,20210729,SW2021,2021-07-30
002545,建筑装饰,20210730,20220728,SW2021,2021-07-30
002545,基础化工,20220729,,SW2021,2021-07-30
002546,电力设备,20110125,,SW2021,2021-07-30
002547,电子,20110110,20220728,SW2021,2021-07-30
002547,汽车,20220729,,SW2021,2021-07-30
002548,农林牧渔,20110110,,SW2021,2021-07-30
002549,基础化工,20110110,20110201,SW2021,2021-07-30
002549,综合,20110209,20110930,SW2021,2021-07-30
002549,基础化工,20111010,,SW2021,2021-07-30
002550,医药生物,20110209,20190723,SW2021,2021-07-30
002550,医药生物,20190724,,SW2021,2021-07-30
002551,医药生物,20110117,,SW2021,2021-07-30
002552,机械设备,20110216,,SW2021,2021-07-30
002553,汽车,20110216,,SW2021,2021-07-30
002554,石油石化,20110110,,SW2021,2021-07-30
002555,传媒,20110221,,SW2021,2021-07-30
002556,基础化工,20110110,20210729,SW2021,2021-07-30
002556,农林牧渔,20210730,,SW2021,2021-07-30
002557,食品饮料,20110110,20210729,SW2021,2021-07-30
002557,食品饮料,20210730,,SW2021,2021-07-30
002558,社会服务,20110121,20170519,SW2021,2021-07-30
002558,传媒,20170522,,SW2021,2021-07-30
002559,机械设备,20110223,,SW2021,2021-07-30
002560,电力设备,20110223,,SW2021,2021-07-30
002561,商贸零售,20110223,,SW2021,2021-07-30
002562,基础化工,20110104,20210729,SW2021,2021-07-30
002562,基础化工,20210730,,SW2021,2021-07-30
002563,纺织服饰,20110110,,SW2021,2021-07-30
002564,机械设备,20110302,20220728,SW2021,2021-07-30
002564,建筑装饰,20220729,,SW2021,2021-07-30
002565,轻工制造,20110110,,SW2021,2021-07-30
002566,医药生物,20110110,,SW2021,2021-07-30
002567,农林牧渔,20110117,,SW2021,2021-07-30
002568,食品饮料,20110110,20151023,SW2021,2021-07-30
002568,食品饮料,20151026,,SW2021,2021-07-30
002569,纺织服饰,20110110,,SW2021,2021-07-30
002570,食品饮料,20110110,,SW2021,2021-07-30
002571,轻工制造,20110131,,SW2021,2021-07-30
002572,轻工制造,20110131,,SW2021,2021-07-30
002573,环保,20110111,20230703,SW2021,2021-07-30
002573,环保,20230704,,SW2021,2021-07-30
002574,纺织服饰,20110110,,SW2021,2021-07-30
002575,轻工制造,20110110,,SW2021,2021-07-30
002576,电力设备,20110420,,SW2021,2021-07-30
002577,计算机,20110420,,SW2021,2021-07-30
002578,有色金属,20110420,,SW2021,2021-07-30
002579,电子,20110110,20110425,SW2021,2021-07-30
002579,电子,20110426,,SW2021,2021-07-30
002580,电力设备,20110426,,SW2021,2021-07-30
002581,基础化工,20110105,20170525,SW2021,2021-07-30
002581,医药生物,20170526,,SW2021,2021-07-30
002582,食品饮料,20110110,20210729,SW2021,2021-07-30
002582,食品饮料,20210730,,SW2021,2021-07-30
002583,通信,20110518,,SW2021,2021-07-30
002584,基础化工,20110125,20210729,SW2021,2021-07-30
002584,电子,20210730,,SW2021,2021-07-30
002585,基础化工,20110125,,SW2021,2021-07-30
002586,建筑装饰,20110525,,SW2021,2021-07-30
002587,电子,20110110,20110531,SW2021,2021-07-30
002587,电子,20111010,,SW2021,2021-07-30
002588,基础化工,20110601,20110930,SW2021,2021-07-30
002588,基础化工,20111010,,SW2021,2021-07-30
002589,医药生物,20110104,,SW2021,2021-07-30
002590,汽车,20110601,,SW2021,2021-07-30
002591,基础化工,20110609,20180712,SW2021,2021-07-30
002591,传媒,20180713,20220728,SW2021,2021-07-30
002591,基础化工,20220729,,SW2021,2021-07-30
002592,汽车,20110609,,SW2021,2021-07-30
002593,建筑装饰,20110616,,SW2021,2021-07-30
002594,汽车,20110621,,SW2021,2021-07-30
002595,机械设备,20110616,20170628,SW2021,2021-07-30
002595,机械设备,20170629,,SW2021,2021-07-30
002596,建筑材料,20110622,20210729,SW2021,2021-07-30
002596,建筑材料,20210730,,SW2021,2021-07-30
002597,基础化工,20110131,20201113,SW2021,2021-07-30
002597,食品饮料,20201116,20210729,SW2021,2021-07-30
002597,基础化工,20210730,,SW2021,2021-07-30
002598,机械设备,20110629,,SW2021,2021-07-30
002599,轻工制造,20110106,,SW2021,2021-07-30
002600,有色金属,20110106,20180712,SW2021,2021-07-30
002600,电子,20180713,,SW2021,2021-07-30
002601,基础化工,20110106,20210729,SW2021,2021-07-30
002601,基础化工,20210730,,SW2021,2021-07-30
002602,传媒,20110713,,SW2021,2021-07-30
002603,医药生物,20110119,,SW2021,2021-07-30
002604,农林牧渔,20110110,20110719,SW2021,2021-07-30
002604,农林牧渔,20110720,,SW2021,2021-07-30
002605,轻工制造,20110110,20210915,SW2021,2021-07-30
002605,传媒,20210916,,SW2021,2021-07-30
002606,电力设备,20110728,,SW2021,2021-07-30
002607,社会服务,20110729,,SW2021,2021-07-30
002608,国防军工,20110802,20180712,SW2021,2021-07-30
002608,公用事业,20180713,,SW2021,2021-07-30
002609,计算机,20110803,,SW2021,2021-07-30
002610,电力设备,20110803,,SW2021,2021-07-30
002611,机械设备,20110817,20180712,SW2021,2021-07-30
002611,机械设备,20180713,,SW2021,2021-07-30
002612,纺织服饰,20110110,,SW2021,2021-07-30
002613,机械设备,20110823,20210729,SW2021,2021-07-30
002613,建筑材料,20210730,,SW2021,2021-07-30
002614,机械设备,20110131,20170921,SW2021,2021-07-30
002614,家用电器,20170922,,SW2021,2021-07-30
002615,轻工制造,20110104,,SW2021,2021-07-30
002616,公用事业,20110110,,SW2021,2021-07-30
002617,公用事业,20110908,,SW2021,2021-07-30
002618,电子,20110110,20110906,SW2021,2021-07-30
002618,电子,20110907,,SW2021,2021-07-30
002619,建筑材料,20110921,20210729,SW2021,2021-07-30
002619,传媒,20210730,,SW2021,2021-07-30
002620,建筑装饰,20110920,,SW2021,2021-07-30
002621,机械设备,20110920,20190723,SW2021,2021-07-30
002621,社会服务,20190724,,SW2021,2021-07-30
002622,电力设备,20111010,20230703,SW2021,2021-07-30
002622,医药生物,20230704,,SW2021,2021-07-30
002623,建筑材料,20110926,20210729,SW2021,2021-07-30
002623,电力设备,20210730,,SW2021,2021-07-30
002624,建筑材料,20111017,20150630,SW2021,2021-07-30
002624,传媒,20150701,,SW2021,2021-07-30
002625,国防军工,20111026,,SW2021,2021-07-30
002626,医药生物,20110119,20210729,SW2021,2021-07-30
002626,食品饮料,20210730,,SW2021,2021-07-30
002627,交通运输,20110121,20250925,SW2021,2021-07-30
002627,社会服务,20250926,,SW2021,2021-07-30
002628,建筑装饰,20111025,,SW2021,2021-07-30
002629,石油石化,20110126,,SW2021,2021-07-30
002630,电力设备,20111104,,SW2021,2021-07-30
002631,轻工制造,20110104,20250808,SW2021,2021-07-30
002631,轻工制造,20250811,,SW2021,2021-07-30
002632,基础化工,20111108,20210729,SW2021,2021-07-30
002632,基础化工,20210730,,SW2021,2021-07-30
002633,机械设备,20111111,,SW2021,2021-07-30
002634,纺织服饰,20110125,20240729,SW2021,2021-07-30
002634,纺织服饰,20240730,,SW2021,2021-07-30
002635,电子,20110117,,SW2021,2021-07-30
002636,电子,20110117,,SW2021,2021-07-30
002637,基础化工,20110117,,SW2021,2021-07-30
002638,电子,20110117,20180712,SW2021,2021-07-30
002638,社会服务,20180713,20240729,SW2021,2021-07-30
002638,家用电器,20240730,,SW2021,2021-07-30
002639,机械设备,20111118,,SW2021,2021-07-30
002640,商贸零售,20110131,20210729,SW2021,2021-07-30
002640,商贸零售,20210730,,SW2021,2021-07-30
002641,建筑材料,20111130,,SW2021,2021-07-30
002642,计算机,20111208,,SW2021,2021-07-30
002643,基础化工,20111212,20210729,SW2021,2021-07-30
002643,电子,20210730,,SW2021,2021-07-30
002644,医药生物,20110113,,SW2021,2021-07-30
002645,机械设备,20170629,20210729,SW2021,2021-07-30
002645,环保,20210730,,SW2021,2021-07-30
002646,食品饮料,20110113,20210729,SW2021,2021-07-30
002646,食品饮料,20210730,,SW2021,2021-07-30
002647,机械设备,20111219,20180712,SW2021,2021-07-30
002647,非银金融,20180713,,SW2021,2021-07-30
002648,石油石化,20210730,20211202,SW2021,2021-07-30
002648,基础化工,20211203,20220728,SW2021,2021-07-30
002648,基础化工,20220729,,SW2021,2021-07-30
002649,计算机,20111226,,SW2021,2021-07-30
002650,食品饮料,20110126,,SW2021,2021-07-30
002651,机械设备,20111226,20220728,SW2021,2021-07-30
002651,国防军工,20220729,,SW2021,2021-07-30
002652,建筑材料,20120111,,SW2021,2021-07-30
002653,医药生物,20120109,,SW2021,2021-07-30
002654,电子,20120106,20170628,SW2021,2021-07-30
002654,电子,20170629,,SW2021,2021-07-30
002655,电子,20120109,,SW2021,2021-07-30
002656,纺织服饰,20120117,,SW2021,2021-07-30
002657,计算机,20120220,,SW2021,2021-07-30
002658,机械设备,20120229,20151009,SW2021,2021-07-30
002658,环保,20151012,,SW2021,2021-07-30
002659,建筑装饰,20120302,20180712,SW2021,2021-07-30
002659,社会服务,20180713,,SW2021,2021-07-30
002660,电子,20120109,,SW2021,2021-07-30
002661,食品饮料,20120105,20210729,SW2021,2021-07-30
002661,农林牧渔,20210730,20230330,SW2021,2021-07-30
002661,食品饮料,20230331,,SW2021,2021-07-30
002662,汽车,20120229,,SW2021,2021-07-30
002663,建筑装饰,20120306,,SW2021,2021-07-30
002664,电力设备,20120305,20140630,SW2021,2021-07-30
002664,国防军工,20140701,20210729,SW2021,2021-07-30
002664,汽车,20210730,,SW2021,2021-07-30
002665,电力设备,20120315,20210729,SW2021,2021-07-30
002665,电力设备,20210730,,SW2021,2021-07-30
002666,基础化工,20120116,,SW2021,2021-07-30
002667,机械设备,20120321,,SW2021,2021-07-30
002668,家用电器,20120130,,SW2021,2021-07-30
002669,基础化工,20120405,20210729,SW2021,2021-07-30
002669,基础化工,20210730,,SW2021,2021-07-30
002670,非银金融,20120106,,SW2021,2021-07-30
002671,建筑材料,20120418,20210729,SW2021,2021-07-30
002671,建筑材料,20210730,,SW2021,2021-07-30
002672,环保,20120117,,SW2021,2021-07-30
002673,非银金融,20120423,,SW2021,2021-07-30
002674,纺织服饰,20120104,20120424,SW2021,2021-07-30
002674,纺织服饰,20120702,,SW2021,2021-07-30
002675,医药生物,20120116,20170628,SW2021,2021-07-30
002675,医药生物,20170629,,SW2021,2021-07-30
002676,家用电器,20120116,,SW2021,2021-07-30
002677,家用电器,20120116,,SW2021,2021-07-30
002678,轻工制造,20120130,,SW2021,2021-07-30
002679,农林牧渔,20120130,,SW2021,2021-07-30
002680,机械设备,20120525,20170519,SW2021,2021-07-30
002680,医药生物,20170522,,SW2021,2021-07-30
002681,电子,20120130,,SW2021,2021-07-30
002682,交通运输,20120104,,SW2021,2021-07-30
002683,基础化工,20120130,,SW2021,2021-07-30
002684,电子,20120601,20180712,SW2021,2021-07-30
002684,汽车,20180713,,SW2021,2021-07-30
002685,机械设备,20120530,20240729,SW2021,2021-07-30
002685,机械设备,20240730,,SW2021,2021-07-30
002686,机械设备,20120621,20210729,SW2021,2021-07-30
002686,机械设备,20210730,,SW2021,2021-07-30
002687,纺织服饰,20120104,,SW2021,2021-07-30
002688,农林牧渔,20120105,,SW2021,2021-07-30
002689,机械设备,20120709,,SW2021,2021-07-30
002690,机械设备,20120720,,SW2021,2021-07-30
002691,机械设备,20120723,,SW2021,2021-07-30
002692,电力设备,20120730,,SW2021,2021-07-30
002693,医药生物,20170629,20220728,SW2021,2021-07-30
002693,医药生物,20220729,,SW2021,2021-07-30
002694,建筑材料,20120808,,SW2021,2021-07-30
002695,食品饮料,20120130,20210729,SW2021,2021-07-30
002695,食品饮料,20210730,,SW2021,2021-07-30
002696,农林牧渔,20120130,20220728,SW2021,2021-07-30
002696,农林牧渔,20220729,,SW2021,2021-07-30
002697,商贸零售,20120828,,SW2021,2021-07-30
002698,机械设备,20120903,20210729,SW2021,2021-07-30
002698,机械设备,20210730,,SW2021,2021-07-30
002699,传媒,20120104,,SW2021,2021-07-30
002700,公用事业,20120111,,SW2021,2021-07-30
002701,轻工制造,20120130,,SW2021,2021-07-30
002702,食品饮料,20120130,20210729,SW2021,2021-07-30
002702,食品饮料,20210730,,SW2021,2021-07-30
002703,汽车,20121026,,SW2021,2021-07-30
002705,家用电器,20140108,,SW2021,2021-07-30
002706,电力设备,20140108,,SW2021,2021-07-30
002707,社会服务,20140108,,SW2021,2021-07-30
002708,汽车,20140108,,SW2021,2021-07-30
002709,基础化工,20140108,20210729,SW2021,2021-07-30
002709,电力设备,20210730,,SW2021,2021-07-30
002711,交通运输,20140108,,SW2021,2021-07-30
002712,传媒,20140108,,SW2021,2021-07-30
002713,建筑装饰,20140108,,SW2021,2021-07-30
002714,农林牧渔,20140122,,SW2021,2021-07-30
002715,汽车,20140108,,SW2021,2021-07-30
002716,有色金属,20180619,20210729,SW2021,2021-07-30
002716,有色金属,20210730,,SW2021,2021-07-30
002717,建筑装饰,20140108,,SW2021,2021-07-30
002718,建筑材料,20140122,,SW2021,2021-07-30
002719,食品饮料,20210730,20240729,SW2021,2021-07-30
002719,食品饮料,20240730,,SW2021,2021-07-30
002720,纺织服饰,20140122,,SW2021,2021-07-30
002721,纺织服饰,20140122,,SW2021,2021-07-30
002722,机械设备,20140122,20210729,SW2021,2021-07-30
002722,纺织服饰,20210730,20240729,SW2021,2021-07-30
002722,机械设备,20240730,,SW2021,2021-07-30
002723,家用电器,20140122,,SW2021,2021-07-30
002724,电子,20140124,20240729,SW2021,2021-07-30
002724,家用电器,20240730,,SW2021,2021-07-30
002725,汽车,20140122,,SW2021,2021-07-30
002726,食品饮料,20140120,,SW2021,2021-07-30
002727,医药生物,20140120,,SW2021,2021-07-30
002728,医药生物,20140207,20140730,SW2021,2021-07-30
002728,医药生物,20190724,,SW2021,2021-07-30
002729,电子,20140116,,SW2021,2021-07-30
002730,机械设备,20140127,,SW2021,2021-07-30
002731,纺织服饰,20140124,,SW2021,2021-07-30
002732,食品饮料,20140127,,SW2021,2021-07-30
002733,电力设备,20140127,,SW2021,2021-07-30
002734,基础化工,20150115,,SW2021,2021-07-30
002735,轻工制造,20140127,,SW2021,2021-07-30
002736,非银金融,20140120,,SW2021,2021-07-30
002737,医药生物,20140120,,SW2021,2021-07-30
002738,有色金属,20140120,20210729,SW2021,2021-07-30
002738,有色金属,20210730,,SW2021,2021-07-30
002739,传媒,20150115,,SW2021,2021-07-30
002740,纺织服饰,20150115,,SW2021,2021-07-30
002741,基础化工,20150216,20210729,SW2021,2021-07-30
002741,电子,20210730,,SW2021,2021-07-30
002742,建筑材料,20210730,20220728,SW2021,2021-07-30
002742,医药生物,20220729,,SW2021,2021-07-30
002743,建筑装饰,20150115,,SW2021,2021-07-30
002745,电子,20150115,,SW2021,2021-07-30
002746,农林牧渔,20150115,,SW2021,2021-07-30
002747,机械设备,20171229,20210729,SW2021,2021-07-30
002747,机械设备,20210730,,SW2021,2021-07-30
002748,基础化工,20150109,20210729,SW2021,2021-07-30
002748,基础化工,20210730,,SW2021,2021-07-30
002749,基础化工,20150116,,SW2021,2021-07-30
002750,医药生物,20150116,,SW2021,2021-07-30
002751,社会服务,20150113,,SW2021,2021-07-30
002752,轻工制造,20150113,,SW2021,2021-07-30
002753,基础化工,20150106,,SW2021,2021-07-30
002755,建筑装饰,20150106,20190723,SW2021,2021-07-30
002755,医药生物,20190724,,SW2021,2021-07-30
002756,钢铁,20150506,20220728,SW2021,2021-07-30
002756,有色金属,20220729,,SW2021,2021-07-30
002757,机械设备,20150126,,SW2021,2021-07-30
002758,医药生物,20150126,20220728,SW2021,2021-07-30
002758,汽车,20220729,20230703,SW2021,2021-07-30
002758,综合,20230704,20251128,SW2021,2021-07-30
002758,基础化工,20251201,,SW2021,2021-07-30
002759,电力设备,20150525,,SW2021,2021-07-30
002760,机械设备,20150115,,SW2021,2021-07-30
002761,纺织服饰,20150115,20200902,SW2021,2021-07-30
002761,建筑装饰,20200903,,SW2021,2021-07-30
002762,纺织服饰,20150115,,SW2021,2021-07-30
002763,纺织服饰,20150115,20240729,SW2021,2021-07-30
002763,纺织服饰,20240730,,SW2021,2021-07-30
002765,电子,20150115,20250808,SW2021,2021-07-30
002765,汽车,20250811,,SW2021,2021-07-30
002766,计算机,20150115,20210729,SW2021,2021-07-30
002766,汽车,20210730,,SW2021,2021-07-30
002767,电力设备,20150115,20210729,SW2021,2021-07-30
002767,机械设备,20210730,,SW2021,2021-07-30
002768,基础化工,20150119,,SW2021,2021-07-30
002769,交通运输,20150618,,SW2021,2021-07-30
002770,食品饮料,20150119,,SW2021,2021-07-30
002771,计算机,20150119,,SW2021,2021-07-30
002772,农林牧渔,20150119,20210729,SW2021,2021-07-30
002772,农林牧渔,20210730,,SW2021,2021-07-30
002773,医药生物,20150618,20240729,SW2021,2021-07-30
002773,医药生物,20240730,,SW2021,2021-07-30
002774,机械设备,20170310,,SW2021,2021-07-30
002775,建筑装饰,20150119,,SW2021,2021-07-30
002776,纺织服饰,20150119,,SW2021,2021-07-30
002777,计算机,20151231,,SW2021,2021-07-30
002778,石油石化,20151228,20220728,SW2021,2021-07-30
002778,环保,20220729,20240729,SW2021,2021-07-30
002778,环保,20240730,,SW2021,2021-07-30
002779,机械设备,20151209,20170628,SW2021,2021-07-30
002779,机械设备,20170629,,SW2021,2021-07-30
002780,纺织服饰,20151123,,SW2021,2021-07-30
002781,建筑装饰,20151105,,SW2021,2021-07-30
002782,电子,20151222,20220728,SW2021,2021-07-30
002782,电子,20220729,,SW2021,2021-07-30
002783,基础化工,20151209,,SW2021,2021-07-30
002785,建筑材料,20151223,,SW2021,2021-07-30
002786,机械设备,20151223,20170628,SW2021,2021-07-30
002786,机械设备,20170629,,SW2021,2021-07-30
002787,轻工制造,20151231,,SW2021,2021-07-30
002788,医药生物,20160125,,SW2021,2021-07-30
002789,建筑装饰,20160311,,SW2021,2021-07-30
002790,轻工制造,20160304,,SW2021,2021-07-30
002791,建筑材料,20160329,,SW2021,2021-07-30
002792,通信,20160328,,SW2021,2021-07-30
002793,机械设备,20160415,20200529,SW2021,2021-07-30
002793,医药生物,20200601,,SW2021,2021-07-30
002795,建筑材料,20160418,20190723,SW2021,2021-07-30
002795,机械设备,20190724,,SW2021,2021-07-30
002796,机械设备,20160426,20220728,SW2021,2021-07-30
002796,通信,20220729,,SW2021,2021-07-30
002797,非银金融,20160426,,SW2021,2021-07-30
002798,建筑材料,20160509,20210729,SW2021,2021-07-30
002798,轻工制造,20210730,,SW2021,2021-07-30
002799,轻工制造,20160525,,SW2021,2021-07-30
002800,交通运输,20160525,,SW2021,2021-07-30
002801,电力设备,20160622,,SW2021,2021-07-30
002802,基础化工,20160624,,SW2021,2021-07-30
002803,商贸零售,20160624,,SW2021,2021-07-30
002805,基础化工,20160624,20220728,SW2021,2021-07-30
002805,电力设备,20220729,,SW2021,2021-07-30
002806,有色金属,20160718,20230703,SW2021,2021-07-30
002806,汽车,20230704,,SW2021,2021-07-30
002807,银行,20160804,,SW2021,2021-07-30
002808,电子,20160804,20170628,SW2021,2021-07-30
002808,电子,20170629,,SW2021,2021-07-30
002809,基础化工,20160823,,SW2021,2021-07-30
002810,基础化工,20160823,,SW2021,2021-07-30
002811,建筑装饰,20160823,,SW2021,2021-07-30
002812,基础化工,20160907,20210729,SW2021,2021-07-30
002812,电力设备,20210730,,SW2021,2021-07-30
002813,汽车,20161012,,SW2021,2021-07-30
002815,电子,20161012,,SW2021,2021-07-30
002816,机械设备,20161017,,SW2021,2021-07-30
002817,医药生物,20210730,20220728,SW2021,2021-07-30
002817,医药生物,20220729,,SW2021,2021-07-30
002818,商贸零售,20161107,,SW2021,2021-07-30
002819,机械设备,20161028,,SW2021,2021-07-30
002820,食品饮料,20161107,20210729,SW2021,2021-07-30
002820,食品饮料,20210730,,SW2021,2021-07-30
002821,医药生物,20161107,20210729,SW2021,2021-07-30
002821,医药生物,20210730,,SW2021,2021-07-30
002822,建筑装饰,20161129,,SW2021,2021-07-30
002823,电力设备,20161124,,SW2021,2021-07-30
002824,有色金属,20161226,,SW2021,2021-07-30
002825,基础化工,20161129,,SW2021,2021-07-30
002826,医药生物,20170629,20210729,SW2021,2021-07-30
002826,医药生物,20210730,,SW2021,2021-07-30
002827,基础化工,20161201,,SW2021,2021-07-30
002828,石油石化,20161201,,SW2021,2021-07-30
002829,国防军工,20161212,,SW2021,2021-07-30
002830,建筑装饰,20161212,,SW2021,2021-07-30
002831,轻工制造,20161201,,SW2021,2021-07-30
002832,纺织服饰,20161212,,SW2021,2021-07-30
002833,机械设备,20161212,,SW2021,2021-07-30
002835,计算机,20161212,,SW2021,2021-07-30
002836,轻工制造,20161226,,SW2021,2021-07-30
002837,机械设备,20161219,,SW2021,2021-07-30
002838,基础化工,20161219,,SW2021,2021-07-30
002839,银行,20161219,,SW2021,2021-07-30
002840,食品饮料,20161219,,SW2021,2021-07-30
002841,电子,20170105,20210729,SW2021,2021-07-30
002841,社会服务,20210730,20220728,SW2021,2021-07-30
002841,电子,20220729,,SW2021,2021-07-30
002842,有色金属,20161228,,SW2021,2021-07-30
002843,机械设备,20170105,,SW2021,2021-07-30
002845,电子,20170116,,SW2021,2021-07-30
002846,轻工制造,20170116,,SW2021,2021-07-30
002847,食品饮料,20170116,20210729,SW2021,2021-07-30
002847,食品饮料,20210730,,SW2021,2021-07-30
002848,家用电器,20170119,20240729,SW2021,2021-07-30
002848,家用电器,20240730,,SW2021,2021-07-30
002849,机械设备,20170124,,SW2021,2021-07-30
002850,电力设备,20170214,,SW2021,2021-07-30
002851,电力设备,20170224,,SW2021,2021-07-30
002852,农林牧渔,20170224,,SW2021,2021-07-30
002853,轻工制造,20170224,,SW2021,2021-07-30
002855,电子,20170301,,SW2021,2021-07-30
002856,建筑装饰,20170301,,SW2021,2021-07-30
002857,机械设备,20170310,20210729,SW2021,2021-07-30
002857,电力设备,20210730,,SW2021,2021-07-30
002858,社会服务,20170320,,SW2021,2021-07-30
002859,电子,20170320,20180712,SW2021,2021-07-30
002859,电子,20180713,,SW2021,2021-07-30
002860,家用电器,20170330,,SW2021,2021-07-30
002861,电子,20170330,,SW2021,2021-07-30
002862,轻工制造,20170330,,SW2021,2021-07-30
002863,汽车,20170330,,SW2021,2021-07-30
002864,医药生物,20171108,,SW2021,2021-07-30
002865,汽车,20170419,20170628,SW2021,2021-07-30
002865,电力设备,20220729,,SW2021,2021-07-30
002866,电子,20170419,20210729,SW2021,2021-07-30
002866,电子,20210730,,SW2021,2021-07-30
002867,纺织服饰,20170419,,SW2021,2021-07-30
002868,农林牧渔,20170419,,SW2021,2021-07-30
002869,电子,20170504,20240729,SW2021,2021-07-30
002869,计算机,20240730,,SW2021,2021-07-30
002870,机械设备,20170504,20210428,SW2021,2021-07-30
002870,汽车,20220729,,SW2021,2021-07-30
002871,机械设备,20170504,,SW2021,2021-07-30
002872,医药生物,20170504,20220728,SW2021,2021-07-30
002872,医药生物,20220729,,SW2021,2021-07-30
002873,医药生物,20170511,,SW2021,2021-07-30
002875,纺织服饰,20170511,,SW2021,2021-07-30
002876,电子,20170522,,SW2021,2021-07-30
002877,机械设备,20170522,,SW2021,2021-07-30
002878,社会服务,20170522,20220728,SW2021,2021-07-30
002878,传媒,20220729,,SW2021,2021-07-30
002879,电力设备,20170605,,SW2021,2021-07-30
002880,医药生物,20170605,,SW2021,2021-07-30
002881,电子,20170605,20240729,SW2021,2021-07-30
002881,通信,20240730,,SW2021,2021-07-30
002882,电力设备,20170605,,SW2021,2021-07-30
002883,建筑装饰,20170619,,SW2021,2021-07-30
002884,机械设备,20170711,,SW2021,2021-07-30
002885,电子,20210730,20220728,SW2021,2021-07-30
002885,电子,20220729,,SW2021,2021-07-30
002886,基础化工,20170620,,SW2021,2021-07-30
002887,建筑装饰,20170712,20190723,SW2021,2021-07-30
002887,环保,20190724,,SW2021,2021-07-30
002888,电子,20170712,,SW2021,2021-07-30
002889,交通运输,20170712,,SW2021,2021-07-30
002890,机械设备,20170726,,SW2021,2021-07-30
002891,食品饮料,20170807,20170824,SW2021,2021-07-30
002891,农林牧渔,20170825,,SW2021,2021-07-30
002892,电力设备,20170807,,SW2021,2021-07-30
002893,公用事业,20170815,,SW2021,2021-07-30
002895,基础化工,20170815,,SW2021,2021-07-30
002896,机械设备,20170828,,SW2021,2021-07-30
002897,通信,20170828,,SW2021,2021-07-30
002898,医药生物,20170828,,SW2021,2021-07-30
002899,轻工制造,20170907,,SW2021,2021-07-30
002900,医药生物,20170907,,SW2021,2021-07-30
002901,医药生物,20170907,,SW2021,2021-07-30
002902,通信,20170921,,SW2021,2021-07-30
002903,机械设备,20170925,,SW2021,2021-07-30
002905,传媒,20170921,,SW2021,2021-07-30
002906,汽车,20170925,,SW2021,2021-07-30
002907,医药生物,20171010,,SW2021,2021-07-30
002908,通信,20171010,20230519,SW2021,2021-07-30
002908,计算机,20230522,,SW2021,2021-07-30
002909,基础化工,20171010,20210729,SW2021,2021-07-30
002909,基础化工,20210730,,SW2021,2021-07-30
002910,食品饮料,20171030,,SW2021,2021-07-30
002911,公用事业,20171108,,SW2021,2021-07-30
002912,计算机,20171121,,SW2021,2021-07-30
002913,电子,20171121,,SW2021,2021-07-30
002915,基础化工,20171121,,SW2021,2021-07-30
002916,电子,20171208,,SW2021,2021-07-30
002917,基础化工,20171208,,SW2021,2021-07-30
002918,建筑材料,20171208,20210729,SW2021,2021-07-30
002918,轻工制造,20210730,,SW2021,2021-07-30
002919,美容护理,20171208,20230914,SW2021,2021-07-30
002919,传媒,20230915,,SW2021,2021-07-30
002920,计算机,20171208,,SW2021,2021-07-30
002921,汽车,20171220,,SW2021,2021-07-30
002922,电子,20171220,,SW2021,2021-07-30
002923,医药生物,20171220,,SW2021,2021-07-30
002925,电子,20180108,,SW2021,2021-07-30
002926,非银金融,20180129,,SW2021,2021-07-30
002927,电力设备,20180212,,SW2021,2021-07-30
002928,交通运输,20180212,20210729,SW2021,2021-07-30
002928,交通运输,20210730,,SW2021,2021-07-30
002929,通信,20180212,,SW2021,2021-07-30
002930,交通运输,20180328,,SW2021,2021-07-30
002931,机械设备,20180403,,SW2021,2021-07-30
002932,医药生物,20180706,,SW2021,2021-07-30
002933,国防军工,20180809,,SW2021,2021-07-30
002935,国防军工,20180831,20210729,SW2021,2021-07-30
002935,国防军工,20210730,,SW2021,2021-07-30
002936,银行,20180831,,SW2021,2021-07-30
002937,电子,20180918,20240729,SW2021,2021-07-30
002937,汽车,20240730,,SW2021,2021-07-30
002938,电子,20180918,,SW2021,2021-07-30
002939,非银金融,20180918,,SW2021,2021-07-30
002940,医药生物,20181012,,SW2021,2021-07-30
002941,建筑装饰,20181030,,SW2021,2021-07-30
002942,基础化工,20181030,,SW2021,2021-07-30
002943,机械设备,20181128,,SW2021,2021-07-30
002945,非银金融,20181211,,SW2021,2021-07-30
002946,食品饮料,20190124,,SW2021,2021-07-30
002947,电子,20190124,,SW2021,2021-07-30
002948,银行,20181211,,SW2021,2021-07-30
002949,建筑装饰,20190218,20210729,SW2021,2021-07-30
002949,建筑装饰,20210730,,SW2021,2021-07-30
002950,医药生物,20190306,,SW2021,2021-07-30
002951,轻工制造,20190306,20250808,SW2021,2021-07-30
002951,电力设备,20250811,,SW2021,2021-07-30
002952,电子,20190318,,SW2021,2021-07-30
002953,电力设备,20190506,,SW2021,2021-07-30
002955,电子,20190506,,SW2021,2021-07-30
002956,食品饮料,20190604,20210729,SW2021,2021-07-30
002956,食品饮料,20210730,,SW2021,2021-07-30
002957,机械设备,20190711,20210729,SW2021,2021-07-30
002957,机械设备,20210730,,SW2021,2021-07-30
002958,银行,20190218,,SW2021,2021-07-30
002959,家用电器,20190718,,SW2021,2021-07-30
002960,机械设备,20190724,,SW2021,2021-07-30
002961,非银金融,20190822,,SW2021,2021-07-30
002962,电子,20190902,,SW2021,2021-07-30
002963,建筑装饰,20190919,,SW2021,2021-07-30
002965,机械设备,20191011,20220728,SW2021,2021-07-30
002965,汽车,20220729,,SW2021,2021-07-30
002966,银行,20190618,,SW2021,2021-07-30
002967,综合,20191028,20210729,SW2021,2021-07-30
002967,社会服务,20210730,,SW2021,2021-07-30
002968,房地产,20191101,20210729,SW2021,2021-07-30
002968,房地产,20210730,,SW2021,2021-07-30
002969,轻工制造,20191114,,SW2021,2021-07-30
002970,计算机,20191129,,SW2021,2021-07-30
002971,基础化工,20191205,,SW2021,2021-07-30
002972,机械设备,20191212,,SW2021,2021-07-30
002973,环保,20191223,,SW2021,2021-07-30
002975,机械设备,20200122,20210729,SW2021,2021-07-30
002975,机械设备,20210730,,SW2021,2021-07-30
002976,电子,20200226,20220630,SW2021,2021-07-30
002976,汽车,20220701,,SW2021,2021-07-30
002977,国防军工,20200310,20210729,SW2021,2021-07-30
002977,国防军工,20210730,,SW2021,2021-07-30
002978,有色金属,20200316,,SW2021,2021-07-30
002979,机械设备,20200325,,SW2021,2021-07-30
002980,机械设备,20200330,20210729,SW2021,2021-07-30
002980,电力设备,20210730,,SW2021,2021-07-30
002981,电子,20200402,,SW2021,2021-07-30
002982,农林牧渔,20200408,,SW2021,2021-07-30
002983,电子,20200413,,SW2021,2021-07-30
002984,汽车,20200831,,SW2021,2021-07-30
002985,国防军工,20200413,,SW2021,2021-07-30
002986,石油石化,20200427,,SW2021,2021-07-30
002987,计算机,20200416,,SW2021,2021-07-30
002988,有色金属,20200506,,SW2021,2021-07-30
002989,建筑装饰,20200506,,SW2021,2021-07-30
002990,计算机,20200513,,SW2021,2021-07-30
002991,食品饮料,20200721,20210729,SW2021,2021-07-30
002991,食品饮料,20210730,,SW2021,2021-07-30
002992,电子,20200721,20220728,SW2021,2021-07-30
002992,电子,20220729,,SW2021,2021-07-30
002993,电子,20200727,,SW2021,2021-07-30
002995,传媒,20200722,,SW2021,2021-07-30
002996,有色金属,20200814,,SW2021,2021-07-30
002997,汽车,20200821,,SW2021,2021-07-30
002998,基础化工,20200821,,SW2021,2021-07-30
002999,基础化工,20200821,,SW2021,2021-07-30
003000,食品饮料,20200831,20210729,SW2021,2021-07-30
003000,食品饮料,20210730,,SW2021,2021-07-30
003001,建筑装饰,20200831,,SW2021,2021-07-30
003002,基础化工,20200904,,SW2021,2021-07-30
003003,轻工制造,20200904,,SW2021,2021-07-30
003004,计算机,20201123,,SW2021,2021-07-30
003005,计算机,20200907,,SW2021,2021-07-30
003006,美容护理,20200904,,SW2021,2021-07-30
003007,计算机,20200914,,SW2021,2021-07-30
003008,综合,20200914,20210729,SW2021,2021-07-30
003008,社会服务,20210730,,SW2021,2021-07-30
003009,国防军工,20200909,,SW2021,2021-07-30
003010,商贸零售,20200914,,SW2021,2021-07-30
003011,轻工制造,20200921,,SW2021,2021-07-30
003012,建筑材料,20200924,20210729,SW2021,2021-07-30
003012,轻工制造,20210730,,SW2021,2021-07-30
003013,建筑装饰,20200930,,SW2021,2021-07-30
003015,电子,20200930,,SW2021,2021-07-30
003016,纺织服饰,20201016,,SW2021,2021-07-30
003017,基础化工,20201016,,SW2021,2021-07-30
003018,轻工制造,20201026,,SW2021,2021-07-30
003019,电子,20201029,,SW2021,2021-07-30
003020,医药生物,20201110,,SW2021,2021-07-30
003021,电力设备,20201125,,SW2021,2021-07-30
003022,基础化工,20201125,20210729,SW2021,2021-07-30
003022,电力设备,20210730,,SW2021,2021-07-30
003023,家用电器,20201201,20240729,SW2021,2021-07-30
003023,家用电器,20240730,,SW2021,2021-07-30
003025,机械设备,20201201,,SW2021,2021-07-30
003026,电子,20201207,,SW2021,2021-07-30
003027,环保,20201207,,SW2021,2021-07-30
003028,电子,20201214,20240729,SW2021,2021-07-30
003028,家用电器,20240730,,SW2021,2021-07-30
003029,计算机,20201214,,SW2021,2021-07-30
003030,食品饮料,20201223,20210729,SW2021,2021-07-30
003030,农林牧渔,20210730,,SW2021,2021-07-30
003031,通信,20201223,,SW2021,2021-07-30
003032,社会服务,20210104,,SW2021,2021-07-30
003033,汽车,20210104,,SW2021,2021-07-30
003035,公用事业,20210108,,SW2021,2021-07-30
003036,机械设备,20210128,,SW2021,2021-07-30
003037,建筑材料,20210125,20220728,SW2021,2021-07-30
003037,建筑材料,20220729,,SW2021,2021-07-30
003038,有色金属,20210129,,SW2021,2021-07-30
003039,环保,20210219,,SW2021,2021-07-30
003040,通信,20210305,,SW2021,2021-07-30
003041,纺织服饰,20210322,,SW2021,2021-07-30
003042,基础化工,20210322,,SW2021,2021-07-30
003043,机械设备,20210329,20210729,SW2021,2021-07-30
003043,电子,20210730,,SW2021,2021-07-30
003816,公用事业,20190808,,SW2021,2021-07-30
300001,电力设备,20091022,,SW2021,2021-07-30
300002,计算机,20091022,20210729,SW2021,2021-07-30
300002,传媒,20210730,,SW2021,2021-07-30
300003,医药生物,20090122,,SW2021,2021-07-30
300004,机械设备,20091022,,SW2021,2021-07-30
300005,纺织服饰,20091022,,SW2021,2021-07-30
300006,医药生物,20090122,,SW2021,2021-07-30
300007,机械设备,20091022,,SW2021,2021-07-30
300008,国防军工,20091022,,SW2021,2021-07-30
300009,医药生物,20090122,,SW2021,2021-07-30
300010,计算机,20091022,20210729,SW2021,2021-07-30
300010,社会服务,20210730,20220728,SW2021,2021-07-30
300010,社会服务,20220729,,SW2021,2021-07-30
300011,机械设备,20091012,,SW2021,2021-07-30
300012,综合,20090112,20210729,SW2021,2021-07-30
300012,社会服务,20210730,,SW2021,2021-07-30
300013,交通运输,20090112,,SW2021,2021-07-30
300014,电子,20090112,20200723,SW2021,2021-07-30
300014,电力设备,20200724,,SW2021,2021-07-30
300015,医药生物,20090112,,SW2021,2021-07-30
300016,医药生物,20090112,,SW2021,2021-07-30
300017,计算机,20091012,,SW2021,2021-07-30
300018,电力设备,20091012,,SW2021,2021-07-30
300019,基础化工,20091030,20210729,SW2021,2021-07-30
300019,基础化工,20210730,,SW2021,2021-07-30
300020,计算机,20091016,,SW2021,2021-07-30
300021,农林牧渔,20090112,,SW2021,2021-07-30
300022,商贸零售,20091016,,SW2021,2021-07-30
300023,机械设备,20091016,20170706,SW2021,2021-07-30
300023,非银金融,20170707,,SW2021,2021-07-30
300024,机械设备,20091016,20210729,SW2021,2021-07-30
300024,机械设备,20210730,,SW2021,2021-07-30
300025,通信,20091014,,SW2021,2021-07-30
300026,医药生物,20090116,20170628,SW2021,2021-07-30
300026,医药生物,20170629,,SW2021,2021-07-30
300027,传媒,20091016,,SW2021,2021-07-30
300028,计算机,20091030,20110930,SW2021,2021-07-30
300028,通信,20111010,,SW2021,2021-07-30
300029,电力设备,20091210,20220728,SW2021,2021-07-30
300029,建筑装饰,20220729,,SW2021,2021-07-30
300030,医药生物,20090112,,SW2021,2021-07-30
300031,基础化工,20090112,20170628,SW2021,2021-07-30
300031,传媒,20170629,,SW2021,2021-07-30
300032,电力设备,20091210,20140630,SW2021,2021-07-30
300032,电子,20140701,20210729,SW2021,2021-07-30
300032,电子,20210730,,SW2021,2021-07-30
300033,计算机,20091210,,SW2021,2021-07-30
300034,国防军工,20091210,20210729,SW2021,2021-07-30
300034,国防军工,20210730,,SW2021,2021-07-30
300035,机械设备,20091210,20190723,SW2021,2021-07-30
300035,基础化工,20190724,20210729,SW2021,2021-07-30
300035,电力设备,20210730,,SW2021,2021-07-30
300036,计算机,20091210,,SW2021,2021-07-30
300037,基础化工,20091228,20210729,SW2021,2021-07-30
300037,电力设备,20210730,,SW2021,2021-07-30
300038,传媒,20091228,,SW2021,2021-07-30
300039,医药生物,20090202,,SW2021,2021-07-30
300040,电力设备,20091225,20240729,SW2021,2021-07-30
300040,公用事业,20240730,,SW2021,2021-07-30
300041,基础化工,20091225,20210729,SW2021,2021-07-30
300041,基础化工,20210730,,SW2021,2021-07-30
300042,计算机,20091221,,SW2021,2021-07-30
300043,传媒,20100105,,SW2021,2021-07-30
300044,计算机,20091229,,SW2021,2021-07-30
300045,国防军工,20091229,,SW2021,2021-07-30
300046,电子,20100105,20110107,SW2021,2021-07-30
300046,电子,20110110,,SW2021,2021-07-30
300047,计算机,20091229,,SW2021,2021-07-30
300048,机械设备,20100105,,SW2021,2021-07-30
300049,医药生物,20100105,20180712,SW2021,2021-07-30
300049,医药生物,20180713,,SW2021,2021-07-30
300050,通信,20100105,,SW2021,2021-07-30
300051,计算机,20100203,20170628,SW2021,2021-07-30
300051,传媒,20170629,20240403,SW2021,2021-07-30
300051,电力设备,20240408,,SW2021,2021-07-30
300052,传媒,20100203,,SW2021,2021-07-30
300053,电子,20100104,20220728,SW2021,2021-07-30
300053,通信,20220729,20240729,SW2021,2021-07-30
300053,电子,20240730,,SW2021,2021-07-30
300054,基础化工,20100203,20210729,SW2021,2021-07-30
300054,电子,20210730,,SW2021,2021-07-30
300055,环保,20100209,20240729,SW2021,2021-07-30
300055,石油石化,20240730,,SW2021,2021-07-30
300056,环保,20100108,,SW2021,2021-07-30
300057,有色金属,20100108,,SW2021,2021-07-30
300058,传媒,20100203,,SW2021,2021-07-30
300059,非银金融,20100310,,SW2021,2021-07-30
300060,电子,20100310,,SW2021,2021-07-30
300061,传媒,20100310,,SW2021,2021-07-30
300062,电力设备,20100310,,SW2021,2021-07-30
300063,基础化工,20100118,20180615,SW2021,2021-07-30
300063,传媒,20180619,,SW2021,2021-07-30
300064,机械设备,20100318,,SW2021,2021-07-30
300065,国防军工,20100319,,SW2021,2021-07-30
300066,机械设备,20100318,,SW2021,2021-07-30
300067,基础化工,20100111,,SW2021,2021-07-30
300068,电力设备,20100409,,SW2021,2021-07-30
300069,电力设备,20100409,,SW2021,2021-07-30
300070,环保,20100412,,SW2021,2021-07-30
300071,传媒,20100412,,SW2021,2021-07-30
300072,基础化工,20100118,20210729,SW2021,2021-07-30
300072,环保,20210730,20230818,SW2021,2021-07-30
300072,基础化工,20230821,,SW2021,2021-07-30
300073,基础化工,20100416,20210729,SW2021,2021-07-30
300073,电力设备,20210730,,SW2021,2021-07-30
300074,计算机,20100416,,SW2021,2021-07-30
300075,计算机,20100419,,SW2021,2021-07-30
300076,电子,20100122,,SW2021,2021-07-30
300077,电子,20100122,,SW2021,2021-07-30
300078,电子,20100422,20200904,SW2021,2021-07-30
300078,计算机,20200907,,SW2021,2021-07-30
300079,计算机,20100422,,SW2021,2021-07-30
300080,机械设备,20100506,20230703,SW2021,2021-07-30
300080,电力设备,20230704,,SW2021,2021-07-30
300081,通信,20100507,,SW2021,2021-07-30
300082,基础化工,20100506,20210729,SW2021,2021-07-30
300082,基础化工,20210730,,SW2021,2021-07-30
300083,电子,20100512,20110107,SW2021,2021-07-30
300083,机械设备,20110110,,SW2021,2021-07-30
300084,机械设备,20100506,,SW2021,2021-07-30
300085,计算机,20100512,,SW2021,2021-07-30
300086,医药生物,20100112,,SW2021,2021-07-30
300087,农林牧渔,20100112,,SW2021,2021-07-30
300088,电子,20100125,,SW2021,2021-07-30
300089,社会服务,20100107,,SW2021,2021-07-30
300090,机械设备,20100625,,SW2021,2021-07-30
300091,机械设备,20100609,,SW2021,2021-07-30
300092,机械设备,20100629,20240729,SW2021,2021-07-30
300092,机械设备,20240730,,SW2021,2021-07-30
300093,建筑材料,20100707,20240729,SW2021,2021-07-30
300093,电力设备,20240730,,SW2021,2021-07-30
300094,农林牧渔,20100129,,SW2021,2021-07-30
300095,机械设备,20170629,20220728,SW2021,2021-07-30
300095,机械设备,20220729,,SW2021,2021-07-30
300096,计算机,20100722,,SW2021,2021-07-30
300097,机械设备,20190724,20210729,SW2021,2021-07-30
300097,机械设备,20210730,,SW2021,2021-07-30
300098,计算机,20100722,20240729,SW2021,2021-07-30
300098,通信,20240730,,SW2021,2021-07-30
300099,机械设备,20100805,,SW2021,2021-07-30
300100,汽车,20100727,,SW2021,2021-07-30
300101,国防军工,20100728,20210729,SW2021,2021-07-30
300101,国防军工,20210730,,SW2021,2021-07-30
300102,电子,20100809,20110107,SW2021,2021-07-30
300102,电子,20110110,,SW2021,2021-07-30
300103,机械设备,20100812,,SW2021,2021-07-30
300104,通信,20100812,20110930,SW2021,2021-07-30
300104,传媒,20111010,,SW2021,2021-07-30
300105,电力设备,20100818,20250508,SW2021,2021-07-30
300105,环保,20250509,,SW2021,2021-07-30
300106,食品饮料,20100809,,SW2021,2021-07-30
300107,基础化工,20100111,20210729,SW2021,2021-07-30
300107,基础化工,20210730,,SW2021,2021-07-30
300108,基础化工,20110110,20170628,SW2021,2021-07-30
300108,医药生物,20170629,,SW2021,2021-07-30
300109,基础化工,20100111,,SW2021,2021-07-30
300110,医药生物,20100111,,SW2021,2021-07-30
300111,电子,20100816,20110930,SW2021,2021-07-30
300111,电力设备,20111010,20220728,SW2021,2021-07-30
300111,医药生物,20220729,,SW2021,2021-07-30
300112,机械设备,20100810,,SW2021,2021-07-30
300113,传媒,20100809,,SW2021,2021-07-30
300115,电子,20100901,,SW2021,2021-07-30
300116,基础化工,20100901,20130628,SW2021,2021-07-30
300116,机械设备,20130701,20170628,SW2021,2021-07-30
300116,电子,20170629,20180712,SW2021,2021-07-30
300116,电力设备,20180713,,SW2021,2021-07-30
300117,建筑材料,20100817,20210729,SW2021,2021-07-30
300117,建筑装饰,20210730,,SW2021,2021-07-30
300118,电力设备,20100818,,SW2021,2021-07-30
300119,农林牧渔,20100906,,SW2021,2021-07-30
300120,电子,20100910,,SW2021,2021-07-30
300121,基础化工,20100118,20210729,SW2021,2021-07-30
300121,基础化工,20210730,,SW2021,2021-07-30
300122,医药生物,20100125,,SW2021,2021-07-30
300123,国防军工,20190724,20210729,SW2021,2021-07-30
300123,国防军工,20210730,,SW2021,2021-07-30
300124,机械设备,20100908,,SW2021,2021-07-30
300125,公用事业,20100120,,SW2021,2021-07-30
300126,机械设备,20100920,,SW2021,2021-07-30
300127,有色金属,20100201,,SW2021,2021-07-30
300128,电子,20100120,20240729,SW2021,2021-07-30
300128,电力设备,20240730,,SW2021,2021-07-30
300129,电力设备,20101008,,SW2021,2021-07-30
300130,计算机,20101008,,SW2021,2021-07-30
300131,电子,20101008,20220728,SW2021,2021-07-30
300131,电子,20220729,,SW2021,2021-07-30
300132,基础化工,20100112,20210729,SW2021,2021-07-30
300132,美容护理,20210730,,SW2021,2021-07-30
300133,传媒,20101012,,SW2021,2021-07-30
300134,通信,20101012,,SW2021,2021-07-30
300135,石油石化,20100112,,SW2021,2021-07-30
300136,电子,20101025,,SW2021,2021-07-30
300137,机械设备,20101025,20150630,SW2021,2021-07-30
300137,环保,20150701,,SW2021,2021-07-30
300138,农林牧渔,20101025,,SW2021,2021-07-30
300139,公用事业,20100104,20220728,SW2021,2021-07-30
300139,有色金属,20220729,,SW2021,2021-07-30
300140,机械设备,20101101,20140630,SW2021,2021-07-30
300140,环保,20140701,20220728,SW2021,2021-07-30
300140,电力设备,20220729,20240729,SW2021,2021-07-30
300140,环保,20240730,,SW2021,2021-07-30
300141,电力设备,20101101,,SW2021,2021-07-30
300142,医药生物,20100104,,SW2021,2021-07-30
300143,农林牧渔,20100129,20180712,SW2021,2021-07-30
300143,医药生物,20180713,,SW2021,2021-07-30
300144,社会服务,20100129,,SW2021,2021-07-30
300145,机械设备,20101129,,SW2021,2021-07-30
300146,食品饮料,20101206,20210729,SW2021,2021-07-30
300146,食品饮料,20210730,,SW2021,2021-07-30
300147,医药生物,20100106,,SW2021,2021-07-30
300148,传媒,20101206,20230703,SW2021,2021-07-30
300148,传媒,20230704,,SW2021,2021-07-30
300149,农林牧渔,20101213,20190510,SW2021,2021-07-30
300149,医药生物,20190513,,SW2021,2021-07-30
300150,计算机,20101213,,SW2021,2021-07-30
300151,机械设备,20101213,20170628,SW2021,2021-07-30
300151,机械设备,20170629,,SW2021,2021-07-30
300152,电力设备,20101220,20171208,SW2021,2021-07-30
300152,环保,20171211,,SW2021,2021-07-30
300153,电力设备,20101220,,SW2021,2021-07-30
300154,机械设备,20101220,,SW2021,2021-07-30
300155,计算机,20101227,,SW2021,2021-07-30
300156,环保,20110107,,SW2021,2021-07-30
300157,石油石化,20101227,20230703,SW2021,2021-07-30
300157,机械设备,20230704,,SW2021,2021-07-30
300158,医药生物,20180713,20230703,SW2021,2021-07-30
300158,医药生物,20230704,,SW2021,2021-07-30
300159,机械设备,20101227,20170628,SW2021,2021-07-30
300159,国防军工,20170629,20220728,SW2021,2021-07-30
300159,机械设备,20220729,,SW2021,2021-07-30
300160,家用电器,20110104,,SW2021,2021-07-30
300161,机械设备,20110104,,SW2021,2021-07-30
300162,电子,20110104,20110107,SW2021,2021-07-30
300162,电子,20110110,,SW2021,2021-07-30
300163,基础化工,20110104,,SW2021,2021-07-30
300164,石油石化,20110104,,SW2021,2021-07-30
300165,机械设备,20110114,,SW2021,2021-07-30
300166,计算机,20110114,,SW2021,2021-07-30
300167,计算机,20110114,,SW2021,2021-07-30
300168,计算机,20110114,,SW2021,2021-07-30
300169,基础化工,20110114,,SW2021,2021-07-30
300170,计算机,20110124,,SW2021,2021-07-30
300171,机械设备,20110124,20210729,SW2021,2021-07-30
300171,医药生物,20210730,,SW2021,2021-07-30
300172,环保,20110124,,SW2021,2021-07-30
300173,机械设备,20210730,20220728,SW2021,2021-07-30
300173,电力设备,20220729,,SW2021,2021-07-30
300174,基础化工,20110124,,SW2021,2021-07-30
300175,农林牧渔,20110127,,SW2021,2021-07-30
300176,汽车,20110127,,SW2021,2021-07-30
300177,国防军工,20110127,,SW2021,2021-07-30
300178,社会服务,20110127,,SW2021,2021-07-30
300179,机械设备,20110127,,SW2021,2021-07-30
300180,基础化工,20110110,20110930,SW2021,2021-07-30
300180,基础化工,20111010,,SW2021,2021-07-30
300181,医药生物,20110110,,SW2021,2021-07-30
300182,传媒,20110210,,SW2021,2021-07-30
300183,通信,20110110,,SW2021,2021-07-30
300184,电子,20110110,,SW2021,2021-07-30
300185,电力设备,20110225,,SW2021,2021-07-30
300186,农林牧渔,20110110,20110224,SW2021,2021-07-30
300186,农林牧渔,20110225,,SW2021,2021-07-30
300187,环保,20110125,20220728,SW2021,2021-07-30
300187,环保,20220729,,SW2021,2021-07-30
300188,计算机,20110307,,SW2021,2021-07-30
300189,农林牧渔,20110107,,SW2021,2021-07-30
300190,环保,20110107,,SW2021,2021-07-30
300191,石油石化,20110110,,SW2021,2021-07-30
300192,基础化工,20110114,20190723,SW2021,2021-07-30
300192,社会服务,20190724,,SW2021,2021-07-30
300193,机械设备,20110314,,SW2021,2021-07-30
300194,医药生物,20110114,,SW2021,2021-07-30
300195,机械设备,20110321,,SW2021,2021-07-30
300196,建筑材料,20110321,,SW2021,2021-07-30
300197,建筑装饰,20110321,,SW2021,2021-07-30
300198,建筑材料,20110328,,SW2021,2021-07-30
300199,医药生物,20110128,,SW2021,2021-07-30
300200,基础化工,20110328,20110930,SW2021,2021-07-30
300200,基础化工,20111010,,SW2021,2021-07-30
300201,机械设备,20110328,20210729,SW2021,2021-07-30
300201,机械设备,20210730,,SW2021,2021-07-30
300202,计算机,20110406,,SW2021,2021-07-30
300203,机械设备,20150701,20170525,SW2021,2021-07-30
300203,环保,20170526,20220728,SW2021,2021-07-30
300203,环保,20220729,,SW2021,2021-07-30
300204,医药生物,20110106,20220728,SW2021,2021-07-30
300204,医药生物,20220729,,SW2021,2021-07-30
300205,通信,20110413,,SW2021,2021-07-30
300206,医药生物,20110113,,SW2021,2021-07-30
300207,电子,20110110,20110930,SW2021,2021-07-30
300207,电力设备,20111010,,SW2021,2021-07-30
300208,综合,20110418,,SW2021,2021-07-30
300209,计算机,20110418,,SW2021,2021-07-30
300210,机械设备,20110418,20210729,SW2021,2021-07-30
300210,环保,20210730,,SW2021,2021-07-30
300211,通信,20110425,,SW2021,2021-07-30
300212,计算机,20110425,,SW2021,2021-07-30
300213,通信,20110425,,SW2021,2021-07-30
300214,基础化工,20210730,20220728,SW2021,2021-07-30
300214,基础化工,20220729,,SW2021,2021-07-30
300215,社会服务,20110503,,SW2021,2021-07-30
300216,机械设备,20110104,,SW2021,2021-07-30
300217,家用电器,20110110,20110930,SW2021,2021-07-30
300217,家用电器,20111010,,SW2021,2021-07-30
300218,基础化工,20110110,20110930,SW2021,2021-07-30
300218,基础化工,20111010,,SW2021,2021-07-30
300219,电子,20110110,20110509,SW2021,2021-07-30
300219,电子,20111010,,SW2021,2021-07-30
300220,电子,20110117,20210729,SW2021,2021-07-30
300220,机械设备,20210730,20220728,SW2021,2021-07-30
300220,轻工制造,20220729,,SW2021,2021-07-30
300221,基础化工,20110516,20110930,SW2021,2021-07-30
300221,基础化工,20111010,,SW2021,2021-07-30
300222,电力设备,20110516,20180712,SW2021,2021-07-30
300222,机械设备,20180713,20210729,SW2021,2021-07-30
300222,电力设备,20210730,,SW2021,2021-07-30
300223,电子,20110124,,SW2021,2021-07-30
300224,有色金属,20110124,,SW2021,2021-07-30
300225,基础化工,20110124,,SW2021,2021-07-30
300226,计算机,20110530,,SW2021,2021-07-30
300227,电子,20110110,20110930,SW2021,2021-07-30
300227,机械设备,20111010,,SW2021,2021-07-30
300228,机械设备,20110530,,SW2021,2021-07-30
300229,计算机,20110607,,SW2021,2021-07-30
300230,基础化工,20110107,,SW2021,2021-07-30
300231,计算机,20110607,,SW2021,2021-07-30
300232,电子,20110110,20110613,SW2021,2021-07-30
300232,电子,20111010,,SW2021,2021-07-30
300233,医药生物,20110114,20190723,SW2021,2021-07-30
300233,医药生物,20190724,,SW2021,2021-07-30
300234,建筑材料,20110614,,SW2021,2021-07-30
300235,计算机,20110620,,SW2021,2021-07-30
300236,基础化工,20110120,20210729,SW2021,2021-07-30
300236,电子,20210730,,SW2021,2021-07-30
300237,建筑装饰,20110620,20220728,SW2021,2021-07-30
300237,汽车,20220729,,SW2021,2021-07-30
300238,医药生物,20110127,,SW2021,2021-07-30
300239,医药生物,20110127,,SW2021,2021-07-30
300240,交通运输,20110127,,SW2021,2021-07-30
300241,电子,20110110,20110701,SW2021,2021-07-30
300241,电子,20111010,,SW2021,2021-07-30
300242,传媒,20110704,,SW2021,2021-07-30
300243,基础化工,20110104,20210729,SW2021,2021-07-30
300243,基础化工,20210730,,SW2021,2021-07-30
300244,医药生物,20110111,,SW2021,2021-07-30
300245,计算机,20110711,,SW2021,2021-07-30
300246,医药生物,20110111,,SW2021,2021-07-30
300247,家用电器,20110118,,SW2021,2021-07-30
300248,计算机,20110720,20210729,SW2021,2021-07-30
300248,计算机,20210730,,SW2021,2021-07-30
300249,家用电器,20110125,20210729,SW2021,2021-07-30
300249,计算机,20210730,,SW2021,2021-07-30
300250,计算机,20110725,,SW2021,2021-07-30
300251,传媒,20110726,,SW2021,2021-07-30
300252,国防军工,20110801,,SW2021,2021-07-30
300253,计算机,20110805,,SW2021,2021-07-30
300254,医药生物,20110110,,SW2021,2021-07-30
300255,医药生物,20110808,20170628,SW2021,2021-07-30
300255,医药生物,20170629,,SW2021,2021-07-30
300256,电子,20110110,20110930,SW2021,2021-07-30
300256,电子,20111010,,SW2021,2021-07-30
300257,机械设备,20110809,,SW2021,2021-07-30
300258,汽车,20110817,,SW2021,2021-07-30
300259,机械设备,20110818,,SW2021,2021-07-30
300260,机械设备,20110823,,SW2021,2021-07-30
300261,医药生物,20110131,20170628,SW2021,2021-07-30
300261,基础化工,20170629,,SW2021,2021-07-30
300262,环保,20110105,,SW2021,2021-07-30
300263,机械设备,20110907,20170628,SW2021,2021-07-30
300263,机械设备,20170629,,SW2021,2021-07-30
300264,计算机,20110906,,SW2021,2021-07-30
300265,电力设备,20110905,,SW2021,2021-07-30
300266,机械设备,20150213,20151009,SW2021,2021-07-30
300266,环保,20151012,,SW2021,2021-07-30
300267,医药生物,20110117,,SW2021,2021-07-30
300268,农林牧渔,20110915,20110930,SW2021,2021-07-30
300268,农林牧渔,20111010,,SW2021,2021-07-30
300269,电子,20111010,20170628,SW2021,2021-07-30
300269,传媒,20170629,20220728,SW2021,2021-07-30
300269,电子,20220729,,SW2021,2021-07-30
300270,计算机,20110927,,SW2021,2021-07-30
300271,计算机,20111010,,SW2021,2021-07-30
300272,家用电器,20110121,20240516,SW2021,2021-07-30
300272,家用电器,20240517,,SW2021,2021-07-30
300273,医药生物,20110118,,SW2021,2021-07-30
300274,电力设备,20111024,,SW2021,2021-07-30
300275,机械设备,20111025,20220728,SW2021,2021-07-30
300275,计算机,20220729,,SW2021,2021-07-30
300276,机械设备,20111103,20210729,SW2021,2021-07-30
300276,机械设备,20210730,,SW2021,2021-07-30
300277,计算机,20111114,,SW2021,2021-07-30
300278,机械设备,20111207,20210729,SW2021,2021-07-30
300278,机械设备,20210730,,SW2021,2021-07-30
300279,电子,20110119,20240729,SW2021,2021-07-30
300279,家用电器,20240730,,SW2021,2021-07-30
300280,机械设备,20111220,20190723,SW2021,2021-07-30
300280,传媒,20190724,,SW2021,2021-07-30
300281,机械设备,20111219,,SW2021,2021-07-30
300282,社会服务,20110119,,SW2021,2021-07-30
300283,电力设备,20111228,,SW2021,2021-07-30
300284,建筑装饰,20111227,,SW2021,2021-07-30
300285,基础化工,20210730,20220728,SW2021,2021-07-30
300285,电子,20220729,,SW2021,2021-07-30
300286,电力设备,20120104,,SW2021,2021-07-30
300287,计算机,20120116,,SW2021,2021-07-30
300288,计算机,20120116,,SW2021,2021-07-30
300289,医药生物,20120109,,SW2021,2021-07-30
300290,计算机,20120208,,SW2021,2021-07-30
300291,传媒,20120201,,SW2021,2021-07-30
300292,通信,20120221,,SW2021,2021-07-30
300293,机械设备,20120228,,SW2021,2021-07-30
300294,医药生物,20120130,,SW2021,2021-07-30
300295,传媒,20120305,,SW2021,2021-07-30
300296,电子,20120105,,SW2021,2021-07-30
300297,计算机,20120305,,SW2021,2021-07-30
300298,医药生物,20120106,,SW2021,2021-07-30
300299,传媒,20120308,,SW2021,2021-07-30
300300,计算机,20120307,,SW2021,2021-07-30
300301,电子,20120112,,SW2021,2021-07-30
300302,计算机,20120313,,SW2021,2021-07-30
300303,电子,20120109,,SW2021,2021-07-30
300304,汽车,20120313,,SW2021,2021-07-30
300305,基础化工,20120119,20210729,SW2021,2021-07-30
300305,基础化工,20210730,,SW2021,2021-07-30
300306,机械设备,20120321,,SW2021,2021-07-30
300307,机械设备,20120320,,SW2021,2021-07-30
300308,电力设备,20120326,20180712,SW2021,2021-07-30
300308,通信,20180713,,SW2021,2021-07-30
300309,机械设备,20120327,20180712,SW2021,2021-07-30
300309,非银金融,20180713,,SW2021,2021-07-30
300310,通信,20120416,,SW2021,2021-07-30
300311,计算机,20120416,,SW2021,2021-07-30
300312,通信,20120425,,SW2021,2021-07-30
300313,农林牧渔,20120117,,SW2021,2021-07-30
300314,医药生物,20120130,,SW2021,2021-07-30
300315,传媒,20120427,,SW2021,2021-07-30
300316,电力设备,20120427,,SW2021,2021-07-30
300317,电子,20120104,20170628,SW2021,2021-07-30
300317,公用事业,20170629,,SW2021,2021-07-30
300318,医药生物,20120116,20240729,SW2021,2021-07-30
300318,医药生物,20240730,,SW2021,2021-07-30
300319,电子,20120116,20170628,SW2021,2021-07-30
300319,电子,20210730,,SW2021,2021-07-30
300320,基础化工,20120130,,SW2021,2021-07-30
300321,基础化工,20120116,,SW2021,2021-07-30
300322,电子,20120528,,SW2021,2021-07-30
300323,电子,20120130,,SW2021,2021-07-30
300324,计算机,20120523,20210729,SW2021,2021-07-30
300324,计算机,20210730,,SW2021,2021-07-30
300325,基础化工,20120130,,SW2021,2021-07-30
300326,医药生物,20120105,,SW2021,2021-07-30
300327,电子,20120104,,SW2021,2021-07-30
300328,有色金属,20210730,20220728,SW2021,2021-07-30
300328,有色金属,20220729,,SW2021,2021-07-30
300329,轻工制造,20120109,,SW2021,2021-07-30
300330,计算机,20120607,20210729,SW2021,2021-07-30
300330,计算机,20210730,,SW2021,2021-07-30
300331,电子,20120116,20220728,SW2021,2021-07-30
300331,电子,20220729,,SW2021,2021-07-30
300332,公用事业,20120118,,SW2021,2021-07-30
300333,计算机,20120619,,SW2021,2021-07-30
300334,环保,20120130,,SW2021,2021-07-30
300335,公用事业,20120130,,SW2021,2021-07-30
300336,传媒,20120628,,SW2021,2021-07-30
300337,有色金属,20120710,,SW2021,2021-07-30
300338,机械设备,20120718,20180712,SW2021,2021-07-30
300338,社会服务,20180713,,SW2021,2021-07-30
300339,计算机,20120710,,SW2021,2021-07-30
300340,电子,20120117,20210729,SW2021,2021-07-30
300340,电力设备,20210730,,SW2021,2021-07-30
300341,电力设备,20210730,20220728,SW2021,2021-07-30
300341,机械设备,20220729,20230703,SW2021,2021-07-30
300341,医药生物,20230704,,SW2021,2021-07-30
300342,家用电器,20120116,,SW2021,2021-07-30
300343,基础化工,20120720,20150821,SW2021,2021-07-30
300343,传媒,20150824,20230703,SW2021,2021-07-30
300343,基础化工,20230704,,SW2021,2021-07-30
300344,建筑材料,20120720,20190723,SW2021,2021-07-30
300344,计算机,20190724,,SW2021,2021-07-30
300345,机械设备,20120724,20240729,SW2021,2021-07-30
300345,电力设备,20240730,,SW2021,2021-07-30
300346,电子,20180713,20210729,SW2021,2021-07-30
300346,电子,20210730,,SW2021,2021-07-30
300347,医药生物,20120109,,SW2021,2021-07-30
300348,计算机,20120808,,SW2021,2021-07-30
300349,机械设备,20120809,,SW2021,2021-07-30
300350,交通运输,20120113,,SW2021,2021-07-30
300351,机械设备,20120912,,SW2021,2021-07-30
300352,计算机,20120904,,SW2021,2021-07-30
300353,通信,20120911,,SW2021,2021-07-30
300354,机械设备,20120910,,SW2021,2021-07-30
300355,建筑装饰,20120917,,SW2021,2021-07-30
300356,电力设备,20120924,,SW2021,2021-07-30
300357,医药生物,20140108,,SW2021,2021-07-30
300358,医药生物,20140108,,SW2021,2021-07-30
300359,社会服务,20140108,,SW2021,2021-07-30
300360,电力设备,20140108,,SW2021,2021-07-30
300361,医药生物,20140108,,SW2021,2021-07-30
300362,电力设备,20140108,20180615,SW2021,2021-07-30
300362,环保,20180619,,SW2021,2021-07-30
300363,医药生物,20140108,20210729,SW2021,2021-07-30
300363,医药生物,20210730,,SW2021,2021-07-30
300364,传媒,20150115,,SW2021,2021-07-30
300365,计算机,20140108,20210729,SW2021,2021-07-30
300365,计算机,20210730,,SW2021,2021-07-30
300366,计算机,20140108,,SW2021,2021-07-30
300367,计算机,20140108,,SW2021,2021-07-30
300368,计算机,20140108,,SW2021,2021-07-30
300369,计算机,20140108,,SW2021,2021-07-30
300370,机械设备,20140108,,SW2021,2021-07-30
300371,机械设备,20140108,,SW2021,2021-07-30
300372,电力设备,20140108,,SW2021,2021-07-30
300373,电子,20140108,,SW2021,2021-07-30
300374,建筑材料,20150109,,SW2021,2021-07-30
300375,汽车,20140108,,SW2021,2021-07-30
300376,电力设备,20140108,,SW2021,2021-07-30
300377,计算机,20140108,,SW2021,2021-07-30
300378,计算机,20140108,,SW2021,2021-07-30
300379,计算机,20140122,,SW2021,2021-07-30
300380,计算机,20140122,,SW2021,2021-07-30
300381,医药生物,20140122,,SW2021,2021-07-30
300382,机械设备,20140122,,SW2021,2021-07-30
300383,计算机,20140122,20230703,SW2021,2021-07-30
300383,通信,20230704,,SW2021,2021-07-30
300384,计算机,20140207,20180712,SW2021,2021-07-30
300384,基础化工,20180713,20190723,SW2021,2021-07-30
300384,建筑装饰,20190724,,SW2021,2021-07-30
300385,环保,20140120,,SW2021,2021-07-30
300386,计算机,20140120,,SW2021,2021-07-30
300387,基础化工,20140102,20210729,SW2021,2021-07-30
300387,基础化工,20210730,,SW2021,2021-07-30
300388,环保,20140207,,SW2021,2021-07-30
300389,电子,20140207,,SW2021,2021-07-30
300390,电子,20140207,20220728,SW2021,2021-07-30
300390,有色金属,20220729,20230914,SW2021,2021-07-30
300390,电力设备,20230915,,SW2021,2021-07-30
300391,汽车,20140207,20220728,SW2021,2021-07-30
300391,医药生物,20220729,,SW2021,2021-07-30
300392,传媒,20140110,,SW2021,2021-07-30
300393,电力设备,20140116,,SW2021,2021-07-30
300394,电子,20150115,20180712,SW2021,2021-07-30
300394,通信,20180713,,SW2021,2021-07-30
300395,基础化工,20140124,20140909,SW2021,2021-07-30
300395,建筑材料,20140910,20141121,SW2021,2021-07-30
300395,国防军工,20210730,,SW2021,2021-07-30
300396,医药生物,20140110,,SW2021,2021-07-30
300397,机械设备,20140110,20170628,SW2021,2021-07-30
300397,国防军工,20170629,20220728,SW2021,2021-07-30
300397,国防军工,20220729,,SW2021,2021-07-30
300398,基础化工,20140127,20210729,SW2021,2021-07-30
300398,电子,20210730,,SW2021,2021-07-30
300399,计算机,20140127,,SW2021,2021-07-30
300400,机械设备,20140127,20210729,SW2021,2021-07-30
300400,机械设备,20210730,,SW2021,2021-07-30
300401,医药生物,20140127,,SW2021,2021-07-30
300402,机械设备,20140127,20170628,SW2021,2021-07-30
300402,机械设备,20170629,,SW2021,2021-07-30
300403,家用电器,20140124,,SW2021,2021-07-30
300404,医药生物,20150113,,SW2021,2021-07-30
300405,基础化工,20140124,,SW2021,2021-07-30
300406,医药生物,20140124,,SW2021,2021-07-30
300407,电力设备,20140127,,SW2021,2021-07-30
300408,电子,20140127,,SW2021,2021-07-30
300409,基础化工,20140127,20190723,SW2021,2021-07-30
300409,电力设备,20210730,,SW2021,2021-07-30
300410,电子,20140120,20180712,SW2021,2021-07-30
300410,机械设备,20180713,20220728,SW2021,2021-07-30
300410,电力设备,20220729,,SW2021,2021-07-30
300411,机械设备,20140120,,SW2021,2021-07-30
300412,机械设备,20140120,,SW2021,2021-07-30
300413,传媒,20150115,,SW2021,2021-07-30
300414,通信,20150106,,SW2021,2021-07-30
300415,机械设备,20150115,,SW2021,2021-07-30
300416,机械设备,20150115,20220728,SW2021,2021-07-30
300416,社会服务,20220729,,SW2021,2021-07-30
300417,机械设备,20150115,,SW2021,2021-07-30
300418,传媒,20150115,,SW2021,2021-07-30
300419,计算机,20150115,,SW2021,2021-07-30
300420,机械设备,20150115,,SW2021,2021-07-30
300421,机械设备,20150115,,SW2021,2021-07-30
300422,环保,20150216,,SW2021,2021-07-30
300423,电力设备,20150115,,SW2021,2021-07-30
300424,国防军工,20150413,,SW2021,2021-07-30
300425,环保,20150115,20230223,SW2021,2021-07-30
300425,环保,20240730,,SW2021,2021-07-30
300426,传媒,20150216,,SW2021,2021-07-30
300427,电力设备,20150115,,SW2021,2021-07-30
300428,有色金属,20150109,20190723,SW2021,2021-07-30
300428,汽车,20190724,,SW2021,2021-07-30
300429,基础化工,20150309,20210729,SW2021,2021-07-30
300429,电子,20210730,,SW2021,2021-07-30
300430,机械设备,20150309,,SW2021,2021-07-30
300431,传媒,20150309,,SW2021,2021-07-30
300432,汽车,20150109,20230703,SW2021,2021-07-30
300432,电力设备,20230704,,SW2021,2021-07-30
300433,电子,20150109,,SW2021,2021-07-30
300434,机械设备,20150413,20180712,SW2021,2021-07-30
300434,医药生物,20180713,,SW2021,2021-07-30
300435,机械设备,20150116,20200221,SW2021,2021-07-30
300435,公用事业,20200224,,SW2021,2021-07-30
300436,医药生物,20150113,,SW2021,2021-07-30
300437,基础化工,20150113,20210729,SW2021,2021-07-30
300437,环保,20210730,,SW2021,2021-07-30
300438,电子,20150113,20210223,SW2021,2021-07-30
300438,电力设备,20210224,,SW2021,2021-07-30
300439,医药生物,20150113,,SW2021,2021-07-30
300440,计算机,20150413,,SW2021,2021-07-30
300441,机械设备,20150413,,SW2021,2021-07-30
300442,机械设备,20150413,20230703,SW2021,2021-07-30
300442,通信,20230704,,SW2021,2021-07-30
300443,电力设备,20150113,,SW2021,2021-07-30
300444,电力设备,20150113,,SW2021,2021-07-30
300445,机械设备,20150113,,SW2021,2021-07-30
300446,基础化工,20170629,20210729,SW2021,2021-07-30
300446,电子,20210730,20240729,SW2021,2021-07-30
300446,汽车,20240730,,SW2021,2021-07-30
300447,国防军工,20150113,,SW2021,2021-07-30
300448,计算机,20150113,,SW2021,2021-07-30
300449,计算机,20150113,,SW2021,2021-07-30
300450,机械设备,20190724,20210729,SW2021,2021-07-30
300450,电力设备,20210730,,SW2021,2021-07-30
300451,计算机,20150106,,SW2021,2021-07-30
300452,医药生物,20150106,,SW2021,2021-07-30
300453,医药生物,20150106,,SW2021,2021-07-30
300454,计算机,20180507,,SW2021,2021-07-30
300455,计算机,20150106,20170628,SW2021,2021-07-30
300455,计算机,20170629,,SW2021,2021-07-30
300456,国防军工,20150506,20200729,SW2021,2021-07-30
300456,电子,20200730,,SW2021,2021-07-30
300457,机械设备,20150506,20210729,SW2021,2021-07-30
300457,电力设备,20210730,,SW2021,2021-07-30
300458,电子,20150106,,SW2021,2021-07-30
300459,传媒,20150106,,SW2021,2021-07-30
300460,电子,20150106,,SW2021,2021-07-30
300461,机械设备,20150126,20210729,SW2021,2021-07-30
300461,机械设备,20210730,,SW2021,2021-07-30
300462,计算机,20150126,,SW2021,2021-07-30
300463,医药生物,20150525,,SW2021,2021-07-30
300464,机械设备,20150115,20190723,SW2021,2021-07-30
300464,商贸零售,20190724,,SW2021,2021-07-30
300465,计算机,20150126,,SW2021,2021-07-30
300466,电力设备,20150126,20220728,SW2021,2021-07-30
300466,机械设备,20220729,20240729,SW2021,2021-07-30
300466,机械设备,20240730,,SW2021,2021-07-30
300467,传媒,20150525,,SW2021,2021-07-30
300468,计算机,20150126,,SW2021,2021-07-30
300469,计算机,20150611,,SW2021,2021-07-30
300470,机械设备,20150115,,SW2021,2021-07-30
300471,机械设备,20150611,,SW2021,2021-07-30
300472,机械设备,20150115,,SW2021,2021-07-30
300473,汽车,20150115,,SW2021,2021-07-30
300474,国防军工,20160331,20210729,SW2021,2021-07-30
300474,国防军工,20210730,,SW2021,2021-07-30
300475,家用电器,20150115,20220519,SW2021,2021-07-30
300475,电子,20220520,,SW2021,2021-07-30
300476,电子,20150115,,SW2021,2021-07-30
300477,电力设备,20150115,20230703,SW2021,2021-07-30
300477,电力设备,20230704,,SW2021,2021-07-30
300478,基础化工,20150115,20210729,SW2021,2021-07-30
300478,基础化工,20210730,,SW2021,2021-07-30
300479,计算机,20150115,,SW2021,2021-07-30
300480,机械设备,20150119,,SW2021,2021-07-30
300481,基础化工,20150119,20210729,SW2021,2021-07-30
300481,电子,20210730,,SW2021,2021-07-30
300482,医药生物,20150116,,SW2021,2021-07-30
300483,机械设备,20150119,20210729,SW2021,2021-07-30
300483,公用事业,20210730,,SW2021,2021-07-30
300484,机械设备,20160322,,SW2021,2021-07-30
300485,医药生物,20150116,20170628,SW2021,2021-07-30
300485,医药生物,20170629,,SW2021,2021-07-30
300486,机械设备,20150618,20210729,SW2021,2021-07-30
300486,机械设备,20210730,,SW2021,2021-07-30
300487,基础化工,20150119,20210729,SW2021,2021-07-30
300487,基础化工,20210730,,SW2021,2021-07-30
300488,机械设备,20150618,,SW2021,2021-07-30
300489,基础化工,20150119,20190723,SW2021,2021-07-30
300489,有色金属,20210730,20220728,SW2021,2021-07-30
300489,机械设备,20220729,20240531,SW2021,2021-07-30
300489,电子,20240603,,SW2021,2021-07-30
300490,电力设备,20151231,20230703,SW2021,2021-07-30
300490,电力设备,20230704,,SW2021,2021-07-30
300491,电力设备,20151231,,SW2021,2021-07-30
300492,建筑装饰,20151105,20210729,SW2021,2021-07-30
300492,建筑装饰,20210730,,SW2021,2021-07-30
300493,电子,20151210,,SW2021,2021-07-30
300494,传媒,20151231,,SW2021,2021-07-30
300495,建筑装饰,20150701,,SW2021,2021-07-30
300496,计算机,20151210,,SW2021,2021-07-30
300497,医药生物,20151222,,SW2021,2021-07-30
300498,农林牧渔,20151102,,SW2021,2021-07-30
300499,机械设备,20160202,,SW2021,2021-07-30
300500,建筑装饰,20160203,20210729,SW2021,2021-07-30
300500,建筑装饰,20210730,,SW2021,2021-07-30
300501,轻工制造,20160204,,SW2021,2021-07-30
300502,电子,20160303,20180712,SW2021,2021-07-30
300502,通信,20180713,,SW2021,2021-07-30
300503,机械设备,20160304,,SW2021,2021-07-30
300504,通信,20180330,,SW2021,2021-07-30
300505,基础化工,20160315,,SW2021,2021-07-30
300506,建筑装饰,20160324,,SW2021,2021-07-30
300507,汽车,20160418,,SW2021,2021-07-30
300508,计算机,20160419,20210729,SW2021,2021-07-30
300508,计算机,20210730,,SW2021,2021-07-30
300509,机械设备,20160418,,SW2021,2021-07-30
300510,电力设备,20160425,,SW2021,2021-07-30
300511,农林牧渔,20160418,20210729,SW2021,2021-07-30
300511,农林牧渔,20210730,,SW2021,2021-07-30
300512,机械设备,20160509,,SW2021,2021-07-30
300513,计算机,20160525,20190723,SW2021,2021-07-30
300513,通信,20190724,,SW2021,2021-07-30
300514,电力设备,20170419,,SW2021,2021-07-30
300515,机械设备,20160525,,SW2021,2021-07-30
300516,电子,20160525,,SW2021,2021-07-30
300517,建筑装饰,20160624,,SW2021,2021-07-30
300518,传媒,20160624,20220728,SW2021,2021-07-30
300518,商贸零售,20220729,,SW2021,2021-07-30
300519,医药生物,20160624,,SW2021,2021-07-30
300520,计算机,20160624,,SW2021,2021-07-30
300521,机械设备,20160624,,SW2021,2021-07-30
300522,基础化工,20160624,20180712,SW2021,2021-07-30
300522,基础化工,20180713,,SW2021,2021-07-30
300523,计算机,20160718,,SW2021,2021-07-30
300525,计算机,20160718,,SW2021,2021-07-30
300526,纺织服饰,20160718,,SW2021,2021-07-30
300527,国防军工,20160718,20180712,SW2021,2021-07-30
300527,国防军工,20180713,,SW2021,2021-07-30
300528,传媒,20160804,,SW2021,2021-07-30
300529,医药生物,20160718,,SW2021,2021-07-30
300530,基础化工,20160804,,SW2021,2021-07-30
300531,计算机,20160804,,SW2021,2021-07-30
300532,计算机,20160804,,SW2021,2021-07-30
300533,传媒,20160804,,SW2021,2021-07-30
300534,医药生物,20160907,,SW2021,2021-07-30
300535,基础化工,20160804,20210729,SW2021,2021-07-30
300535,基础化工,20210730,,SW2021,2021-07-30
300536,建筑装饰,20160823,,SW2021,2021-07-30
300537,基础化工,20160823,20210729,SW2021,2021-07-30
300537,电子,20210730,,SW2021,2021-07-30
300538,基础化工,20160823,,SW2021,2021-07-30
300539,基础化工,20160823,20170628,SW2021,2021-07-30
300539,基础化工,20170629,,SW2021,2021-07-30
300540,机械设备,20160823,20170628,SW2021,2021-07-30
300540,机械设备,20170629,,SW2021,2021-07-30
300541,计算机,20160907,,SW2021,2021-07-30
300542,计算机,20160907,,SW2021,2021-07-30
300543,电子,20160907,20240729,SW2021,2021-07-30
300543,家用电器,20240730,,SW2021,2021-07-30
300545,电子,20160928,,SW2021,2021-07-30
300546,计算机,20160928,,SW2021,2021-07-30
300547,建筑材料,20160930,20170628,SW2021,2021-07-30
300547,汽车,20170629,,SW2021,2021-07-30
300548,通信,20161012,,SW2021,2021-07-30
300549,机械设备,20160930,20170628,SW2021,2021-07-30
300549,机械设备,20170629,,SW2021,2021-07-30
300550,计算机,20161017,,SW2021,2021-07-30
300551,机械设备,20161017,20210517,SW2021,2021-07-30
300551,计算机,20210518,,SW2021,2021-07-30
300552,计算机,20161017,,SW2021,2021-07-30
300553,机械设备,20161017,,SW2021,2021-07-30
300554,机械设备,20170419,,SW2021,2021-07-30
300555,通信,20161017,,SW2021,2021-07-30
300556,计算机,20161028,,SW2021,2021-07-30
300557,机械设备,20161028,,SW2021,2021-07-30
300558,医药生物,20161028,,SW2021,2021-07-30
300559,计算机,20161028,,SW2021,2021-07-30
300560,通信,20161028,,SW2021,2021-07-30
300561,计算机,20161107,,SW2021,2021-07-30
300562,医药生物,20161107,,SW2021,2021-07-30
300563,通信,20161107,,SW2021,2021-07-30
300564,建筑装饰,20191028,20210729,SW2021,2021-07-30
300564,建筑装饰,20210730,,SW2021,2021-07-30
300565,通信,20161107,,SW2021,2021-07-30
300566,电子,20161107,20170628,SW2021,2021-07-30
300566,电子,20170629,,SW2021,2021-07-30
300567,机械设备,20161122,,SW2021,2021-07-30
300568,基础化工,20170629,20210729,SW2021,2021-07-30
300568,电力设备,20210730,,SW2021,2021-07-30
300569,电力设备,20161125,,SW2021,2021-07-30
300570,通信,20161201,,SW2021,2021-07-30
300571,通信,20161201,,SW2021,2021-07-30
300572,机械设备,20161201,20210729,SW2021,2021-07-30
300572,社会服务,20210730,,SW2021,2021-07-30
300573,医药生物,20161201,,SW2021,2021-07-30
300575,基础化工,20161212,,SW2021,2021-07-30
300576,基础化工,20161212,20210729,SW2021,2021-07-30
300576,电子,20210730,,SW2021,2021-07-30
300577,纺织服饰,20161212,20210729,SW2021,2021-07-30
300577,纺织服饰,20210730,,SW2021,2021-07-30
300578,通信,20170116,,SW2021,2021-07-30
300579,计算机,20161212,,SW2021,2021-07-30
300580,汽车,20161212,,SW2021,2021-07-30
300581,国防军工,20161212,20170628,SW2021,2021-07-30
300581,国防军工,20170629,,SW2021,2021-07-30
300582,电子,20161212,,SW2021,2021-07-30
300583,医药生物,20161226,,SW2021,2021-07-30
300584,医药生物,20170105,,SW2021,2021-07-30
300585,汽车,20161219,,SW2021,2021-07-30
300586,基础化工,20170629,20210729,SW2021,2021-07-30
300586,基础化工,20210730,,SW2021,2021-07-30
300587,基础化工,20161219,,SW2021,2021-07-30
300588,计算机,20161219,,SW2021,2021-07-30
300589,国防军工,20170105,,SW2021,2021-07-30
300590,通信,20170105,,SW2021,2021-07-30
300591,纺织服饰,20161226,,SW2021,2021-07-30
300592,建筑装饰,20170105,20220707,SW2021,2021-07-30
300592,商贸零售,20220708,,SW2021,2021-07-30
300593,电力设备,20161226,,SW2021,2021-07-30
300594,机械设备,20190606,,SW2021,2021-07-30
300595,医药生物,20170116,,SW2021,2021-07-30
300596,基础化工,20210730,20220728,SW2021,2021-07-30
300596,基础化工,20220729,,SW2021,2021-07-30
300597,通信,20170116,,SW2021,2021-07-30
300598,计算机,20170116,,SW2021,2021-07-30
300599,建筑材料,20170116,,SW2021,2021-07-30
300600,国防军工,20170116,,SW2021,2021-07-30
300601,医药生物,20170116,,SW2021,2021-07-30
300602,电子,20170116,,SW2021,2021-07-30
300603,通信,20170116,20220728,SW2021,2021-07-30
300603,通信,20220729,,SW2021,2021-07-30
300604,机械设备,20170405,20210729,SW2021,2021-07-30
300604,电子,20210730,,SW2021,2021-07-30
300605,计算机,20170116,,SW2021,2021-07-30
300606,机械设备,20170116,,SW2021,2021-07-30
300607,机械设备,20170124,20210729,SW2021,2021-07-30
300607,机械设备,20210730,,SW2021,2021-07-30
300608,计算机,20170124,,SW2021,2021-07-30
300609,计算机,20170119,,SW2021,2021-07-30
300610,基础化工,20210730,20220728,SW2021,2021-07-30
300610,基础化工,20220729,,SW2021,2021-07-30
300611,汽车,20170208,,SW2021,2021-07-30
300612,传媒,20170208,,SW2021,2021-07-30
300613,电子,20170208,,SW2021,2021-07-30
300614,环保,20210510,,SW2021,2021-07-30
300615,通信,20170208,,SW2021,2021-07-30
300616,轻工制造,20170214,,SW2021,2021-07-30
300617,电力设备,20170214,20240729,SW2021,2021-07-30
300617,电力设备,20240730,,SW2021,2021-07-30
300618,有色金属,20170224,20210729,SW2021,2021-07-30
300618,有色金属,20210730,,SW2021,2021-07-30
300619,机械设备,20170214,20210729,SW2021,2021-07-30
300619,电力设备,20210730,,SW2021,2021-07-30
300620,通信,20170224,,SW2021,2021-07-30
300621,建筑装饰,20170224,,SW2021,2021-07-30
300622,商贸零售,20170224,,SW2021,2021-07-30
300623,电子,20170224,,SW2021,2021-07-30
300624,计算机,20180108,,SW2021,2021-07-30
300625,电子,20170301,20210729,SW2021,2021-07-30
300625,家用电器,20210730,,SW2021,2021-07-30
300626,电力设备,20170310,,SW2021,2021-07-30
300627,国防军工,20170310,20211202,SW2021,2021-07-30
300627,通信,20211203,,SW2021,2021-07-30
300628,通信,20170310,,SW2021,2021-07-30
300629,机械设备,20170310,20220728,SW2021,2021-07-30
300629,国防军工,20220729,,SW2021,2021-07-30
300630,医药生物,20170310,,SW2021,2021-07-30
300631,环保,20170310,,SW2021,2021-07-30
300632,电子,20170320,,SW2021,2021-07-30
300633,医药生物,20170320,,SW2021,2021-07-30
300634,计算机,20180323,,SW2021,2021-07-30
300635,建筑装饰,20170320,20210729,SW2021,2021-07-30
300635,建筑装饰,20210730,,SW2021,2021-07-30
300636,医药生物,20170320,,SW2021,2021-07-30
300637,基础化工,20170330,20210729,SW2021,2021-07-30
300637,电子,20210730,20220728,SW2021,2021-07-30
300637,基础化工,20220729,,SW2021,2021-07-30
300638,通信,20170330,,SW2021,2021-07-30
300639,医药生物,20170330,,SW2021,2021-07-30
300640,轻工制造,20170405,,SW2021,2021-07-30
300641,基础化工,20170330,,SW2021,2021-07-30
300642,医药生物,20170419,,SW2021,2021-07-30
300643,汽车,20170419,,SW2021,2021-07-30
300644,基础化工,20180129,,SW2021,2021-07-30
300645,计算机,20170419,20210729,SW2021,2021-07-30
300645,计算机,20210730,,SW2021,2021-07-30
300647,电子,20170419,,SW2021,2021-07-30
300648,机械设备,20170419,20210729,SW2021,2021-07-30
300648,电力设备,20210730,,SW2021,2021-07-30
300649,建筑装饰,20170504,,SW2021,2021-07-30
300650,电子,20170503,20220728,SW2021,2021-07-30
300650,电子,20220729,,SW2021,2021-07-30
300651,社会服务,20170504,20230703,SW2021,2021-07-30
300651,轻工制造,20230704,,SW2021,2021-07-30
300652,汽车,20170504,,SW2021,2021-07-30
300653,医药生物,20170504,,SW2021,2021-07-30
300654,传媒,20170907,,SW2021,2021-07-30
300655,基础化工,20170504,20210729,SW2021,2021-07-30
300655,电子,20210730,,SW2021,2021-07-30
300656,电子,20170511,,SW2021,2021-07-30
300657,电子,20170504,,SW2021,2021-07-30
300658,纺织服饰,20170511,20210729,SW2021,2021-07-30
300658,美容护理,20210730,,SW2021,2021-07-30
300659,计算机,20170511,,SW2021,2021-07-30
300660,电力设备,20170522,,SW2021,2021-07-30
300661,电子,20170522,,SW2021,2021-07-30
300662,社会服务,20170522,,SW2021,2021-07-30
300663,计算机,20170522,,SW2021,2021-07-30
300664,环保,20171220,,SW2021,2021-07-30
300665,基础化工,20170605,,SW2021,2021-07-30
300666,基础化工,20170605,20190723,SW2021,2021-07-30
300666,电子,20190724,,SW2021,2021-07-30
300667,电力设备,20170615,20180712,SW2021,2021-07-30
300667,机械设备,20180713,,SW2021,2021-07-30
300668,建筑装饰,20170605,20210729,SW2021,2021-07-30
300668,建筑装饰,20210730,,SW2021,2021-07-30
300669,机械设备,20170615,,SW2021,2021-07-30
300670,电力设备,20170615,,SW2021,2021-07-30
300671,电子,20170615,,SW2021,2021-07-30
300672,电子,20170628,,SW2021,2021-07-30
300673,农林牧渔,20170711,,SW2021,2021-07-30
300674,计算机,20181030,,SW2021,2021-07-30
300675,建筑装饰,20170628,20210729,SW2021,2021-07-30
300675,建筑装饰,20210730,,SW2021,2021-07-30
300676,医药生物,20170628,20220728,SW2021,2021-07-30
300676,医药生物,20220729,,SW2021,2021-07-30
300677,医药生物,20170712,,SW2021,2021-07-30
300678,计算机,20170712,,SW2021,2021-07-30
300679,电子,20170726,,SW2021,2021-07-30
300680,汽车,20170725,,SW2021,2021-07-30
300681,汽车,20170725,,SW2021,2021-07-30
300682,计算机,20170726,,SW2021,2021-07-30
300683,医药生物,20170726,20240729,SW2021,2021-07-30
300683,医药生物,20240730,,SW2021,2021-07-30
300684,基础化工,20171208,20200729,SW2021,2021-07-30
300684,电子,20200730,20220728,SW2021,2021-07-30
300684,电子,20220729,,SW2021,2021-07-30
300685,医药生物,20170726,,SW2021,2021-07-30
300686,电子,20170726,,SW2021,2021-07-30
300687,计算机,20170726,,SW2021,2021-07-30
300688,综合,20170807,20210729,SW2021,2021-07-30
300688,社会服务,20210730,,SW2021,2021-07-30
300689,通信,20170807,,SW2021,2021-07-30
300690,基础化工,20170807,20210729,SW2021,2021-07-30
300690,电力设备,20210730,,SW2021,2021-07-30
300691,电子,20170807,20210729,SW2021,2021-07-30
300691,计算机,20210730,,SW2021,2021-07-30
300692,环保,20170807,,SW2021,2021-07-30
300693,电力设备,20170807,,SW2021,2021-07-30
300694,汽车,20181012,,SW2021,2021-07-30
300695,汽车,20170815,,SW2021,2021-07-30
300696,国防军工,20170815,,SW2021,2021-07-30
300697,有色金属,20170828,,SW2021,2021-07-30
300698,通信,20170815,,SW2021,2021-07-30
300699,基础化工,20170823,20210729,SW2021,2021-07-30
300699,国防军工,20210730,,SW2021,2021-07-30
300700,机械设备,20170828,,SW2021,2021-07-30
300701,电子,20170907,,SW2021,2021-07-30
300702,医药生物,20170907,20210729,SW2021,2021-07-30
300702,医药生物,20210730,,SW2021,2021-07-30
300703,轻工制造,20170907,,SW2021,2021-07-30
300705,医药生物,20170921,,SW2021,2021-07-30
300706,基础化工,20170921,20190723,SW2021,2021-07-30
300706,电子,20190724,,SW2021,2021-07-30
300707,汽车,20170925,,SW2021,2021-07-30
300708,电子,20170925,,SW2021,2021-07-30
300709,电子,20170925,,SW2021,2021-07-30
300710,通信,20171010,,SW2021,2021-07-30
300711,通信,20171030,,SW2021,2021-07-30
300712,建筑装饰,20171030,,SW2021,2021-07-30
300713,电力设备,20171030,,SW2021,2021-07-30
300715,建筑材料,20171026,20210729,SW2021,2021-07-30
300715,建筑材料,20210730,,SW2021,2021-07-30
300716,基础化工,20171030,20250808,SW2021,2021-07-30
300716,电力设备,20250811,,SW2021,2021-07-30
300717,基础化工,20171106,,SW2021,2021-07-30
300718,机械设备,20171030,20240729,SW2021,2021-07-30
300718,机械设备,20240730,,SW2021,2021-07-30
300719,国防军工,20171030,,SW2021,2021-07-30
300720,机械设备,20171106,,SW2021,2021-07-30
300721,基础化工,20171108,,SW2021,2021-07-30
300722,国防军工,20171108,,SW2021,2021-07-30
300723,医药生物,20171108,,SW2021,2021-07-30
300724,机械设备,20180809,20210729,SW2021,2021-07-30
300724,电力设备,20210730,,SW2021,2021-07-30
300725,医药生物,20171108,20210729,SW2021,2021-07-30
300725,医药生物,20210730,,SW2021,2021-07-30
300726,电子,20171108,20210729,SW2021,2021-07-30
300726,国防军工,20210730,,SW2021,2021-07-30
300727,基础化工,20171121,20210729,SW2021,2021-07-30
300727,基础化工,20210730,,SW2021,2021-07-30
300729,轻工制造,20171121,,SW2021,2021-07-30
300730,计算机,20171121,,SW2021,2021-07-30
300731,基础化工,20171121,20190723,SW2021,2021-07-30
300731,基础化工,20190724,,SW2021,2021-07-30
300732,建筑装饰,20171208,,SW2021,2021-07-30
300733,汽车,20171208,,SW2021,2021-07-30
300735,电子,20171220,,SW2021,2021-07-30
300736,电子,20180108,,SW2021,2021-07-30
300737,建筑材料,20180125,20210729,SW2021,2021-07-30
300737,建筑材料,20210730,,SW2021,2021-07-30
300738,计算机,20180119,20230703,SW2021,2021-07-30
300738,通信,20230704,,SW2021,2021-07-30
300739,电子,20180129,,SW2021,2021-07-30
300740,美容护理,20180129,,SW2021,2021-07-30
300741,食品饮料,20180212,20210729,SW2021,2021-07-30
300741,基础化工,20210730,,SW2021,2021-07-30
300742,汽车,20180507,,SW2021,2021-07-30
300743,基础化工,20180713,20210729,SW2021,2021-07-30
300743,计算机,20210730,,SW2021,2021-07-30
300745,汽车,20180507,20220728,SW2021,2021-07-30
300745,汽车,20220729,,SW2021,2021-07-30
300746,建筑装饰,20180525,20210729,SW2021,2021-07-30
300746,建筑装饰,20210730,,SW2021,2021-07-30
300747,电子,20180625,20210729,SW2021,2021-07-30
300747,机械设备,20210730,,SW2021,2021-07-30
300748,有色金属,20180918,,SW2021,2021-07-30
300749,轻工制造,20180918,,SW2021,2021-07-30
300750,电力设备,20180528,,SW2021,2021-07-30
300751,机械设备,20181030,20210729,SW2021,2021-07-30
300751,电力设备,20210730,,SW2021,2021-07-30
300752,电子,20181128,,SW2021,2021-07-30
300753,医药生物,20181128,,SW2021,2021-07-30
300755,商贸零售,20181221,,SW2021,2021-07-30
300756,机械设备,20181227,20210729,SW2021,2021-07-30
300756,轻工制造,20210730,20220728,SW2021,2021-07-30
300756,机械设备,20220729,,SW2021,2021-07-30
300757,机械设备,20190104,20210729,SW2021,2021-07-30
300757,机械设备,20210730,,SW2021,2021-07-30
300758,基础化工,20190124,,SW2021,2021-07-30
300759,医药生物,20190124,,SW2021,2021-07-30
300760,医药生物,20180919,,SW2021,2021-07-30
300761,农林牧渔,20190218,,SW2021,2021-07-30
300762,国防军工,20190306,20210729,SW2021,2021-07-30
300762,国防军工,20210730,,SW2021,2021-07-30
300763,电力设备,20190318,,SW2021,2021-07-30
300765,医药生物,20190306,,SW2021,2021-07-30
300766,计算机,20190306,20210729,SW2021,2021-07-30
300766,传媒,20210730,20211223,SW2021,2021-07-30
300766,计算机,20211224,,SW2021,2021-07-30
300767,基础化工,20190318,,SW2021,2021-07-30
300768,计算机,20190326,,SW2021,2021-07-30
300769,基础化工,20190404,20210729,SW2021,2021-07-30
300769,电力设备,20210730,,SW2021,2021-07-30
300770,传媒,20190404,,SW2021,2021-07-30
300771,计算机,20190404,,SW2021,2021-07-30
300772,电力设备,20190415,,SW2021,2021-07-30
300773,计算机,20190418,20210729,SW2021,2021-07-30
300773,非银金融,20210730,,SW2021,2021-07-30
300774,环保,20210723,,SW2021,2021-07-30
300775,国防军工,20190506,,SW2021,2021-07-30
300776,机械设备,20190506,20210729,SW2021,2021-07-30
300776,电力设备,20210730,,SW2021,2021-07-30
300777,基础化工,20190506,20210729,SW2021,2021-07-30
300777,国防军工,20210730,,SW2021,2021-07-30
300778,建筑装饰,20190506,20210729,SW2021,2021-07-30
300778,建筑装饰,20210730,,SW2021,2021-07-30
300779,环保,20190506,,SW2021,2021-07-30
300780,机械设备,20190520,,SW2021,2021-07-30
300781,传媒,20190529,,SW2021,2021-07-30
300782,电子,20190529,,SW2021,2021-07-30
300783,食品饮料,20190604,20210729,SW2021,2021-07-30
300783,食品饮料,20210730,,SW2021,2021-07-30
300784,电子,20240531,,SW2021,2021-07-30
300785,传媒,20190708,,SW2021,2021-07-30
300786,环保,20190718,,SW2021,2021-07-30
300787,电子,20190731,,SW2021,2021-07-30
300788,传媒,20190618,,SW2021,2021-07-30
300789,计算机,20190819,,SW2021,2021-07-30
300790,电子,20190909,20210729,SW2021,2021-07-30
300790,计算机,20210730,,SW2021,2021-07-30
300791,食品饮料,20190916,20210729,SW2021,2021-07-30
300791,食品饮料,20210730,,SW2021,2021-07-30
300792,商贸零售,20190919,,SW2021,2021-07-30
300793,电子,20190927,,SW2021,2021-07-30
300795,综合,20190927,20191009,SW2021,2021-07-30
300795,社会服务,20191010,,SW2021,2021-07-30
300796,基础化工,20191011,,SW2021,2021-07-30
300797,综合,20191021,20220728,SW2021,2021-07-30
300797,社会服务,20220729,,SW2021,2021-07-30
300798,基础化工,20191021,,SW2021,2021-07-30
300799,计算机,20191018,,SW2021,2021-07-30
300800,环保,20191028,,SW2021,2021-07-30
300801,基础化工,20191028,,SW2021,2021-07-30
300802,机械设备,20191101,20210729,SW2021,2021-07-30
300802,机械设备,20210730,,SW2021,2021-07-30
300803,计算机,20191101,,SW2021,2021-07-30
300804,基础化工,20230609,,SW2021,2021-07-30
300805,传媒,20191111,,SW2021,2021-07-30
300806,基础化工,20191111,20210729,SW2021,2021-07-30
300806,基础化工,20210730,,SW2021,2021-07-30
300807,计算机,20191205,,SW2021,2021-07-30
300808,电子,20191114,,SW2021,2021-07-30
300809,机械设备,20191120,,SW2021,2021-07-30
300810,国防军工,20191129,,SW2021,2021-07-30
300811,有色金属,20191223,,SW2021,2021-07-30
300812,机械设备,20191227,20210729,SW2021,2021-07-30
300812,电子,20210730,20220728,SW2021,2021-07-30
300812,电子,20220729,,SW2021,2021-07-30
300813,机械设备,20200113,,SW2021,2021-07-30
300814,电子,20210727,,SW2021,2021-07-30
300815,环保,20200108,,SW2021,2021-07-30
300816,汽车,20200122,,SW2021,2021-07-30
300817,机械设备,20200122,,SW2021,2021-07-30
300818,机械设备,20200204,,SW2021,2021-07-30
300819,纺织服饰,20200204,,SW2021,2021-07-30
300820,电力设备,20200204,,SW2021,2021-07-30
300821,基础化工,20200309,20210729,SW2021,2021-07-30
300821,基础化工,20210730,,SW2021,2021-07-30
300822,电子,20200309,,SW2021,2021-07-30
300823,机械设备,20200310,,SW2021,2021-07-30
300824,家用电器,20200605,,SW2021,2021-07-30
300825,汽车,20200316,,SW2021,2021-07-30
300826,建筑装饰,20200330,20210729,SW2021,2021-07-30
300826,建筑装饰,20210730,,SW2021,2021-07-30
300827,电力设备,20200402,,SW2021,2021-07-30
300828,有色金属,20200402,20210729,SW2021,2021-07-30
300828,机械设备,20210730,,SW2021,2021-07-30
300829,农林牧渔,20200408,20210729,SW2021,2021-07-30
300829,基础化工,20210730,,SW2021,2021-07-30
300830,计算机,20200416,,SW2021,2021-07-30
300831,电子,20200416,,SW2021,2021-07-30
300832,医药生物,20200427,,SW2021,2021-07-30
300833,机械设备,20200506,,SW2021,2021-07-30
300834,基础化工,20211224,20220728,SW2021,2021-07-30
300834,基础化工,20220729,,SW2021,2021-07-30
300835,有色金属,20200518,,SW2021,2021-07-30
300836,机械设备,20200525,,SW2021,2021-07-30
300837,机械设备,20200525,,SW2021,2021-07-30
300838,机械设备,20200525,,SW2021,2021-07-30
300839,石油石化,20200525,,SW2021,2021-07-30
300840,纺织服饰,20200602,,SW2021,2021-07-30
300841,医药生物,20200605,,SW2021,2021-07-30
300842,电子,20200605,20210729,SW2021,2021-07-30
300842,电力设备,20210730,,SW2021,2021-07-30
300843,电子,20200618,,SW2021,2021-07-30
300844,建筑装饰,20210806,,SW2021,2021-07-30
300845,计算机,20200618,,SW2021,2021-07-30
300846,计算机,20200618,,SW2021,2021-07-30
300847,基础化工,20200618,20240729,SW2021,2021-07-30
300847,计算机,20240730,,SW2021,2021-07-30
300848,基础化工,20200618,,SW2021,2021-07-30
300849,美容护理,20200624,,SW2021,2021-07-30
300850,电力设备,20200629,,SW2021,2021-07-30
300851,机械设备,20200629,,SW2021,2021-07-30
300852,电子,20200629,,SW2021,2021-07-30
300853,机械设备,20210730,20220728,SW2021,2021-07-30
300853,电力设备,20220729,,SW2021,2021-07-30
300854,环保,20210827,,SW2021,2021-07-30
300855,有色金属,20200706,,SW2021,2021-07-30
300856,美容护理,20200706,,SW2021,2021-07-30
300857,电子,20200713,,SW2021,2021-07-30
300858,食品饮料,20200713,20210729,SW2021,2021-07-30
300858,基础化工,20210730,,SW2021,2021-07-30
300859,社会服务,20200722,,SW2021,2021-07-30
300860,社会服务,20200731,,SW2021,2021-07-30
300861,机械设备,20200731,,SW2021,2021-07-30
300862,机械设备,20200731,,SW2021,2021-07-30
300863,汽车,20200804,,SW2021,2021-07-30
300864,环保,20200807,,SW2021,2021-07-30
300865,机械设备,20200804,,SW2021,2021-07-30
300866,电子,20200804,20210729,SW2021,2021-07-30
300866,电子,20210730,,SW2021,2021-07-30
300867,环保,20200804,,SW2021,2021-07-30
300868,电子,20200804,20240729,SW2021,2021-07-30
300868,电子,20240730,,SW2021,2021-07-30
300869,医药生物,20200804,,SW2021,2021-07-30
300870,电力设备,20200807,,SW2021,2021-07-30
300871,农林牧渔,20200807,,SW2021,2021-07-30
300872,计算机,20200807,,SW2021,2021-07-30
300873,交通运输,20200807,,SW2021,2021-07-30
300875,国防军工,20200807,,SW2021,2021-07-30
300876,基础化工,20200807,,SW2021,2021-07-30
300877,纺织服饰,20200810,,SW2021,2021-07-30
300878,医药生物,20200810,,SW2021,2021-07-30
300879,机械设备,20200817,20220728,SW2021,2021-07-30
300879,机械设备,20220729,,SW2021,2021-07-30
300880,电力设备,20200817,,SW2021,2021-07-30
300881,钢铁,20200821,,SW2021,2021-07-30
300882,电力设备,20200821,,SW2021,2021-07-30
300883,轻工制造,20200831,,SW2021,2021-07-30
300884,计算机,20201029,,SW2021,2021-07-30
300885,机械设备,20200901,,SW2021,2021-07-30
300886,基础化工,20200901,20210729,SW2021,2021-07-30
300886,美容护理,20210730,,SW2021,2021-07-30
300887,综合,20200831,20210729,SW2021,2021-07-30
300887,社会服务,20210730,,SW2021,2021-07-30
300888,纺织服饰,20200901,20210729,SW2021,2021-07-30
300888,美容护理,20210730,,SW2021,2021-07-30
300889,电子,20200831,,SW2021,2021-07-30
300890,基础化工,20200904,20210729,SW2021,2021-07-30
300890,电力设备,20210730,,SW2021,2021-07-30
300891,基础化工,20200904,20210729,SW2021,2021-07-30
300891,基础化工,20210730,,SW2021,2021-07-30
300892,食品饮料,20200907,20210729,SW2021,2021-07-30
300892,商贸零售,20210730,20220728,SW2021,2021-07-30
300892,食品饮料,20220729,,SW2021,2021-07-30
300893,汽车,20200909,20220728,SW2021,2021-07-30
300893,汽车,20220729,,SW2021,2021-07-30
300894,家用电器,20201223,,SW2021,2021-07-30
300895,计算机,20200909,,SW2021,2021-07-30
300896,美容护理,20200914,,SW2021,2021-07-30
300897,机械设备,20200921,,SW2021,2021-07-30
300898,食品饮料,20200924,,SW2021,2021-07-30
300899,环保,20200924,,SW2021,2021-07-30
300900,国防军工,20201016,,SW2021,2021-07-30
300901,纺织服饰,20201016,20210729,SW2021,2021-07-30
300901,纺织服饰,20210730,,SW2021,2021-07-30
300902,机械设备,20201016,,SW2021,2021-07-30
300903,电子,20201026,,SW2021,2021-07-30
300904,电力设备,20230731,,SW2021,2021-07-30
300905,基础化工,20210730,20240729,SW2021,2021-07-30
300905,基础化工,20240730,,SW2021,2021-07-30
300906,机械设备,20201029,20210729,SW2021,2021-07-30
300906,机械设备,20210730,,SW2021,2021-07-30
300907,电力设备,20201110,,SW2021,2021-07-30
300908,食品饮料,20201110,,SW2021,2021-07-30
300909,电子,20201110,,SW2021,2021-07-30
300910,基础化工,20201123,,SW2021,2021-07-30
300911,家用电器,20201123,,SW2021,2021-07-30
300912,汽车,20201125,,SW2021,2021-07-30
300913,通信,20201125,,SW2021,2021-07-30
300915,食品饮料,20201125,20210729,SW2021,2021-07-30
300915,食品饮料,20210730,,SW2021,2021-07-30
300916,电子,20201125,,SW2021,2021-07-30
300917,房地产,20201207,20210729,SW2021,2021-07-30
300917,房地产,20210730,,SW2021,2021-07-30
300918,纺织服饰,20201207,,SW2021,2021-07-30
300919,基础化工,20201214,20210729,SW2021,2021-07-30
300919,电力设备,20210730,,SW2021,2021-07-30
300920,基础化工,20201214,,SW2021,2021-07-30
300921,通信,20201214,,SW2021,2021-07-30
300922,国防军工,20201214,,SW2021,2021-07-30
300923,机械设备,20201214,,SW2021,2021-07-30
300925,计算机,20201214,,SW2021,2021-07-30
300926,汽车,20201223,,SW2021,2021-07-30
300927,基础化工,20201223,,SW2021,2021-07-30
300928,汽车,20210104,,SW2021,2021-07-30
300929,环保,20210108,,SW2021,2021-07-30
300930,有色金属,20210111,,SW2021,2021-07-30
300931,机械设备,20210108,,SW2021,2021-07-30
300932,电力设备,20210108,,SW2021,2021-07-30
300933,电力设备,20210108,,SW2021,2021-07-30
300935,计算机,20210119,,SW2021,2021-07-30
300936,电子,20210126,,SW2021,2021-07-30
300937,医药生物,20210126,,SW2021,2021-07-30
300938,综合,20210125,20210729,SW2021,2021-07-30
300938,社会服务,20210730,,SW2021,2021-07-30
300939,电子,20210125,,SW2021,2021-07-30
300940,电子,20210125,,SW2021,2021-07-30
300941,计算机,20210129,,SW2021,2021-07-30
300942,综合,20210129,20210729,SW2021,2021-07-30
300942,医药生物,20210730,,SW2021,2021-07-30
300943,机械设备,20210129,,SW2021,2021-07-30
300945,纺织服饰,20210129,,SW2021,2021-07-30
300946,机械设备,20210129,,SW2021,2021-07-30
300947,商贸零售,20210205,,SW2021,2021-07-30
300948,建筑装饰,20210205,,SW2021,2021-07-30
300949,建筑装饰,20210219,,SW2021,2021-07-30
300950,机械设备,20210219,20210729,SW2021,2021-07-30
300950,机械设备,20210730,,SW2021,2021-07-30
300951,电子,20210219,,SW2021,2021-07-30
300952,纺织服饰,20210301,,SW2021,2021-07-30
300953,机械设备,20210305,20220728,SW2021,2021-07-30
300953,电力设备,20220729,,SW2021,2021-07-30
300955,美容护理,20210312,,SW2021,2021-07-30
300956,电子,20210312,,SW2021,2021-07-30
300957,美容护理,20210312,,SW2021,2021-07-30
300958,环保,20210312,,SW2021,2021-07-30
300959,通信,20210312,,SW2021,2021-07-30
300960,机械设备,20210329,,SW2021,2021-07-30
300961,环保,20210329,,SW2021,2021-07-30
300962,综合,20210322,20210729,SW2021,2021-07-30
300962,社会服务,20210730,,SW2021,2021-07-30
300963,有色金属,20210325,,SW2021,2021-07-30
300964,电子,20210727,,SW2021,2021-07-30
300965,国防军工,20210325,,SW2021,2021-07-30
300966,医药生物,20210325,,SW2021,2021-07-30
300967,农林牧渔,20210329,,SW2021,2021-07-30
300968,电子,20210329,,SW2021,2021-07-30
300969,汽车,20210329,20220728,SW2021,2021-07-30
300969,汽车,20220729,,SW2021,2021-07-30
300970,农林牧渔,20210329,20210729,SW2021,2021-07-30
300970,农林牧渔,20210730,,SW2021,2021-07-30
300971,机械设备,20210329,,SW2021,2021-07-30
300972,农林牧渔,20210730,20240729,SW2021,2021-07-30
300972,食品饮料,20240730,20260304,SW2021,2021-07-30
300972,商贸零售,20260305,,SW2021,2021-07-30
300973,食品饮料,20210329,20210729,SW2021,2021-07-30
300973,食品饮料,20210730,,SW2021,2021-07-30
300975,电子,20210406,20220728,SW2021,2021-07-30
300975,电子,20220729,,SW2021,2021-07-30
300976,电子,20210406,,SW2021,2021-07-30
300977,综合,20210406,20210729,SW2021,2021-07-30
300977,建筑装饰,20210730,,SW2021,2021-07-30
300978,汽车,20210406,,SW2021,2021-07-30
300979,纺织服饰,20210406,20210729,SW2021,2021-07-30
300979,纺织服饰,20210730,,SW2021,2021-07-30
300980,基础化工,20210406,,SW2021,2021-07-30
300981,医药生物,20210406,,SW2021,2021-07-30
300982,建筑装饰,20210406,,SW2021,2021-07-30
300983,建筑装饰,20210415,20210729,SW2021,2021-07-30
300983,建筑装饰,20210730,,SW2021,2021-07-30
300984,机械设备,20210609,,SW2021,2021-07-30
300985,机械设备,20210415,,SW2021,2021-07-30
300986,有色金属,20210415,20220726,SW2021,2021-07-30
300986,建筑装饰,20220727,,SW2021,2021-07-30
300987,传媒,20210426,,SW2021,2021-07-30
300988,机械设备,20210426,20210729,SW2021,2021-07-30
300988,机械设备,20210730,,SW2021,2021-07-30
300989,建筑装饰,20210426,,SW2021,2021-07-30
300990,机械设备,20210426,,SW2021,2021-07-30
300991,电子,20210510,,SW2021,2021-07-30
300992,机械设备,20210510,,SW2021,2021-07-30
300993,轻工制造,20210510,,SW2021,2021-07-30
300994,汽车,20210723,,SW2021,2021-07-30
300995,基础化工,20210512,,SW2021,2021-07-30
300996,计算机,20210518,,SW2021,2021-07-30
300997,食品饮料,20210518,,SW2021,2021-07-30
300998,汽车,20210518,,SW2021,2021-07-30
300999,农林牧渔,20200921,,SW2021,2021-07-30
301000,汽车,20210521,,SW2021,2021-07-30
301001,商贸零售,20210521,,SW2021,2021-07-30
301002,电子,20210521,20210729,SW2021,2021-07-30
301002,电力设备,20210730,,SW2021,2021-07-30
301003,基础化工,20210521,,SW2021,2021-07-30
301004,轻工制造,20210609,,SW2021,2021-07-30
301005,汽车,20210524,,SW2021,2021-07-30
301006,机械设备,20210524,,SW2021,2021-07-30
301007,汽车,20210531,,SW2021,2021-07-30
301008,家用电器,20210531,,SW2021,2021-07-30
301009,美容护理,20210531,,SW2021,2021-07-30
301010,基础化工,20210607,20210729,SW2021,2021-07-30
301010,建筑材料,20210730,,SW2021,2021-07-30
301011,机械设备,20210607,20220728,SW2021,2021-07-30
301011,轻工制造,20220729,,SW2021,2021-07-30
301012,电力设备,20210607,,SW2021,2021-07-30
301013,机械设备,20210609,,SW2021,2021-07-30
301015,医药生物,20210615,,SW2021,2021-07-30
301016,机械设备,20210615,,SW2021,2021-07-30
301017,医药生物,20210615,,SW2021,2021-07-30
301018,机械设备,20210622,20210729,SW2021,2021-07-30
301018,机械设备,20210730,,SW2021,2021-07-30
301019,基础化工,20210622,,SW2021,2021-07-30
301020,汽车,20210622,,SW2021,2021-07-30
301021,电子,20210622,20210729,SW2021,2021-07-30
301021,机械设备,20210730,,SW2021,2021-07-30
301022,汽车,20210622,,SW2021,2021-07-30
301023,电力设备,20210705,,SW2021,2021-07-30
301024,建筑装饰,20210723,20210729,SW2021,2021-07-30
301024,建筑装饰,20210730,,SW2021,2021-07-30
301025,传媒,20210705,,SW2021,2021-07-30
301026,有色金属,20210705,,SW2021,2021-07-30
301027,建筑装饰,20210705,20210729,SW2021,2021-07-30
301027,建筑装饰,20210730,,SW2021,2021-07-30
301028,机械设备,20210705,,SW2021,2021-07-30
301029,机械设备,20210705,,SW2021,2021-07-30
301030,环保,20210705,,SW2021,2021-07-30
301031,电子,20210705,,SW2021,2021-07-30
301032,机械设备,20210709,,SW2021,2021-07-30
301033,医药生物,20210709,,SW2021,2021-07-30
301035,基础化工,20210712,,SW2021,2021-07-30
301036,基础化工,20210712,,SW2021,2021-07-30
301037,基础化工,20210712,20210729,SW2021,2021-07-30
301037,基础化工,20210730,,SW2021,2021-07-30
301038,建筑装饰,20210712,,SW2021,2021-07-30
301039,汽车,20210630,,SW2021,2021-07-30
301040,电力设备,20210723,,SW2021,2021-07-30
301041,电子,20210727,,SW2021,2021-07-30
301042,计算机,20210727,,SW2021,2021-07-30
301043,机械设备,20210727,20240729,SW2021,2021-07-30
301043,机械设备,20240730,,SW2021,2021-07-30
301045,电子,20210806,20220728,SW2021,2021-07-30
301045,电子,20220729,,SW2021,2021-07-30
301046,建筑装饰,20210806,,SW2021,2021-07-30
301047,医药生物,20210806,20220728,SW2021,2021-07-30
301047,医药生物,20220729,,SW2021,2021-07-30
301048,机械设备,20210813,,SW2021,2021-07-30
301049,环保,20210813,,SW2021,2021-07-30
301050,国防军工,20210813,,SW2021,2021-07-30
301051,电子,20210813,,SW2021,2021-07-30
301052,传媒,20210820,,SW2021,2021-07-30
301053,机械设备,20210820,,SW2021,2021-07-30
301055,轻工制造,20210820,,SW2021,2021-07-30
301056,机械设备,20210820,,SW2021,2021-07-30
301057,基础化工,20210820,,SW2021,2021-07-30
301058,建筑装饰,20210820,,SW2021,2021-07-30
301059,基础化工,20210827,,SW2021,2021-07-30
301060,医药生物,20210827,,SW2021,2021-07-30
301061,轻工制造,20210903,,SW2021,2021-07-30
301062,轻工制造,20210827,,SW2021,2021-07-30
301063,机械设备,20210903,20220728,SW2021,2021-07-30
301063,电力设备,20220729,20240729,SW2021,2021-07-30
301063,机械设备,20240730,,SW2021,2021-07-30
301065,基础化工,20210903,20220728,SW2021,2021-07-30
301065,医药生物,20220729,,SW2021,2021-07-30
301066,纺织服饰,20210903,20220728,SW2021,2021-07-30
301066,纺织服饰,20220729,,SW2021,2021-07-30
301067,电子,20210903,,SW2021,2021-07-30
301068,环保,20210903,,SW2021,2021-07-30
301069,基础化工,20210913,,SW2021,2021-07-30
301070,机械设备,20210917,20240729,SW2021,2021-07-30
301070,机械设备,20240730,,SW2021,2021-07-30
301071,机械设备,20210917,20211210,SW2021,2021-07-30
301071,基础化工,20211213,,SW2021,2021-07-30
301072,汽车,20210913,,SW2021,2021-07-30
301073,社会服务,20210910,,SW2021,2021-07-30
301075,医药生物,20210917,,SW2021,2021-07-30
301076,基础化工,20210917,,SW2021,2021-07-30
301077,基础化工,20210917,,SW2021,2021-07-30
301078,商贸零售,20210917,,SW2021,2021-07-30
301079,机械设备,20210924,,SW2021,2021-07-30
301080,医药生物,20211015,20220728,SW2021,2021-07-30
301080,医药生物,20220729,,SW2021,2021-07-30
301081,环保,20211015,,SW2021,2021-07-30
301082,电力设备,20210930,,SW2021,2021-07-30
301083,机械设备,20211015,,SW2021,2021-07-30
301085,计算机,20211015,,SW2021,2021-07-30
301086,电子,20211015,,SW2021,2021-07-30
301087,医药生物,20210930,20220728,SW2021,2021-07-30
301087,医药生物,20220729,,SW2021,2021-07-30
301088,纺织服饰,20210930,,SW2021,2021-07-30
301089,医药生物,20210930,,SW2021,2021-07-30
301090,基础化工,20210930,20220728,SW2021,2021-07-30
301090,基础化工,20220729,,SW2021,2021-07-30
301091,建筑装饰,20210930,,SW2021,2021-07-30
301092,基础化工,20211015,,SW2021,2021-07-30
301093,医药生物,20211015,,SW2021,2021-07-30
301095,计算机,20220725,,SW2021,2021-07-30
301096,医药生物,20211203,,SW2021,2021-07-30
301097,医药生物,20220318,,SW2021,2021-07-30
301098,建筑装饰,20211029,,SW2021,2021-07-30
301099,电子,20211105,20220728,SW2021,2021-07-30
301099,电子,20220729,,SW2021,2021-07-30
301100,基础化工,20211203,,SW2021,2021-07-30
301101,轻工制造,20211203,,SW2021,2021-07-30
301102,传媒,20220304,,SW2021,2021-07-30
301103,医药生物,20220304,,SW2021,2021-07-30
301105,机械设备,20221223,,SW2021,2021-07-30
301106,电子,20220114,,SW2021,2021-07-30
301107,机械设备,20220513,,SW2021,2021-07-30
301108,美容护理,20211119,,SW2021,2021-07-30
301109,环保,20220325,,SW2021,2021-07-30
301110,商贸零售,20210225,,SW2021,2021-07-30
301111,医药生物,20211119,20220728,SW2021,2021-07-30
301111,医药生物,20220729,,SW2021,2021-07-30
301112,机械设备,20220602,,SW2021,2021-07-30
301113,轻工制造,20211210,,SW2021,2021-07-30
301115,社会服务,20220812,,SW2021,2021-07-30
301116,农林牧渔,20211231,,SW2021,2021-07-30
301117,计算机,20211224,,SW2021,2021-07-30
301118,基础化工,20211105,,SW2021,2021-07-30
301119,汽车,20211112,,SW2021,2021-07-30
301120,电力设备,20220325,,SW2021,2021-07-30
301121,电力设备,20220725,,SW2021,2021-07-30
301122,医药生物,20220114,,SW2021,2021-07-30
301123,电子,20220107,,SW2021,2021-07-30
301125,机械设备,20220520,,SW2021,2021-07-30
301126,医药生物,20211119,,SW2021,2021-07-30
301127,环保,20211210,,SW2021,2021-07-30
301128,机械设备,20211029,,SW2021,2021-07-30
301129,机械设备,20211022,,SW2021,2021-07-30
301130,医药生物,20220128,,SW2021,2021-07-30
301131,基础化工,20220304,,SW2021,2021-07-30
301132,电子,20220725,,SW2021,2021-07-30
301133,汽车,20211105,,SW2021,2021-07-30
301135,电子,20220325,20240729,SW2021,2021-07-30
301135,家用电器,20240730,,SW2021,2021-07-30
301136,建筑装饰,20211224,,SW2021,2021-07-30
301137,机械设备,20220304,,SW2021,2021-07-30
301138,机械设备,20211203,20220728,SW2021,2021-07-30
301138,机械设备,20220729,,SW2021,2021-07-30
301139,通信,20220624,,SW2021,2021-07-30
301141,有色金属,20230317,,SW2021,2021-07-30
301148,环保,20220401,,SW2021,2021-07-30
301149,基础化工,20211029,,SW2021,2021-07-30
301150,有色金属,20220401,20220728,SW2021,2021-07-30
301150,电力设备,20220729,,SW2021,2021-07-30
301151,机械设备,20220318,,SW2021,2021-07-30
301152,电力设备,20220812,,SW2021,2021-07-30
301153,计算机,20220429,,SW2021,2021-07-30
301155,电力设备,20211105,,SW2021,2021-07-30
301156,基础化工,20220610,,SW2021,2021-07-30
301157,电力设备,20230309,,SW2021,2021-07-30
301158,机械设备,20211231,,SW2021,2021-07-30
301159,计算机,20211224,,SW2021,2021-07-30
301160,钢铁,20220520,,SW2021,2021-07-30
301161,机械设备,20220826,,SW2021,2021-07-30
301162,计算机,20220401,,SW2021,2021-07-30
301163,机械设备,20220325,20220728,SW2021,2021-07-30
301163,电力设备,20220729,,SW2021,2021-07-30
301165,通信,20221104,,SW2021,2021-07-30
301166,医药生物,20211210,,SW2021,2021-07-30
301167,建筑装饰,20211126,,SW2021,2021-07-30
301168,电力设备,20211126,20240729,SW2021,2021-07-30
301168,电力设备,20240730,,SW2021,2021-07-30
301169,社会服务,20211022,,SW2021,2021-07-30
301170,汽车,20230609,,SW2021,2021-07-30
301171,传媒,20220805,,SW2021,2021-07-30
301172,计算机,20230714,,SW2021,2021-07-30
301173,汽车,20250214,,SW2021,2021-07-30
301175,环保,20220617,,SW2021,2021-07-30
301176,电子,20220909,,SW2021,2021-07-30
301177,纺织服饰,20211203,,SW2021,2021-07-30
301178,计算机,20211105,,SW2021,2021-07-30
301179,电力设备,20211126,,SW2021,2021-07-30
301180,电子,20211105,,SW2021,2021-07-30
301181,汽车,20220128,,SW2021,2021-07-30
301182,电子,20211203,20240729,SW2021,2021-07-30
301182,计算机,20240730,,SW2021,2021-07-30
301183,电子,20220513,,SW2021,2021-07-30
301185,计算机,20211105,,SW2021,2021-07-30
301186,汽车,20211210,,SW2021,2021-07-30
301187,家用电器,20220401,,SW2021,2021-07-30
301188,轻工制造,20211029,20241114,SW2021,2021-07-30
301188,医药生物,20241115,,SW2021,2021-07-30
301189,电子,20211210,,SW2021,2021-07-30
301190,基础化工,20211203,20240729,SW2021,2021-07-30
301190,基础化工,20240730,,SW2021,2021-07-30
301191,通信,20220513,,SW2021,2021-07-30
301192,汽车,20220805,,SW2021,2021-07-30
301193,轻工制造,20211126,,SW2021,2021-07-30
301195,计算机,20220725,,SW2021,2021-07-30
301196,基础化工,20211217,,SW2021,2021-07-30
301197,机械设备,20220725,,SW2021,2021-07-30
301198,轻工制造,20211119,,SW2021,2021-07-30
301199,机械设备,20211126,,SW2021,2021-07-30
301200,机械设备,20220128,,SW2021,2021-07-30
301201,医药生物,20211231,,SW2021,2021-07-30
301202,通信,20230630,,SW2021,2021-07-30
301203,环保,20230317,,SW2021,2021-07-30
301205,通信,20220902,,SW2021,2021-07-30
301206,基础化工,20220114,,SW2021,2021-07-30
301207,医药生物,20220128,,SW2021,2021-07-30
301208,计算机,20220701,,SW2021,2021-07-30
301209,基础化工,20220812,,SW2021,2021-07-30
301210,电力设备,20230609,,SW2021,2021-07-30
301211,医药生物,20211203,,SW2021,2021-07-30
301212,基础化工,20220325,,SW2021,2021-07-30
301213,国防军工,20211126,,SW2021,2021-07-30
301215,汽车,20220218,,SW2021,2021-07-30
301216,基础化工,20220311,20220728,SW2021,2021-07-30
301216,基础化工,20220729,,SW2021,2021-07-30
301217,有色金属,20220114,20230703,SW2021,2021-07-30
301217,电力设备,20230704,,SW2021,2021-07-30
301218,计算机,20220225,,SW2021,2021-07-30
301219,有色金属,20220304,,SW2021,2021-07-30
301220,基础化工,20220602,,SW2021,2021-07-30
301221,汽车,20211203,,SW2021,2021-07-30
301222,电力设备,20220225,,SW2021,2021-07-30
301223,轻工制造,20220923,,SW2021,2021-07-30
301225,汽车,20230526,,SW2021,2021-07-30
301226,电力设备,20220311,,SW2021,2021-07-30
301227,轻工制造,20220902,,SW2021,2021-07-30
301228,社会服务,20220114,,SW2021,2021-07-30
301229,汽车,20220211,20241114,SW2021,2021-07-30
301229,汽车,20241115,,SW2021,2021-07-30
301230,医药生物,20220930,,SW2021,2021-07-30
301231,传媒,20220819,,SW2021,2021-07-30
301232,电力设备,20230526,,SW2021,2021-07-30
301233,汽车,20220610,,SW2021,2021-07-30
301234,医药生物,20220624,,SW2021,2021-07-30
301235,建筑装饰,20220114,20220120,SW2021,2021-07-30
301235,医药生物,20220121,,SW2021,2021-07-30
301236,计算机,20220225,,SW2021,2021-07-30
301237,基础化工,20220304,,SW2021,2021-07-30
301238,电力设备,20220602,,SW2021,2021-07-30
301239,医药生物,20220610,,SW2021,2021-07-30
301246,医药生物,20230224,,SW2021,2021-07-30
301248,计算机,20220401,,SW2021,2021-07-30
301251,电子,20230821,,SW2021,2021-07-30
301252,家用电器,20230512,,SW2021,2021-07-30
301255,机械设备,20221209,,SW2021,2021-07-30
301256,基础化工,20220304,,SW2021,2021-07-30
301257,医药生物,20220429,,SW2021,2021-07-30
301258,医药生物,20220311,,SW2021,2021-07-30
301259,环保,20220408,,SW2021,2021-07-30
301260,机械设备,20230120,,SW2021,2021-07-30
301261,机械设备,20230630,,SW2021,2021-07-30
301262,传媒,20230609,,SW2021,2021-07-30
301263,医药生物,20220311,,SW2021,2021-07-30
301265,环保,20221125,,SW2021,2021-07-30
301266,电力设备,20220520,,SW2021,2021-07-30
301267,医药生物,20221104,,SW2021,2021-07-30
301268,机械设备,20220318,,SW2021,2021-07-30
301269,计算机,20220715,,SW2021,2021-07-30
301270,计算机,20220812,,SW2021,2021-07-30
301272,机械设备,20230630,,SW2021,2021-07-30
301273,机械设备,20220923,,SW2021,2021-07-30
301275,电子,20250221,,SW2021,2021-07-30
301276,纺织服饰,20220826,,SW2021,2021-07-30
301277,医药生物,20221028,,SW2021,2021-07-30
301278,电力设备,20220725,20240729,SW2021,2021-07-30
301278,电力设备,20240730,,SW2021,2021-07-30
301279,机械设备,20220325,,SW2021,2021-07-30
301280,电子,20221202,20240729,SW2021,2021-07-30
301280,家用电器,20240730,,SW2021,2021-07-30
301281,医药生物,20230317,,SW2021,2021-07-30
301282,电子,20220805,,SW2021,2021-07-30
301283,基础化工,20220819,,SW2021,2021-07-30
301285,电子,20220909,,SW2021,2021-07-30
301286,基础化工,20170419,,SW2021,2021-07-30
301287,轻工制造,20230609,,SW2021,2021-07-30
301288,环保,20220401,,SW2021,2021-07-30
301289,社会服务,20220610,,SW2021,2021-07-30
301290,医药生物,20221111,,SW2021,2021-07-30
301291,电力设备,20230609,,SW2021,2021-07-30
301292,电力设备,20230609,,SW2021,2021-07-30
301293,医药生物,20230414,,SW2021,2021-07-30
301295,电力设备,20230609,,SW2021,2021-07-30
301296,轻工制造,20220819,,SW2021,2021-07-30
301297,电子,20221223,,SW2021,2021-07-30
301298,汽车,20220520,,SW2021,2021-07-30
301299,传媒,20220930,,SW2021,2021-07-30
301300,基础化工,20220805,,SW2021,2021-07-30
301301,医药生物,20221209,20240729,SW2021,2021-07-30
301301,医药生物,20240730,,SW2021,2021-07-30
301302,国防军工,20220602,,SW2021,2021-07-30
301303,机械设备,20230213,,SW2021,2021-07-30
301305,环保,20230504,,SW2021,2021-07-30
301306,国防军工,20220708,,SW2021,2021-07-30
301307,通信,20230331,,SW2021,2021-07-30
301308,电子,20220725,,SW2021,2021-07-30
301309,机械设备,20220902,,SW2021,2021-07-30
301310,汽车,20230526,,SW2021,2021-07-30
301311,机械设备,20221121,,SW2021,2021-07-30
301312,机械设备,20220701,,SW2021,2021-07-30
301313,传媒,20220916,,SW2021,2021-07-30
301314,通信,20230317,,SW2021,2021-07-30
301315,计算机,20230609,,SW2021,2021-07-30
301316,计算机,20220916,,SW2021,2021-07-30
301317,机械设备,20230106,,SW2021,2021-07-30
301318,计算机,20220725,,SW2021,2021-07-30
301319,电子,20220909,,SW2021,2021-07-30
301320,机械设备,20230526,,SW2021,2021-07-30
301321,电子,20220818,,SW2021,2021-07-30
301322,汽车,20230224,,SW2021,2021-07-30
301323,有色金属,20230526,,SW2021,2021-07-30
301325,电力设备,20230504,,SW2021,2021-07-30
301326,电子,20220902,,SW2021,2021-07-30
301327,电力设备,20220902,,SW2021,2021-07-30
301328,电子,20220819,,SW2021,2021-07-30
301329,电子,20230630,,SW2021,2021-07-30
301330,计算机,20220805,,SW2021,2021-07-30
301331,医药生物,20220902,,SW2021,2021-07-30
301332,家用电器,20230504,,SW2021,2021-07-30
301333,医药生物,20220725,,SW2021,2021-07-30
301335,轻工制造,20221104,,SW2021,2021-07-30
301336,轻工制造,20220805,,SW2021,2021-07-30
301337,计算机,20230504,,SW2021,2021-07-30
301338,机械设备,20220805,,SW2021,2021-07-30
301339,计算机,20220826,,SW2021,2021-07-30
301345,汽车,20230224,,SW2021,2021-07-30
301348,电子,20230731,,SW2021,2021-07-30
301349,电力设备,20220819,,SW2021,2021-07-30
301353,机械设备,20230526,,SW2021,2021-07-30
301355,轻工制造,20230526,,SW2021,2021-07-30
301356,轻工制造,20221021,,SW2021,2021-07-30
301357,国防军工,20230331,,SW2021,2021-07-30
301358,电力设备,20230120,,SW2021,2021-07-30
301359,电子,20221021,,SW2021,2021-07-30
301360,机械设备,20230331,,SW2021,2021-07-30
301361,电力设备,20221028,,SW2021,2021-07-30
301362,家用电器,20230731,,SW2021,2021-07-30
301363,医药生物,20220916,,SW2021,2021-07-30
301365,建筑装饰,20221104,,SW2021,2021-07-30
301366,电子,20220909,,SW2021,2021-07-30
301367,医药生物,20220930,,SW2021,2021-07-30
301368,机械设备,20221125,,SW2021,2021-07-30
301369,电子,20220909,,SW2021,2021-07-30
301370,医药生物,20230630,,SW2021,2021-07-30
301371,美容护理,20230714,,SW2021,2021-07-30
301372,环保,20230731,,SW2021,2021-07-30
301373,基础化工,20230120,,SW2021,2021-07-30
301376,轻工制造,20230609,,SW2021,2021-07-30
301377,机械设备,20221104,,SW2021,2021-07-30
301378,计算机,20230224,,SW2021,2021-07-30
301379,电子,20220930,,SW2021,2021-07-30
301380,通信,20220930,,SW2021,2021-07-30
301381,商贸零售,20230630,,SW2021,2021-07-30
301382,通信,20230504,,SW2021,2021-07-30
301383,电子,20230526,,SW2021,2021-07-30
301386,电力设备,20230310,,SW2021,2021-07-30
301387,电子,20230331,,SW2021,2021-07-30
301388,电力设备,20221109,,SW2021,2021-07-30
301389,电子,20220930,,SW2021,2021-07-30
301390,建筑装饰,20230504,20240729,SW2021,2021-07-30
301390,建筑装饰,20240730,,SW2021,2021-07-30
301391,计算机,20221121,,SW2021,2021-07-30
301392,机械设备,20240517,,SW2021,2021-07-30
301393,医药生物,20230630,,SW2021,2021-07-30
301395,基础化工,20230609,,SW2021,2021-07-30
301396,计算机,20221028,,SW2021,2021-07-30
301397,汽车,20230609,,SW2021,2021-07-30
301398,汽车,20221125,,SW2021,2021-07-30
301399,机械设备,20230504,,SW2021,2021-07-30
301408,医药生物,20230213,,SW2021,2021-07-30
301413,机械设备,20231201,,SW2021,2021-07-30
301418,机械设备,20230731,,SW2021,2021-07-30
301419,通信,20230120,,SW2021,2021-07-30
301421,电子,20230821,,SW2021,2021-07-30
301428,通信,20230504,,SW2021,2021-07-30
301429,建筑材料,20230331,,SW2021,2021-07-30
301439,电力设备,20230224,,SW2021,2021-07-30
301446,机械设备,20230714,,SW2021,2021-07-30
301448,机械设备,20230609,,SW2021,2021-07-30
301449,社会服务,20251212,,SW2021,2021-07-30
301456,电力设备,20230630,,SW2021,2021-07-30
301458,电子,20241220,,SW2021,2021-07-30
301459,基础化工,20231201,,SW2021,2021-07-30
301468,机械设备,20230630,,SW2021,2021-07-30
301469,轻工制造,20230731,,SW2021,2021-07-30
301479,电子,20250221,,SW2021,2021-07-30
301486,电子,20230630,,SW2021,2021-07-30
301487,电力设备,20230731,,SW2021,2021-07-30
301488,汽车,20230609,,SW2021,2021-07-30
301489,电子,20231013,,SW2021,2021-07-30
301491,电子,20250718,,SW2021,2021-07-30
301498,农林牧渔,20230731,,SW2021,2021-07-30
301499,汽车,20230630,,SW2021,2021-07-30
301500,有色金属,20230908,20240729,SW2021,2021-07-30
301500,环保,20240730,,SW2021,2021-07-30
301501,轻工制造,20250228,,SW2021,2021-07-30
301502,电力设备,20240119,,SW2021,2021-07-30
301503,计算机,20230630,,SW2021,2021-07-30
301505,建筑装饰,20230630,,SW2021,2021-07-30
301507,医药生物,20230821,,SW2021,2021-07-30
301508,社会服务,20231117,,SW2021,2021-07-30
301509,医药生物,20230714,,SW2021,2021-07-30
301510,机械设备,20230731,,SW2021,2021-07-30
301511,电力设备,20230731,,SW2021,2021-07-30
301512,机械设备,20230714,,SW2021,2021-07-30
301513,电力设备,20260403,,SW2021,2021-07-30
301515,医药生物,20230714,,SW2021,2021-07-30
301516,电力设备,20231117,,SW2021,2021-07-30
301517,国防军工,20231013,,SW2021,2021-07-30
301518,基础化工,20230714,,SW2021,2021-07-30
301519,环保,20230714,,SW2021,2021-07-30
301520,医药生物,20230908,,SW2021,2021-07-30
301522,有色金属,20240920,,SW2021,2021-07-30
301525,机械设备,20230821,,SW2021,2021-07-30
301526,建筑材料,20231208,,SW2021,2021-07-30
301528,机械设备,20230821,,SW2021,2021-07-30
301529,汽车,20230908,,SW2021,2021-07-30
301531,有色金属,20260417,,SW2021,2021-07-30
301533,机械设备,20230731,,SW2021,2021-07-30
301535,汽车,20250307,,SW2021,2021-07-30
301536,电子,20240318,,SW2021,2021-07-30
301538,基础化工,20240301,,SW2021,2021-07-30
301539,汽车,20240322,,SW2021,2021-07-30
301548,机械设备,20230908,,SW2021,2021-07-30
301550,汽车,20230908,20240729,SW2021,2021-07-30
301550,汽车,20240730,,SW2021,2021-07-30
301551,传媒,20240906,,SW2021,2021-07-30
301552,汽车,20240705,,SW2021,2021-07-30
301555,基础化工,20231013,,SW2021,2021-07-30
301556,计算机,20240920,,SW2021,2021-07-30
301557,电力设备,20250214,,SW2021,2021-07-30
301558,商贸零售,20230915,,SW2021,2021-07-30
301559,机械设备,20221121,,SW2021,2021-07-30
301560,汽车,20250410,,SW2021,2021-07-30
301563,电子,20250912,,SW2021,2021-07-30
301565,基础化工,20240531,,SW2021,2021-07-30
301566,电子,20231222,,SW2021,2021-07-30
301567,电子,20240108,,SW2021,2021-07-30
301568,机械设备,20231117,,SW2021,2021-07-30
301571,国防军工,20240802,,SW2021,2021-07-30
301575,轻工制造,20250822,,SW2021,2021-07-30
301577,通信,20240112,,SW2021,2021-07-30
301578,家用电器,20231222,,SW2021,2021-07-30
301580,医药生物,20240614,,SW2021,2021-07-30
301581,汽车,20241220,,SW2021,2021-07-30
301584,医药生物,20250905,,SW2021,2021-07-30
301585,基础化工,20241206,,SW2021,2021-07-30
301586,国防军工,20240816,,SW2021,2021-07-30
301587,电力设备,20240318,,SW2021,2021-07-30
301588,轻工制造,20240301,,SW2021,2021-07-30
301589,计算机,20240126,,SW2021,2021-07-30
301590,电力设备,20250516,,SW2021,2021-07-30
301591,基础化工,20240202,,SW2021,2021-07-30
301592,国防军工,20241011,,SW2021,2021-07-30
301595,轻工制造,20250425,,SW2021,2021-07-30
301596,机械设备,20240509,,SW2021,2021-07-30
301598,机械设备,20241206,,SW2021,2021-07-30
301599,电力设备,20260417,,SW2021,2021-07-30
301600,计算机,20240830,,SW2021,2021-07-30
301601,机械设备,20241227,,SW2021,2021-07-30
301602,医药生物,20250103,,SW2021,2021-07-30
301603,机械设备,20240704,,SW2021,2021-07-30
301606,电子,20240705,,SW2021,2021-07-30
301607,汽车,20240816,,SW2021,2021-07-30
301608,计算机,20240712,,SW2021,2021-07-30
301609,电力设备,20250711,,SW2021,2021-07-30
301611,电子,20240802,,SW2021,2021-07-30
301613,汽车,20240927,,SW2021,2021-07-30
301616,机械设备,20250314,,SW2021,2021-07-30
301617,基础化工,20241122,,SW2021,2021-07-30
301618,基础化工,20240913,,SW2021,2021-07-30
301622,有色金属,20241115,,SW2021,2021-07-30
301626,电子,20240927,,SW2021,2021-07-30
301628,电子,20241018,,SW2021,2021-07-30
301629,电子,20250307,,SW2021,2021-07-30
301630,电子,20250627,,SW2021,2021-07-30
301631,汽车,20241101,,SW2021,2021-07-30
301632,社会服务,20250801,,SW2021,2021-07-30
301633,机械设备,20241101,,SW2021,2021-07-30
301636,电力设备,20250418,,SW2021,2021-07-30
301638,计算机,20251107,,SW2021,2021-07-30
301656,汽车,20250905,,SW2021,2021-07-30
301658,电力设备,20250314,,SW2021,2021-07-30
301662,电力设备,20250328,,SW2021,2021-07-30
301665,基础化工,20250321,,SW2021,2021-07-30
301666,电子,20260403,,SW2021,2021-07-30
301667,汽车,20251201,,SW2021,2021-07-30
301668,电力设备,20250905,,SW2021,2021-07-30
301669,电力设备,20260522,,SW2021,2021-07-30
301678,电子,20250530,,SW2021,2021-07-30
301680,汽车,20260305,,SW2021,2021-07-30
301682,国防军工,20260305,,SW2021,2021-07-30
301683,基础化工,20260323,,SW2021,2021-07-30
301687,基础化工,20251212,,SW2021,2021-07-30
301696,电力设备,20260323,,SW2021,2021-07-30
302132,机械设备,20100810,20210729,SW2021,2021-07-30
302132,国防军工,20210730,,SW2021,2021-07-30
600000,银行,19991110,,SW2021,2021-07-30
600001,钢铁,19980122,,SW2021,2021-07-30
600002,交通运输,19980408,,SW2021,2021-07-30
600003,交通运输,19990810,,SW2021,2021-07-30
600004,交通运输,20030428,,SW2021,2021-07-30
600005,钢铁,19990803,,SW2021,2021-07-30
600006,汽车,19990727,,SW2021,2021-07-30
600007,房地产,19990312,20210729,SW2021,2021-07-30
600007,房地产,20210730,,SW2021,2021-07-30
600008,环保,20000424,,SW2021,2021-07-30
600009,交通运输,19980218,,SW2021,2021-07-30
600010,钢铁,20010222,,SW2021,2021-07-30
600011,公用事业,20011206,,SW2021,2021-07-30
600012,交通运输,20030107,,SW2021,2021-07-30
600015,银行,20030910,,SW2021,2021-07-30
600016,银行,20001219,,SW2021,2021-07-30
600017,交通运输,20061017,,SW2021,2021-07-30
600018,交通运输,20000719,,SW2021,2021-07-30
600019,钢铁,20001212,,SW2021,2021-07-30
600020,交通运输,20030801,,SW2021,2021-07-30
600021,公用事业,20031027,,SW2021,2021-07-30
600022,钢铁,20040628,,SW2021,2021-07-30
600023,公用事业,20130121,,SW2021,2021-07-30
600025,公用事业,20171121,,SW2021,2021-07-30
600026,交通运输,20020523,,SW2021,2021-07-30
600027,公用事业,20050203,,SW2021,2021-07-30
600028,石油石化,20010808,,SW2021,2021-07-30
600029,交通运输,20030723,20210729,SW2021,2021-07-30
600029,交通运输,20210730,,SW2021,2021-07-30
600030,非银金融,20030106,,SW2021,2021-07-30
600031,机械设备,20030626,,SW2021,2021-07-30
600032,公用事业,20210415,,SW2021,2021-07-30
600033,交通运输,20010209,,SW2021,2021-07-30
600035,交通运输,20040308,,SW2021,2021-07-30
600036,银行,20020409,,SW2021,2021-07-30
600037,传媒,20010208,,SW2021,2021-07-30
600038,国防军工,20001218,,SW2021,2021-07-30
600039,建筑装饰,20030325,,SW2021,2021-07-30
600048,房地产,20060711,,SW2021,2021-07-30
600050,通信,20021008,,SW2021,2021-07-30
600051,房地产,19970410,20070629,SW2021,2021-07-30
600051,综合,20070702,,SW2021,2021-07-30
600052,房地产,19970401,20200717,SW2021,2021-07-30
600052,传媒,20200720,20230703,SW2021,2021-07-30
600052,公用事业,20230704,,SW2021,2021-07-30
600053,房地产,19970418,20121231,SW2021,2021-07-30
600053,综合,20130104,20180712,SW2021,2021-07-30
600053,非银金融,20180713,,SW2021,2021-07-30
600054,社会服务,19970506,20050630,SW2021,2021-07-30
600054,社会服务,20050701,,SW2021,2021-07-30
600055,医药生物,19970519,,SW2021,2021-07-30
600056,商贸零售,19970515,20140630,SW2021,2021-07-30
600056,医药生物,20140701,,SW2021,2021-07-30
600057,家用电器,19970513,20020829,SW2021,2021-07-30
600057,交通运输,20020830,,SW2021,2021-07-30
600058,商贸零售,19970528,,SW2021,2021-07-30
600059,食品饮料,19970516,20110107,SW2021,2021-07-30
600059,食品饮料,20110110,,SW2021,2021-07-30
600060,家用电器,19970422,,SW2021,2021-07-30
600061,基础化工,19970519,20180615,SW2021,2021-07-30
600061,非银金融,20210730,20250808,SW2021,2021-07-30
600061,非银金融,20250811,,SW2021,2021-07-30
600062,医药生物,19970522,,SW2021,2021-07-30
600063,基础化工,19970528,,SW2021,2021-07-30
600064,房地产,19970506,,SW2021,2021-07-30
600065,交通运输,19970523,,SW2021,2021-07-30
600066,汽车,19970508,,SW2021,2021-07-30
600067,综合,19970508,20081231,SW2021,2021-07-30
600067,房地产,20090105,20240806,SW2021,2021-07-30
600067,电力设备,20240807,,SW2021,2021-07-30
600068,建筑装饰,19970526,,SW2021,2021-07-30
600069,轻工制造,19970430,,SW2021,2021-07-30
600070,纺织服饰,19970604,20180712,SW2021,2021-07-30
600070,综合,20180713,,SW2021,2021-07-30
600071,电子,20180713,20210729,SW2021,2021-07-30
600071,电子,20210730,,SW2021,2021-07-30
600072,国防军工,19970603,20240729,SW2021,2021-07-30
600072,电力设备,20240730,,SW2021,2021-07-30
600073,食品饮料,19970704,20190723,SW2021,2021-07-30
600073,食品饮料,20190724,,SW2021,2021-07-30
600074,基础化工,19970623,20150331,SW2021,2021-07-30
600074,电子,20150401,,SW2021,2021-07-30
600075,基础化工,19970617,20071228,SW2021,2021-07-30
600075,基础化工,20080102,,SW2021,2021-07-30
600076,房地产,19970526,20131230,SW2021,2021-07-30
600076,轻工制造,20131231,20220728,SW2021,2021-07-30
600076,轻工制造,20220729,,SW2021,2021-07-30
600077,房地产,19970505,,SW2021,2021-07-30
600078,基础化工,19970627,20110107,SW2021,2021-07-30
600078,基础化工,20110110,,SW2021,2021-07-30
600079,医药生物,19970606,,SW2021,2021-07-30
600080,医药生物,19970612,,SW2021,2021-07-30
600081,汽车,19970703,,SW2021,2021-07-30
600082,房地产,19970620,20070629,SW2021,2021-07-30
600082,商贸零售,20070702,20170628,SW2021,2021-07-30
600082,综合,20170629,20190723,SW2021,2021-07-30
600082,房地产,20190724,,SW2021,2021-07-30
600083,电子,19970606,20110107,SW2021,2021-07-30
600083,综合,20110110,,SW2021,2021-07-30
600084,商贸零售,19970711,20070629,SW2021,2021-07-30
600084,食品饮料,20070702,,SW2021,2021-07-30
600085,医药生物,19970625,,SW2021,2021-07-30
600086,纺织服饰,19970606,,SW2021,2021-07-30
600087,交通运输,19970612,,SW2021,2021-07-30
600088,传媒,19970616,20220728,SW2021,2021-07-30
600088,传媒,20220729,,SW2021,2021-07-30
600089,电力设备,19970618,,SW2021,2021-07-30
600090,食品饮料,19970616,20170628,SW2021,2021-07-30
600090,医药生物,20170629,,SW2021,2021-07-30
600091,基础化工,19970704,,SW2021,2021-07-30
600092,钢铁,19970626,,SW2021,2021-07-30
600093,非银金融,19970626,,SW2021,2021-07-30
600094,基础化工,19970703,20120629,SW2021,2021-07-30
600094,房地产,20120702,,SW2021,2021-07-30
600095,综合,19970708,20131231,SW2021,2021-07-30
600095,房地产,20140102,20200708,SW2021,2021-07-30
600095,非银金融,20200709,,SW2021,2021-07-30
600096,基础化工,19970708,20170628,SW2021,2021-07-30
600096,基础化工,20170629,,SW2021,2021-07-30
600097,农林牧渔,19970619,,SW2021,2021-07-30
600098,公用事业,19970718,,SW2021,2021-07-30
600099,汽车,19970704,,SW2021,2021-07-30
600100,计算机,19970627,,SW2021,2021-07-30
600101,公用事业,19970627,20210729,SW2021,2021-07-30
600101,公用事业,20210730,,SW2021,2021-07-30
600102,钢铁,19970828,,SW2021,2021-07-30
600103,轻工制造,19970703,,SW2021,2021-07-30
600104,汽车,19971125,,SW2021,2021-07-30
600105,通信,19970929,,SW2021,2021-07-30
600106,交通运输,19970618,,SW2021,2021-07-30
600107,纺织服饰,19971106,,SW2021,2021-07-30
600108,农林牧渔,19970818,,SW2021,2021-07-30
600109,非银金融,19970807,,SW2021,2021-07-30
600110,综合,20080602,20090527,SW2021,2021-07-30
600110,电子,20090601,20210729,SW2021,2021-07-30
600110,有色金属,20210730,20220728,SW2021,2021-07-30
600110,电力设备,20220729,,SW2021,2021-07-30
600111,有色金属,19970924,20080530,SW2021,2021-07-30
600111,有色金属,20080602,,SW2021,2021-07-30
600112,电力设备,19971127,,SW2021,2021-07-30
600113,房地产,20110110,20180615,SW2021,2021-07-30
600113,综合,20180619,20180712,SW2021,2021-07-30
600113,商贸零售,20180713,,SW2021,2021-07-30
600114,有色金属,20040430,20210729,SW2021,2021-07-30
600114,机械设备,20210730,,SW2021,2021-07-30
600115,交通运输,19971105,20210729,SW2021,2021-07-30
600115,交通运输,20210730,,SW2021,2021-07-30
600116,公用事业,19970804,20210729,SW2021,2021-07-30
600116,公用事业,20210730,,SW2021,2021-07-30
600117,钢铁,19971015,,SW2021,2021-07-30
600118,综合,19970908,20070629,SW2021,2021-07-30
600118,国防军工,20070702,,SW2021,2021-07-30
600119,综合,19980115,20081230,SW2021,2021-07-30
600119,交通运输,20081231,,SW2021,2021-07-30
600120,商贸零售,19971201,20190723,SW2021,2021-07-30
600120,非银金融,20190724,,SW2021,2021-07-30
600121,煤炭,19980107,,SW2021,2021-07-30
600122,家用电器,19980420,20070629,SW2021,2021-07-30
600122,商贸零售,20070702,,SW2021,2021-07-30
600123,煤炭,19981217,,SW2021,2021-07-30
600125,交通运输,19980511,,SW2021,2021-07-30
600126,钢铁,19980311,,SW2021,2021-07-30
600127,农林牧渔,19980506,,SW2021,2021-07-30
600128,商贸零售,19970901,20170628,SW2021,2021-07-30
600128,综合,20170629,20210729,SW2021,2021-07-30
600128,商贸零售,20210730,,SW2021,2021-07-30
600129,医药生物,19971118,,SW2021,2021-07-30
600130,电子,20000706,,SW2021,2021-07-30
600131,公用事业,19980402,20210729,SW2021,2021-07-30
600131,计算机,20210730,,SW2021,2021-07-30
600132,食品饮料,19971030,,SW2021,2021-07-30
600133,综合,19980212,20170628,SW2021,2021-07-30
600133,建筑装饰,20170629,20250109,SW2021,2021-07-30
600133,环保,20250110,,SW2021,2021-07-30
600135,基础化工,19980122,,SW2021,2021-07-30
600136,房地产,19980303,20121231,SW2021,2021-07-30
600136,综合,20130104,20160218,SW2021,2021-07-30
600136,社会服务,20160219,20250808,SW2021,2021-07-30
600136,房地产,20250811,,SW2021,2021-07-30
600137,社会服务,19980416,20070629,SW2021,2021-07-30
600137,纺织服饰,20070702,20240729,SW2021,2021-07-30
600137,纺织服饰,20240730,,SW2021,2021-07-30
600138,社会服务,19971203,20210729,SW2021,2021-07-30
600138,社会服务,20210730,,SW2021,2021-07-30
600139,有色金属,19881230,20170628,SW2021,2021-07-30
600139,综合,20170629,20210729,SW2021,2021-07-30
600139,非银金融,20210730,,SW2021,2021-07-30
600141,基础化工,19990616,20110107,SW2021,2021-07-30
600141,基础化工,20110110,,SW2021,2021-07-30
600143,基础化工,20040622,20110107,SW2021,2021-07-30
600143,基础化工,20110110,,SW2021,2021-07-30
600145,建筑材料,19990923,20190723,SW2021,2021-07-30
600145,商贸零售,20190724,,SW2021,2021-07-30
600146,有色金属,19990707,20170628,SW2021,2021-07-30
600146,纺织服饰,20170629,,SW2021,2021-07-30
600148,汽车,19980520,,SW2021,2021-07-30
600149,房地产,19991014,20180615,SW2021,2021-07-30
600149,综合,20180619,20210729,SW2021,2021-07-30
600149,公用事业,20210730,,SW2021,2021-07-30
600150,国防军工,19980520,,SW2021,2021-07-30
600151,综合,19980605,20110930,SW2021,2021-07-30
600151,电力设备,20111010,,SW2021,2021-07-30
600152,纺织服饰,19980609,20180712,SW2021,2021-07-30
600152,电子,20180713,20210729,SW2021,2021-07-30
600152,电力设备,20210730,,SW2021,2021-07-30
600153,商贸零售,19980616,20111229,SW2021,2021-07-30
600153,交通运输,20111230,,SW2021,2021-07-30
600155,基础化工,19980918,20170628,SW2021,2021-07-30
600155,非银金融,20170629,,SW2021,2021-07-30
600156,纺织服饰,19980527,20170628,SW2021,2021-07-30
600156,纺织服饰,20170629,,SW2021,2021-07-30
600157,房地产,19980513,20090527,SW2021,2021-07-30
600157,公用事业,20090601,20210729,SW2021,2021-07-30
600157,煤炭,20210730,,SW2021,2021-07-30
600158,综合,19980327,20091231,SW2021,2021-07-30
600158,房地产,20100104,20170525,SW2021,2021-07-30
600158,社会服务,20170526,,SW2021,2021-07-30
600159,房地产,19980526,,SW2021,2021-07-30
600160,基础化工,19980626,,SW2021,2021-07-30
600161,医药生物,19980616,,SW2021,2021-07-30
600162,房地产,19980609,,SW2021,2021-07-30
600163,公用事业,19980602,,SW2021,2021-07-30
600165,机械设备,19980529,20190723,SW2021,2021-07-30
600165,基础化工,20190724,,SW2021,2021-07-30
600166,汽车,19980602,,SW2021,2021-07-30
600167,公用事业,19990128,,SW2021,2021-07-30
600168,环保,19980427,,SW2021,2021-07-30
600169,机械设备,19980904,,SW2021,2021-07-30
600170,建筑装饰,19980623,,SW2021,2021-07-30
600171,电子,19980924,,SW2021,2021-07-30
600172,机械设备,19981126,,SW2021,2021-07-30
600173,房地产,19990415,,SW2021,2021-07-30
600175,社会服务,19990323,20030430,SW2021,2021-07-30
600175,房地产,20030512,20171208,SW2021,2021-07-30
600175,综合,20171211,,SW2021,2021-07-30
600176,建筑材料,19990104,,SW2021,2021-07-30
600177,房地产,19981119,20210729,SW2021,2021-07-30
600177,纺织服饰,20210730,,SW2021,2021-07-30
600178,汽车,19981014,,SW2021,2021-07-30
600179,交通运输,19981104,20211202,SW2021,2021-07-30
600179,交通运输,20211203,,SW2021,2021-07-30
600180,农林牧渔,19980703,20121228,SW2021,2021-07-30
600180,交通运输,20121231,,SW2021,2021-07-30
600181,基础化工,19980928,,SW2021,2021-07-30
600182,汽车,19990104,,SW2021,2021-07-30
600183,电子,19981028,,SW2021,2021-07-30
600184,国防军工,20031104,,SW2021,2021-07-30
600185,房地产,19990611,20260304,SW2021,2021-07-30
600185,商贸零售,20260305,,SW2021,2021-07-30
600186,食品饮料,19980825,,SW2021,2021-07-30
600187,环保,19981111,,SW2021,2021-07-30
600188,煤炭,19980701,,SW2021,2021-07-30
600189,农林牧渔,19981007,20190723,SW2021,2021-07-30
600189,食品饮料,20190724,,SW2021,2021-07-30
600190,交通运输,19980430,,SW2021,2021-07-30
600191,农林牧渔,19981210,,SW2021,2021-07-30
600192,电力设备,19981224,,SW2021,2021-07-30
600193,房地产,19990527,20070629,SW2021,2021-07-30
600193,综合,20070702,20121228,SW2021,2021-07-30
600193,建筑装饰,20121231,,SW2021,2021-07-30
600195,农林牧渔,19990107,,SW2021,2021-07-30
600196,医药生物,19980807,,SW2021,2021-07-30
600197,食品饮料,19990916,,SW2021,2021-07-30
600198,电子,19981021,20220728,SW2021,2021-07-30
600198,通信,20220729,,SW2021,2021-07-30
600199,食品饮料,19980812,,SW2021,2021-07-30
600200,综合,19990401,20190723,SW2021,2021-07-30
600200,医药生物,20190724,,SW2021,2021-07-30
600201,农林牧渔,19980115,,SW2021,2021-07-30
600202,电力设备,19990603,20220728,SW2021,2021-07-30
600202,机械设备,20220729,,SW2021,2021-07-30
600203,电子,20130104,20170628,SW2021,2021-07-30
600203,电子,20170629,,SW2021,2021-07-30
600205,有色金属,19990630,,SW2021,2021-07-30
600206,电子,19990319,20080530,SW2021,2021-07-30
600206,基础化工,20080602,20210729,SW2021,2021-07-30
600206,电子,20210730,,SW2021,2021-07-30
600207,电子,19990714,20121231,SW2021,2021-07-30
600207,综合,20130104,20180712,SW2021,2021-07-30
600207,电力设备,20180713,,SW2021,2021-07-30
600208,房地产,19990623,,SW2021,2021-07-30
600209,综合,20070702,20090527,SW2021,2021-07-30
600209,社会服务,20090601,20120928,SW2021,2021-07-30
600209,建筑装饰,20121008,,SW2021,2021-07-30
600210,轻工制造,19990824,,SW2021,2021-07-30
600211,医药生物,19990721,20230703,SW2021,2021-07-30
600211,医药生物,20230704,,SW2021,2021-07-30
600212,综合,19990817,20230703,SW2021,2021-07-30
600212,电力设备,20230704,,SW2021,2021-07-30
600213,汽车,19990831,,SW2021,2021-07-30
600215,房地产,19990909,20220728,SW2021,2021-07-30
600215,机械设备,20220729,,SW2021,2021-07-30
600216,医药生物,19991021,,SW2021,2021-07-30
600217,建筑材料,19991216,20150630,SW2021,2021-07-30
600217,环保,20150701,,SW2021,2021-07-30
600218,汽车,19981203,,SW2021,2021-07-30
600219,有色金属,19991223,,SW2021,2021-07-30
600220,纺织服饰,19990927,,SW2021,2021-07-30
600221,交通运输,19991125,20210729,SW2021,2021-07-30
600221,交通运输,20210730,,SW2021,2021-07-30
600222,医药生物,19991105,,SW2021,2021-07-30
600223,房地产,20000113,20240201,SW2021,2021-07-30
600223,美容护理,20240202,,SW2021,2021-07-30
600225,房地产,20000127,20220728,SW2021,2021-07-30
600225,计算机,20220729,,SW2021,2021-07-30
600226,农林牧渔,19991112,20190723,SW2021,2021-07-30
600226,传媒,20190724,20220728,SW2021,2021-07-30
600226,公用事业,20220729,,SW2021,2021-07-30
600227,基础化工,20000221,20170628,SW2021,2021-07-30
600227,医药生物,20170629,20220728,SW2021,2021-07-30
600227,基础化工,20220729,,SW2021,2021-07-30
600228,基础化工,20080602,20210818,SW2021,2021-07-30
600228,传媒,20210819,,SW2021,2021-07-30
600229,基础化工,20000309,20170525,SW2021,2021-07-30
600229,传媒,20170526,,SW2021,2021-07-30
600230,基础化工,20000406,20110930,SW2021,2021-07-30
600230,基础化工,20111010,,SW2021,2021-07-30
600231,钢铁,20000424,,SW2021,2021-07-30
600232,机械设备,20000424,,SW2021,2021-07-30
600233,交通运输,20000424,,SW2021,2021-07-30
600234,家用电器,20000615,20131231,SW2021,2021-07-30
600234,综合,20140102,20230703,SW2021,2021-07-30
600234,建筑装饰,20230704,,SW2021,2021-07-30
600235,轻工制造,20000615,,SW2021,2021-07-30
600236,公用事业,20000323,,SW2021,2021-07-30
600237,电子,20000609,,SW2021,2021-07-30
600238,食品饮料,20000120,,SW2021,2021-07-30
600239,食品饮料,19991202,20070629,SW2021,2021-07-30
600239,房地产,20070702,20230703,SW2021,2021-07-30
600239,房地产,20230704,,SW2021,2021-07-30
600240,房地产,20000628,,SW2021,2021-07-30
600241,商贸零售,20001106,20190723,SW2021,2021-07-30
600241,电力设备,20190724,20220728,SW2021,2021-07-30
600241,电力设备,20220729,,SW2021,2021-07-30
600242,农林牧渔,20001207,20110107,SW2021,2021-07-30
600242,交通运输,20110110,20170628,SW2021,2021-07-30
600242,传媒,20170629,,SW2021,2021-07-30
600243,机械设备,20001120,20170628,SW2021,2021-07-30
600243,机械设备,20170629,,SW2021,2021-07-30
600246,农林牧渔,20000904,20020830,SW2021,2021-07-30
600246,房地产,20020902,,SW2021,2021-07-30
600247,综合,20001031,20060831,SW2021,2021-07-30
600247,房地产,20060901,20090527,SW2021,2021-07-30
600247,商贸零售,20090601,20210729,SW2021,2021-07-30
600247,商贸零售,20210730,,SW2021,2021-07-30
600248,农林牧渔,20000622,20100531,SW2021,2021-07-30
600248,建筑装饰,20100601,20210729,SW2021,2021-07-30
600248,建筑装饰,20210730,,SW2021,2021-07-30
600249,美容护理,20040129,,SW2021,2021-07-30
600250,商贸零售,20010306,,SW2021,2021-07-30
600251,农林牧渔,20150701,20151030,SW2021,2021-07-30
600251,基础化工,20151102,20170519,SW2021,2021-07-30
600251,农林牧渔,20170522,,SW2021,2021-07-30
600252,房地产,20001130,20070629,SW2021,2021-07-30
600252,医药生物,20070702,20110107,SW2021,2021-07-30
600252,医药生物,20110110,,SW2021,2021-07-30
600253,医药生物,20001227,,SW2021,2021-07-30
600255,有色金属,20090601,20210729,SW2021,2021-07-30
600255,有色金属,20210730,,SW2021,2021-07-30
600256,石油石化,20000424,,SW2021,2021-07-30
600257,农林牧渔,20000612,,SW2021,2021-07-30
600258,社会服务,20050701,20150813,SW2021,2021-07-30
600258,社会服务,20150814,,SW2021,2021-07-30
600259,基础化工,20000525,20100531,SW2021,2021-07-30
600259,有色金属,20100601,,SW2021,2021-07-30
600260,基础化工,20000706,20131231,SW2021,2021-07-30
600260,综合,20140102,20170628,SW2021,2021-07-30
600260,通信,20170629,,SW2021,2021-07-30
600261,电子,20170522,20210729,SW2021,2021-07-30
600261,家用电器,20210730,,SW2021,2021-07-30
600262,机械设备,20000630,20180712,SW2021,2021-07-30
600262,机械设备,20180713,,SW2021,2021-07-30
600263,建筑装饰,20000725,,SW2021,2021-07-30
600265,农林牧渔,20000825,,SW2021,2021-07-30
600266,房地产,19981209,,SW2021,2021-07-30
600267,医药生物,20000725,20220728,SW2021,2021-07-30
600267,医药生物,20220729,,SW2021,2021-07-30
600268,电力设备,19991118,,SW2021,2021-07-30
600269,交通运输,20000420,,SW2021,2021-07-30
600270,交通运输,20001228,,SW2021,2021-07-30
600271,计算机,20030707,,SW2021,2021-07-30
600272,医药生物,20010228,,SW2021,2021-07-30
600273,纺织服饰,20030623,20150630,SW2021,2021-07-30
600273,基础化工,20150701,,SW2021,2021-07-30
600275,农林牧渔,20000810,20110930,SW2021,2021-07-30
600275,房地产,20111010,20121231,SW2021,2021-07-30
600275,综合,20130104,20180712,SW2021,2021-07-30
600275,农林牧渔,20180713,,SW2021,2021-07-30
600276,医药生物,20001018,20071228,SW2021,2021-07-30
600276,医药生物,20080102,,SW2021,2021-07-30
600277,医药生物,20000725,20110107,SW2021,2021-07-30
600277,综合,20110110,20170628,SW2021,2021-07-30
600277,基础化工,20170629,,SW2021,2021-07-30
600278,商贸零售,20000712,,SW2021,2021-07-30
600279,交通运输,20000731,,SW2021,2021-07-30
600280,商贸零售,20000926,,SW2021,2021-07-30
600281,基础化工,20001109,20180712,SW2021,2021-07-30
600281,综合,20180713,20210729,SW2021,2021-07-30
600281,有色金属,20210730,,SW2021,2021-07-30
600282,钢铁,20000919,,SW2021,2021-07-30
600283,环保,20000915,,SW2021,2021-07-30
600284,建筑装饰,20040311,,SW2021,2021-07-30
600285,医药生物,20001018,,SW2021,2021-07-30
600286,建筑材料,19991209,,SW2021,2021-07-30
600287,商贸零售,20000901,,SW2021,2021-07-30
600288,电子,20001129,20240729,SW2021,2021-07-30
600288,计算机,20240730,,SW2021,2021-07-30
600289,通信,20000720,,SW2021,2021-07-30
600290,电力设备,20001106,,SW2021,2021-07-30
600291,非银金融,20000731,,SW2021,2021-07-30
600292,公用事业,20001101,20121228,SW2021,2021-07-30
600292,环保,20121231,,SW2021,2021-07-30
600293,建筑材料,20000919,20170628,SW2021,2021-07-30
600293,建筑材料,20170629,,SW2021,2021-07-30
600295,钢铁,20010426,,SW2021,2021-07-30
600296,有色金属,20000719,,SW2021,2021-07-30
600297,医药生物,20140102,20150630,SW2021,2021-07-30
600297,汽车,20150701,,SW2021,2021-07-30
600298,农林牧渔,20000818,20210729,SW2021,2021-07-30
600298,食品饮料,20210730,,SW2021,2021-07-30
600299,基础化工,20000420,20210729,SW2021,2021-07-30
600299,基础化工,20210730,,SW2021,2021-07-30
600300,食品饮料,20000629,,SW2021,2021-07-30
600301,基础化工,20000712,20190723,SW2021,2021-07-30
600301,商贸零售,20190724,20220728,SW2021,2021-07-30
600301,建筑装饰,20220729,20240729,SW2021,2021-07-30
600301,有色金属,20240730,,SW2021,2021-07-30
600302,机械设备,20001213,,SW2021,2021-07-30
600303,汽车,20001226,,SW2021,2021-07-30
600305,食品饮料,20010206,,SW2021,2021-07-30
600306,商贸零售,20001226,,SW2021,2021-07-30
600307,钢铁,20001220,,SW2021,2021-07-30
600308,轻工制造,20000928,,SW2021,2021-07-30
600309,基础化工,20010105,,SW2021,2021-07-30
600310,公用事业,20010228,20210729,SW2021,2021-07-30
600310,公用事业,20210730,,SW2021,2021-07-30
600311,农林牧渔,20010621,20131231,SW2021,2021-07-30
600311,有色金属,20140102,,SW2021,2021-07-30
600312,电力设备,20010221,,SW2021,2021-07-30
600313,农林牧渔,20010109,20110107,SW2021,2021-07-30
600313,农林牧渔,20110110,,SW2021,2021-07-30
600315,美容护理,20010315,,SW2021,2021-07-30
600316,国防军工,20001214,,SW2021,2021-07-30
600317,交通运输,20010205,,SW2021,2021-07-30
600318,建筑材料,20001208,20170628,SW2021,2021-07-30
600318,非银金融,20170629,,SW2021,2021-07-30
600319,基础化工,20010326,20190723,SW2021,2021-07-30
600319,基础化工,20190724,,SW2021,2021-07-30
600320,机械设备,20001221,,SW2021,2021-07-30
600321,建筑材料,20010524,20220728,SW2021,2021-07-30
600321,建筑装饰,20220729,,SW2021,2021-07-30
600322,房地产,20010806,,SW2021,2021-07-30
600323,环保,20001225,,SW2021,2021-07-30
600325,房地产,20040225,,SW2021,2021-07-30
600326,交通运输,20010116,20060831,SW2021,2021-07-30
600326,建筑材料,20060901,,SW2021,2021-07-30
600327,商贸零售,20020625,20170628,SW2021,2021-07-30
600327,汽车,20170629,20230703,SW2021,2021-07-30
600327,商贸零售,20230704,,SW2021,2021-07-30
600328,基础化工,20001222,,SW2021,2021-07-30
600329,医药生物,20010606,,SW2021,2021-07-30
600330,有色金属,20080102,20210729,SW2021,2021-07-30
600330,机械设备,20210730,20240729,SW2021,2021-07-30
600330,电子,20240730,,SW2021,2021-07-30
600331,基础化工,20011220,20050630,SW2021,2021-07-30
600331,有色金属,20050701,20220728,SW2021,2021-07-30
600331,基础化工,20220729,,SW2021,2021-07-30
600332,医药生物,20010206,,SW2021,2021-07-30
600333,公用事业,20001211,,SW2021,2021-07-30
600335,汽车,20010305,,SW2021,2021-07-30
600336,家用电器,20001229,,SW2021,2021-07-30
600337,轻工制造,20001127,,SW2021,2021-07-30
600338,有色金属,20001227,,SW2021,2021-07-30
600339,基础化工,20001225,20170628,SW2021,2021-07-30
600339,石油石化,20170629,,SW2021,2021-07-30
600340,房地产,20031225,20210729,SW2021,2021-07-30
600340,房地产,20210730,,SW2021,2021-07-30
600343,国防军工,20030408,20220728,SW2021,2021-07-30
600343,机械设备,20220729,,SW2021,2021-07-30
600345,通信,20001222,,SW2021,2021-07-30
600346,机械设备,20010801,20170628,SW2021,2021-07-30
600346,基础化工,20170629,20210729,SW2021,2021-07-30
600346,石油石化,20210730,,SW2021,2021-07-30
600348,煤炭,20030819,,SW2021,2021-07-30
600350,交通运输,20020318,,SW2021,2021-07-30
600351,医药生物,20020920,,SW2021,2021-07-30
600352,基础化工,20030731,20071228,SW2021,2021-07-30
600352,基础化工,20080102,,SW2021,2021-07-30
600353,电子,20021120,20060831,SW2021,2021-07-30
600353,电子,20060901,,SW2021,2021-07-30
600354,农林牧渔,20040114,20070629,SW2021,2021-07-30
600354,农林牧渔,20070702,,SW2021,2021-07-30
600355,通信,20020612,,SW2021,2021-07-30
600356,轻工制造,20010419,,SW2021,2021-07-30
600357,钢铁,20020820,,SW2021,2021-07-30
600358,社会服务,20000922,20210729,SW2021,2021-07-30
600358,传媒,20210730,,SW2021,2021-07-30
600359,农林牧渔,19990429,,SW2021,2021-07-30
600360,电子,20010316,,SW2021,2021-07-30
600361,商贸零售,20011129,20230703,SW2021,2021-07-30
600361,有色金属,20230704,,SW2021,2021-07-30
600362,有色金属,20020111,,SW2021,2021-07-30
600363,电子,20110110,20220728,SW2021,2021-07-30
600363,电子,20220729,,SW2021,2021-07-30
600365,食品饮料,20010115,20081230,SW2021,2021-07-30
600365,商贸零售,20220729,,SW2021,2021-07-30
600366,有色金属,20080602,20090527,SW2021,2021-07-30
600366,电子,20090601,20091231,SW2021,2021-07-30
600366,有色金属,20100104,,SW2021,2021-07-30
600367,基础化工,20010320,,SW2021,2021-07-30
600368,交通运输,20001221,,SW2021,2021-07-30
600369,交通运输,20010105,20070629,SW2021,2021-07-30
600369,非银金融,20070702,,SW2021,2021-07-30
600370,纺织服饰,20030306,20220728,SW2021,2021-07-30
600370,基础化工,20220729,,SW2021,2021-07-30
600371,农林牧渔,20020916,,SW2021,2021-07-30
600372,国防军工,20010704,,SW2021,2021-07-30
600373,传媒,20020304,,SW2021,2021-07-30
600375,机械设备,20030401,20220728,SW2021,2021-07-30
600375,汽车,20220729,20230703,SW2021,2021-07-30
600375,汽车,20230704,,SW2021,2021-07-30
600376,房地产,20010209,,SW2021,2021-07-30
600377,交通运输,20010116,,SW2021,2021-07-30
600378,基础化工,20010111,20210729,SW2021,2021-07-30
600378,基础化工,20210730,,SW2021,2021-07-30
600379,电子,20020116,20060831,SW2021,2021-07-30
600379,电力设备,20060901,,SW2021,2021-07-30
600380,医药生物,20010608,20110107,SW2021,2021-07-30
600380,医药生物,20110110,,SW2021,2021-07-30
600381,房地产,20010508,20081230,SW2021,2021-07-30
600381,食品饮料,20081231,20210729,SW2021,2021-07-30
600381,食品饮料,20210730,,SW2021,2021-07-30
600382,综合,20010118,20220728,SW2021,2021-07-30
600382,钢铁,20220729,,SW2021,2021-07-30
600383,房地产,20010208,,SW2021,2021-07-30
600385,医药生物,20010723,20180531,SW2021,2021-07-30
600385,有色金属,20180601,20210729,SW2021,2021-07-30
600385,医药生物,20210730,,SW2021,2021-07-30
600386,汽车,20010208,,SW2021,2021-07-30
600387,石油石化,20040216,,SW2021,2021-07-30
600388,环保,20001229,20220728,SW2021,2021-07-30
600388,环保,20220729,,SW2021,2021-07-30
600389,基础化工,20010110,,SW2021,2021-07-30
600390,有色金属,20080102,20170628,SW2021,2021-07-30
600390,非银金融,20170629,,SW2021,2021-07-30
600391,国防军工,20011212,,SW2021,2021-07-30
600392,有色金属,20030529,,SW2021,2021-07-30
600393,房地产,20010319,,SW2021,2021-07-30
600395,煤炭,20010531,,SW2021,2021-07-30
600396,公用事业,20010320,20170525,SW2021,2021-07-30
600396,公用事业,20170526,,SW2021,2021-07-30
600397,煤炭,20020702,,SW2021,2021-07-30
600398,纺织服饰,20001228,,SW2021,2021-07-30
600399,钢铁,20001229,,SW2021,2021-07-30
600400,纺织服饰,20010108,,SW2021,2021-07-30
600401,公用事业,20030924,20120629,SW2021,2021-07-30
600401,电力设备,20120702,20140220,SW2021,2021-07-30
600401,电力设备,20140221,,SW2021,2021-07-30
600403,煤炭,20031009,,SW2021,2021-07-30
600405,电力设备,20040324,,SW2021,2021-07-30
600406,电力设备,20031015,,SW2021,2021-07-30
600408,煤炭,20030212,,SW2021,2021-07-30
600409,基础化工,20210730,20220728,SW2021,2021-07-30
600409,基础化工,20220729,,SW2021,2021-07-30
600410,计算机,20040423,,SW2021,2021-07-30
600415,商贸零售,20020509,,SW2021,2021-07-30
600416,电力设备,20020718,20240729,SW2021,2021-07-30
600416,电力设备,20240730,,SW2021,2021-07-30
600418,汽车,20010726,20170628,SW2021,2021-07-30
600418,汽车,20170629,,SW2021,2021-07-30
600419,综合,20010625,20180712,SW2021,2021-07-30
600419,食品饮料,20180713,,SW2021,2021-07-30
600420,医药生物,20040614,20110107,SW2021,2021-07-30
600420,医药生物,20110110,,SW2021,2021-07-30
600421,综合,20040604,20180712,SW2021,2021-07-30
600421,机械设备,20180713,,SW2021,2021-07-30
600422,医药生物,20001206,,SW2021,2021-07-30
600423,基础化工,20030714,20240729,SW2021,2021-07-30
600423,基础化工,20240730,,SW2021,2021-07-30
600425,建筑材料,20030721,,SW2021,2021-07-30
600426,基础化工,20210730,20220728,SW2021,2021-07-30
600426,基础化工,20220729,,SW2021,2021-07-30
600428,交通运输,20020418,,SW2021,2021-07-30
600429,食品饮料,20030915,,SW2021,2021-07-30
600432,有色金属,20030901,,SW2021,2021-07-30
600433,轻工制造,20030617,,SW2021,2021-07-30
600435,国防军工,20030701,,SW2021,2021-07-30
600436,医药生物,20030616,,SW2021,2021-07-30
600438,电力设备,20040301,,SW2021,2021-07-30
600439,纺织服饰,20030707,,SW2021,2021-07-30
600444,基础化工,20040217,20170628,SW2021,2021-07-30
600444,机械设备,20170629,,SW2021,2021-07-30
600446,计算机,20031219,,SW2021,2021-07-30
600448,纺织服饰,20010903,,SW2021,2021-07-30
600449,建筑材料,20030825,,SW2021,2021-07-30
600452,公用事业,20180713,20210729,SW2021,2021-07-30
600452,公用事业,20210730,,SW2021,2021-07-30
600455,综合,20040326,20180712,SW2021,2021-07-30
600455,计算机,20180713,,SW2021,2021-07-30
600456,有色金属,20000412,,SW2021,2021-07-30
600458,有色金属,20021219,20080530,SW2021,2021-07-30
600458,基础化工,20090601,20210729,SW2021,2021-07-30
600458,电力设备,20210730,20240729,SW2021,2021-07-30
600458,机械设备,20240730,,SW2021,2021-07-30
600459,有色金属,20030515,20070629,SW2021,2021-07-30
600459,有色金属,20070702,,SW2021,2021-07-30
600460,电子,20030311,20151029,SW2021,2021-07-30
600460,电子,20151030,,SW2021,2021-07-30
600461,环保,20040531,,SW2021,2021-07-30
600462,通信,20030901,,SW2021,2021-07-30
600463,房地产,20040308,20040331,SW2021,2021-07-30
600463,房地产,20040401,,SW2021,2021-07-30
600466,医药生物,20010212,20080530,SW2021,2021-07-30
600466,房地产,20080602,,SW2021,2021-07-30
600467,农林牧渔,20040401,,SW2021,2021-07-30
600468,电力设备,20010612,,SW2021,2021-07-30
600469,汽车,20031016,,SW2021,2021-07-30
600470,基础化工,20040302,,SW2021,2021-07-30
600472,有色金属,20050509,,SW2021,2021-07-30
600475,电力设备,20210730,20240729,SW2021,2021-07-30
600475,公用事业,20240730,,SW2021,2021-07-30
600476,计算机,20031205,,SW2021,2021-07-30
600477,建筑装饰,20031107,,SW2021,2021-07-30
600478,有色金属,20030915,20170628,SW2021,2021-07-30
600478,电力设备,20170629,,SW2021,2021-07-30
600479,医药生物,20040310,,SW2021,2021-07-30
600480,汽车,20030812,,SW2021,2021-07-30
600481,基础化工,20030422,20110930,SW2021,2021-07-30
600481,机械设备,20111010,20230703,SW2021,2021-07-30
600481,电力设备,20230704,,SW2021,2021-07-30
600482,国防军工,20040713,20220728,SW2021,2021-07-30
600482,电力设备,20220729,,SW2021,2021-07-30
600483,纺织服饰,20110110,20150630,SW2021,2021-07-30
600483,公用事业,20150701,20210729,SW2021,2021-07-30
600483,公用事业,20210730,,SW2021,2021-07-30
600485,通信,20030804,,SW2021,2021-07-30
600486,基础化工,20020401,,SW2021,2021-07-30
600487,通信,20030821,,SW2021,2021-07-30
600488,医药生物,20190724,20220728,SW2021,2021-07-30
600488,医药生物,20220729,,SW2021,2021-07-30
600489,有色金属,20030812,,SW2021,2021-07-30
600490,医药生物,20030623,20090930,SW2021,2021-07-30
600490,房地产,20091009,20110930,SW2021,2021-07-30
600490,有色金属,20111010,,SW2021,2021-07-30
600491,建筑装饰,20040520,,SW2021,2021-07-30
600493,纺织服饰,20040420,,SW2021,2021-07-30
600495,机械设备,20040525,,SW2021,2021-07-30
600496,建筑装饰,20020605,,SW2021,2021-07-30
600497,有色金属,20040419,,SW2021,2021-07-30
600498,通信,20010726,,SW2021,2021-07-30
600499,机械设备,20021010,,SW2021,2021-07-30
600500,商贸零售,20000301,20131231,SW2021,2021-07-30
600500,基础化工,20140102,20180712,SW2021,2021-07-30
600500,基础化工,20180713,,SW2021,2021-07-30
600501,机械设备,20010615,,SW2021,2021-07-30
600502,建筑装饰,20030415,20220728,SW2021,2021-07-30
600502,建筑装饰,20220729,,SW2021,2021-07-30
600503,房地产,20020709,,SW2021,2021-07-30
600505,公用事业,20020530,20210729,SW2021,2021-07-30
600505,公用事业,20210730,,SW2021,2021-07-30
600506,农林牧渔,20110110,20220728,SW2021,2021-07-30
600506,石油石化,20220729,,SW2021,2021-07-30
600507,钢铁,20030930,,SW2021,2021-07-30
600508,煤炭,20010829,,SW2021,2021-07-30
600509,公用事业,20020228,20210729,SW2021,2021-07-30
600509,公用事业,20210730,,SW2021,2021-07-30
600510,纺织服饰,20020618,20190723,SW2021,2021-07-30
600510,房地产,20190724,,SW2021,2021-07-30
600511,医药生物,20020114,,SW2021,2021-07-30
600512,建筑装饰,20021226,,SW2021,2021-07-30
600513,医药生物,20030319,,SW2021,2021-07-30
600515,商贸零售,20020806,20170628,SW2021,2021-07-30
600515,房地产,20170629,20220728,SW2021,2021-07-30
600515,综合,20220729,20230703,SW2021,2021-07-30
600515,房地产,20230704,,SW2021,2021-07-30
600516,有色金属,20020830,20090527,SW2021,2021-07-30
600516,基础化工,20090601,20210729,SW2021,2021-07-30
600516,钢铁,20210730,,SW2021,2021-07-30
600517,电力设备,20031009,20220728,SW2021,2021-07-30
600517,非银金融,20220729,,SW2021,2021-07-30
600518,医药生物,20010319,20090114,SW2021,2021-07-30
600518,医药生物,20090115,,SW2021,2021-07-30
600519,食品饮料,20010731,,SW2021,2021-07-30
600520,机械设备,20020108,20170628,SW2021,2021-07-30
600520,机械设备,20170629,,SW2021,2021-07-30
600521,医药生物,20030304,20190723,SW2021,2021-07-30
600521,医药生物,20190724,,SW2021,2021-07-30
600522,通信,20021024,,SW2021,2021-07-30
600523,汽车,20011227,,SW2021,2021-07-30
600525,有色金属,20021202,20080530,SW2021,2021-07-30
600525,电力设备,20080602,20210729,SW2021,2021-07-30
600525,电力设备,20210730,,SW2021,2021-07-30
600526,环保,20020722,,SW2021,2021-07-30
600527,基础化工,20031125,20210729,SW2021,2021-07-30
600527,纺织服饰,20210730,,SW2021,2021-07-30
600528,机械设备,20010528,,SW2021,2021-07-30
600529,医药生物,20020603,,SW2021,2021-07-30
600530,食品饮料,20010702,,SW2021,2021-07-30
600531,有色金属,20020730,,SW2021,2021-07-30
600532,基础化工,20021031,20110107,SW2021,2021-07-30
600532,煤炭,20110110,,SW2021,2021-07-30
600533,房地产,20020301,,SW2021,2021-07-30
600535,医药生物,20020823,,SW2021,2021-07-30
600536,计算机,20020508,,SW2021,2021-07-30
600537,农林牧渔,20030123,20100528,SW2021,2021-07-30
600537,电力设备,20100531,,SW2021,2021-07-30
600538,农林牧渔,20030114,20111230,SW2021,2021-07-30
600538,基础化工,20120104,20170628,SW2021,2021-07-30
600538,医药生物,20170629,20210729,SW2021,2021-07-30
600538,医药生物,20210730,,SW2021,2021-07-30
600539,建筑材料,20010801,20180712,SW2021,2021-07-30
600539,综合,20180713,20220728,SW2021,2021-07-30
600539,商贸零售,20220729,,SW2021,2021-07-30
600540,农林牧渔,20040102,,SW2021,2021-07-30
600543,农林牧渔,20040323,20070629,SW2021,2021-07-30
600543,食品饮料,20070702,,SW2021,2021-07-30
600545,机械设备,20031128,,SW2021,2021-07-30
600546,煤炭,20030729,,SW2021,2021-07-30
600547,有色金属,20030826,,SW2021,2021-07-30
600548,交通运输,20011225,,SW2021,2021-07-30
600549,有色金属,20021107,,SW2021,2021-07-30
600550,电力设备,20010226,,SW2021,2021-07-30
600551,综合,20020905,20090527,SW2021,2021-07-30
600551,传媒,20090601,,SW2021,2021-07-30
600552,建筑材料,20021108,20180712,SW2021,2021-07-30
600552,电子,20180713,,SW2021,2021-07-30
600553,建筑材料,20020822,,SW2021,2021-07-30
600555,社会服务,20080602,20120106,SW2021,2021-07-30
600555,房地产,20120109,20180712,SW2021,2021-07-30
600555,社会服务,20180713,,SW2021,2021-07-30
600556,综合,20010806,20200904,SW2021,2021-07-30
600556,传媒,20200907,,SW2021,2021-07-30
600557,医药生物,20020918,,SW2021,2021-07-30
600558,机械设备,20010226,,SW2021,2021-07-30
600559,食品饮料,20021029,,SW2021,2021-07-30
600560,机械设备,20020909,,SW2021,2021-07-30
600561,交通运输,20020716,,SW2021,2021-07-30
600562,建筑材料,20030128,20151030,SW2021,2021-07-30
600562,国防军工,20151102,20210729,SW2021,2021-07-30
600562,国防军工,20210730,,SW2021,2021-07-30
600563,电子,20021210,,SW2021,2021-07-30
600565,房地产,20020723,,SW2021,2021-07-30
600566,医药生物,20010801,20180712,SW2021,2021-07-30
600566,医药生物,20180713,,SW2021,2021-07-30
600567,轻工制造,20011218,,SW2021,2021-07-30
600568,医药生物,20010518,20131231,SW2021,2021-07-30
600568,房地产,20140102,20210729,SW2021,2021-07-30
600568,医药生物,20210730,,SW2021,2021-07-30
600569,钢铁,20010801,,SW2021,2021-07-30
600570,计算机,20031211,,SW2021,2021-07-30
600571,计算机,20021031,,SW2021,2021-07-30
600572,医药生物,20040409,,SW2021,2021-07-30
600573,食品饮料,20030226,,SW2021,2021-07-30
600575,交通运输,20030328,20170518,SW2021,2021-07-30
600575,煤炭,20220729,,SW2021,2021-07-30
600576,社会服务,20030220,20090930,SW2021,2021-07-30
600576,综合,20130701,20131231,SW2021,2021-07-30
600576,房地产,20140102,20180615,SW2021,2021-07-30
600576,传媒,20180619,20230703,SW2021,2021-07-30
600576,社会服务,20230704,,SW2021,2021-07-30
600577,机械设备,20020911,20190723,SW2021,2021-07-30
600577,电力设备,20190724,,SW2021,2021-07-30
600578,公用事业,20020508,20170628,SW2021,2021-07-30
600578,公用事业,20170629,,SW2021,2021-07-30
600579,机械设备,20020809,,SW2021,2021-07-30
600580,电力设备,20020606,,SW2021,2021-07-30
600581,钢铁,20020816,,SW2021,2021-07-30
600582,机械设备,20020508,,SW2021,2021-07-30
600583,石油石化,20020205,,SW2021,2021-07-30
600584,电子,20030602,20110107,SW2021,2021-07-30
600584,电子,20110110,,SW2021,2021-07-30
600585,建筑材料,20020207,,SW2021,2021-07-30
600586,建筑材料,20020815,,SW2021,2021-07-30
600587,医药生物,20020927,,SW2021,2021-07-30
600588,计算机,20010518,,SW2021,2021-07-30
600589,基础化工,20210730,20240722,SW2021,2021-07-30
600589,计算机,20240723,,SW2021,2021-07-30
600590,电力设备,20020703,20220728,SW2021,2021-07-30
600590,国防军工,20220729,,SW2021,2021-07-30
600591,交通运输,20021008,,SW2021,2021-07-30
600592,机械设备,20020805,,SW2021,2021-07-30
600593,社会服务,20020711,,SW2021,2021-07-30
600594,医药生物,20040319,,SW2021,2021-07-30
600595,有色金属,20020626,,SW2021,2021-07-30
600596,基础化工,20210730,20230703,SW2021,2021-07-30
600596,基础化工,20230704,,SW2021,2021-07-30
600597,食品饮料,20020828,,SW2021,2021-07-30
600598,农林牧渔,20020329,20110107,SW2021,2021-07-30
600598,农林牧渔,20110110,,SW2021,2021-07-30
600599,非银金融,20010731,,SW2021,2021-07-30
600600,食品饮料,19930827,,SW2021,2021-07-30
600601,电子,19901219,,SW2021,2021-07-30
600602,电子,19901219,20180615,SW2021,2021-07-30
600602,计算机,20180619,,SW2021,2021-07-30
600603,综合,20110110,20210729,SW2021,2021-07-30
600603,房地产,20210730,20250808,SW2021,2021-07-30
600603,交通运输,20250811,,SW2021,2021-07-30
600604,房地产,19920327,,SW2021,2021-07-30
600605,商贸零售,19920327,20210729,SW2021,2021-07-30
600605,商贸零售,20210730,,SW2021,2021-07-30
600606,房地产,19920327,,SW2021,2021-07-30
600607,医药生物,19920327,,SW2021,2021-07-30
600608,钢铁,19920309,20010427,SW2021,2021-07-30
600608,综合,20010430,20170518,SW2021,2021-07-30
600608,商贸零售,20170519,,SW2021,2021-07-30
600609,汽车,19920724,,SW2021,2021-07-30
600610,机械设备,19920805,20150630,SW2021,2021-07-30
600610,建筑装饰,20150701,20210729,SW2021,2021-07-30
600610,基础化工,20210730,,SW2021,2021-07-30
600611,交通运输,19920807,,SW2021,2021-07-30
600612,纺织服饰,19920814,,SW2021,2021-07-30
600613,医药生物,19920820,20190723,SW2021,2021-07-30
600613,医药生物,20190724,,SW2021,2021-07-30
600614,房地产,20070702,20121231,SW2021,2021-07-30
600614,综合,20130104,20151030,SW2021,2021-07-30
600614,有色金属,20151102,20210729,SW2021,2021-07-30
600614,有色金属,20210730,,SW2021,2021-07-30
600615,基础化工,19920615,20070629,SW2021,2021-07-30
600615,房地产,20070702,20170628,SW2021,2021-07-30
600615,有色金属,20210730,20220728,SW2021,2021-07-30
600615,有色金属,20220729,,SW2021,2021-07-30
600616,食品饮料,19920929,20110107,SW2021,2021-07-30
600616,食品饮料,20110110,,SW2021,2021-07-30
600617,基础化工,19921013,20110107,SW2021,2021-07-30
600617,公用事业,20110110,20110930,SW2021,2021-07-30
600617,综合,20111010,20131231,SW2021,2021-07-30
600617,公用事业,20140102,,SW2021,2021-07-30
600618,基础化工,19921113,,SW2021,2021-07-30
600619,家用电器,19921116,,SW2021,2021-07-30
600620,综合,20070702,20110107,SW2021,2021-07-30
600620,房地产,20110110,20180615,SW2021,2021-07-30
600620,综合,20180619,,SW2021,2021-07-30
600621,房地产,19921202,20190723,SW2021,2021-07-30
600621,非银金融,20190724,,SW2021,2021-07-30
600622,综合,19921103,20131231,SW2021,2021-07-30
600622,房地产,20140102,,SW2021,2021-07-30
600623,基础化工,19921204,20210729,SW2021,2021-07-30
600623,基础化工,20210730,,SW2021,2021-07-30
600624,综合,19930105,20210729,SW2021,2021-07-30
600624,医药生物,20210730,,SW2021,2021-07-30
600625,家用电器,19930106,,SW2021,2021-07-30
600626,纺织服饰,20110110,20180712,SW2021,2021-07-30
600626,商贸零售,20180713,20190723,SW2021,2021-07-30
600626,汽车,20190724,,SW2021,2021-07-30
600627,电力设备,19930118,,SW2021,2021-07-30
600628,商贸零售,19930119,,SW2021,2021-07-30
600629,建筑材料,19930209,20170525,SW2021,2021-07-30
600629,建筑装饰,20190724,20210729,SW2021,2021-07-30
600629,建筑装饰,20210730,,SW2021,2021-07-30
600630,纺织服饰,19930209,,SW2021,2021-07-30
600631,商贸零售,19930219,,SW2021,2021-07-30
600632,商贸零售,19930219,,SW2021,2021-07-30
600633,传媒,19930304,,SW2021,2021-07-30
600634,电子,19920615,20020430,SW2021,2021-07-30
600634,房地产,20020508,20121231,SW2021,2021-07-30
600634,综合,20130104,20180712,SW2021,2021-07-30
600634,传媒,20180713,,SW2021,2021-07-30
600635,公用事业,19910801,20150116,SW2021,2021-07-30
600635,公用事业,20150119,,SW2021,2021-07-30
600636,基础化工,19930316,20190723,SW2021,2021-07-30
600636,社会服务,20190724,,SW2021,2021-07-30
600637,家用电器,19930316,20110930,SW2021,2021-07-30
600637,传媒,20111010,,SW2021,2021-07-30
600638,房地产,19930326,,SW2021,2021-07-30
600639,房地产,19930326,,SW2021,2021-07-30
600640,社会服务,19930407,20170519,SW2021,2021-07-30
600640,传媒,20170522,20220728,SW2021,2021-07-30
600640,传媒,20250926,,SW2021,2021-07-30
600641,房地产,19930407,,SW2021,2021-07-30
600642,公用事业,19930416,,SW2021,2021-07-30
600643,非银金融,19930426,,SW2021,2021-07-30
600644,公用事业,19930426,20210729,SW2021,2021-07-30
600644,公用事业,20210730,,SW2021,2021-07-30
600645,纺织服饰,19920818,20010830,SW2021,2021-07-30
600645,医药生物,20010831,,SW2021,2021-07-30
600646,传媒,19930504,,SW2021,2021-07-30
600647,房地产,20110110,20210729,SW2021,2021-07-30
600647,综合,20210730,20230703,SW2021,2021-07-30
600647,房地产,20230704,,SW2021,2021-07-30
600648,房地产,19930504,,SW2021,2021-07-30
600649,房地产,19930518,,SW2021,2021-07-30
600650,社会服务,19930607,20040331,SW2021,2021-07-30
600650,交通运输,20040401,,SW2021,2021-07-30
600651,电子,20170629,20240729,SW2021,2021-07-30
600651,汽车,20240730,,SW2021,2021-07-30
600652,综合,19901219,20110107,SW2021,2021-07-30
600652,传媒,20110110,,SW2021,2021-07-30
600653,汽车,19901219,,SW2021,2021-07-30
600654,电子,19901219,20180615,SW2021,2021-07-30
600654,计算机,20180619,,SW2021,2021-07-30
600655,商贸零售,19920902,20210729,SW2021,2021-07-30
600655,商贸零售,20210730,,SW2021,2021-07-30
600656,基础化工,19901219,20110930,SW2021,2021-07-30
600656,综合,20111010,,SW2021,2021-07-30
600657,房地产,19921221,,SW2021,2021-07-30
600658,房地产,19930524,,SW2021,2021-07-30
600659,综合,19930528,,SW2021,2021-07-30
600660,汽车,19930610,,SW2021,2021-07-30
600661,综合,19930614,20131230,SW2021,2021-07-30
600661,社会服务,20131231,,SW2021,2021-07-30
600662,交通运输,19930614,20220728,SW2021,2021-07-30
600662,社会服务,20220729,,SW2021,2021-07-30
600663,房地产,19930628,,SW2021,2021-07-30
600664,医药生物,20080602,20081006,SW2021,2021-07-30
600664,医药生物,20081007,,SW2021,2021-07-30
600665,房地产,19930709,,SW2021,2021-07-30
600666,医药生物,19930712,20151030,SW2021,2021-07-30
600666,电子,20151102,,SW2021,2021-07-30
600667,基础化工,19930728,20111229,SW2021,2021-07-30
600667,建筑装饰,20111230,20180712,SW2021,2021-07-30
600667,电子,20180713,20220728,SW2021,2021-07-30
600667,建筑装饰,20220729,,SW2021,2021-07-30
600668,建筑材料,19930728,20210729,SW2021,2021-07-30
600668,综合,20210730,20220728,SW2021,2021-07-30
600668,建筑材料,20220729,,SW2021,2021-07-30
600669,基础化工,19930806,20060831,SW2021,2021-07-30
600669,综合,20060901,,SW2021,2021-07-30
600670,医药生物,19930809,,SW2021,2021-07-30
600671,医药生物,19930823,,SW2021,2021-07-30
600672,农林牧渔,19930917,,SW2021,2021-07-30
600673,医药生物,20190724,20220728,SW2021,2021-07-30
600673,有色金属,20220729,20230703,SW2021,2021-07-30
600673,综合,20230704,,SW2021,2021-07-30
600674,钢铁,19930924,20050630,SW2021,2021-07-30
600674,公用事业,20050701,20110107,SW2021,2021-07-30
600674,公用事业,20110110,,SW2021,2021-07-30
600675,房地产,19930924,,SW2021,2021-07-30
600676,综合,19930928,20240729,SW2021,2021-07-30
600676,汽车,20240730,,SW2021,2021-07-30
600677,综合,19930928,20070629,SW2021,2021-07-30
600677,国防军工,20070702,,SW2021,2021-07-30
600678,建筑材料,19931008,20210729,SW2021,2021-07-30
600678,建筑材料,20210730,,SW2021,2021-07-30
600679,汽车,19931008,,SW2021,2021-07-30
600680,通信,19931018,20110930,SW2021,2021-07-30
600680,通信,20111010,,SW2021,2021-07-30
600681,建筑装饰,19931018,20170525,SW2021,2021-07-30
600681,公用事业,20170526,,SW2021,2021-07-30
600682,商贸零售,19931018,20200609,SW2021,2021-07-30
600682,医药生物,20200610,20230703,SW2021,2021-07-30
600682,综合,20230704,,SW2021,2021-07-30
600683,房地产,19931025,,SW2021,2021-07-30
600684,房地产,19931028,20240229,SW2021,2021-07-30
600684,房地产,20240301,,SW2021,2021-07-30
600685,国防军工,19931028,,SW2021,2021-07-30
600686,汽车,19931108,,SW2021,2021-07-30
600687,房地产,19920622,20010427,SW2021,2021-07-30
600687,有色金属,20130701,,SW2021,2021-07-30
600688,石油石化,19931108,,SW2021,2021-07-30
600689,纺织服饰,19931108,20220728,SW2021,2021-07-30
600689,综合,20220729,,SW2021,2021-07-30
600690,家用电器,19931119,20110107,SW2021,2021-07-30
600690,家用电器,20110110,,SW2021,2021-07-30
600691,综合,19931119,20121231,SW2021,2021-07-30
600691,基础化工,20130104,,SW2021,2021-07-30
600692,交通运输,19931119,20180712,SW2021,2021-07-30
600692,房地产,20180713,,SW2021,2021-07-30
600693,商贸零售,19931122,,SW2021,2021-07-30
600694,商贸零售,19931122,,SW2021,2021-07-30
600695,非银金融,19931122,,SW2021,2021-07-30
600696,房地产,19931013,20190723,SW2021,2021-07-30
600696,综合,20190724,20220728,SW2021,2021-07-30
600696,食品饮料,20220729,,SW2021,2021-07-30
600697,商贸零售,19931206,,SW2021,2021-07-30
600698,汽车,19931206,,SW2021,2021-07-30
600699,基础化工,19931206,20120928,SW2021,2021-07-30
600699,汽车,20121008,,SW2021,2021-07-30
600700,综合,19960430,,SW2021,2021-07-30
600701,综合,19960528,,SW2021,2021-07-30
600702,食品饮料,19960524,,SW2021,2021-07-30
600703,农林牧渔,19960528,20090527,SW2021,2021-07-30
600703,电子,20090601,20110107,SW2021,2021-07-30
600703,电子,20110110,,SW2021,2021-07-30
600704,商贸零售,20120702,20170628,SW2021,2021-07-30
600704,综合,20170629,20190723,SW2021,2021-07-30
600704,交通运输,20190724,,SW2021,2021-07-30
600705,交通运输,19960516,20130628,SW2021,2021-07-30
600705,非银金融,20130701,,SW2021,2021-07-30
600706,综合,19960516,20070629,SW2021,2021-07-30
600706,社会服务,20070702,20210729,SW2021,2021-07-30
600706,社会服务,20210730,,SW2021,2021-07-30
600707,电子,19960520,,SW2021,2021-07-30
600708,综合,19960606,20151102,SW2021,2021-07-30
600708,房地产,20151103,,SW2021,2021-07-30
600709,农林牧渔,19960618,,SW2021,2021-07-30
600710,商贸零售,19960701,,SW2021,2021-07-30
600711,有色金属,20190724,20210729,SW2021,2021-07-30
600711,有色金属,20210730,,SW2021,2021-07-30
600712,商贸零售,19960626,,SW2021,2021-07-30
600713,医药生物,19960701,,SW2021,2021-07-30
600714,钢铁,19960606,20070629,SW2021,2021-07-30
600714,基础化工,20070702,20090527,SW2021,2021-07-30
600714,基础化工,20090601,,SW2021,2021-07-30
600715,传媒,19960701,,SW2021,2021-07-30
600716,房地产,19960702,,SW2021,2021-07-30
600717,交通运输,19960614,,SW2021,2021-07-30
600718,计算机,19960618,,SW2021,2021-07-30
600719,公用事业,19960716,,SW2021,2021-07-30
600720,建筑材料,19960716,20240118,SW2021,2021-07-30
600720,建筑装饰,20240119,,SW2021,2021-07-30
600721,社会服务,19960626,20110107,SW2021,2021-07-30
600721,医药生物,20110110,,SW2021,2021-07-30
600722,基础化工,20210730,20220728,SW2021,2021-07-30
600722,基础化工,20220729,,SW2021,2021-07-30
600723,商贸零售,19960716,,SW2021,2021-07-30
600724,综合,19960716,20121231,SW2021,2021-07-30
600724,房地产,20130104,20210729,SW2021,2021-07-30
600724,建筑材料,20210730,20240729,SW2021,2021-07-30
600724,房地产,20240730,,SW2021,2021-07-30
600725,煤炭,19960702,,SW2021,2021-07-30
600726,公用事业,19960701,,SW2021,2021-07-30
600727,基础化工,19960702,20210729,SW2021,2021-07-30
600727,基础化工,20210730,,SW2021,2021-07-30
600728,农林牧渔,19960628,20000831,SW2021,2021-07-30
600728,计算机,20000901,,SW2021,2021-07-30
600729,商贸零售,19960702,,SW2021,2021-07-30
600730,综合,19960726,20210729,SW2021,2021-07-30
600730,社会服务,20210730,,SW2021,2021-07-30
600731,基础化工,19960802,,SW2021,2021-07-30
600732,房地产,19960816,20201217,SW2021,2021-07-30
600732,电力设备,20201218,,SW2021,2021-07-30
600733,综合,19960723,20150116,SW2021,2021-07-30
600733,房地产,20150119,20180712,SW2021,2021-07-30
600733,汽车,20180713,20220728,SW2021,2021-07-30
600733,汽车,20220729,,SW2021,2021-07-30
600734,房地产,19960808,20170628,SW2021,2021-07-30
600734,通信,20170629,,SW2021,2021-07-30
600735,纺织服饰,19960726,20110930,SW2021,2021-07-30
600735,商贸零售,20111010,20190723,SW2021,2021-07-30
600735,纺织服饰,20190724,,SW2021,2021-07-30
600736,房地产,19960815,,SW2021,2021-07-30
600737,农林牧渔,19960704,20170628,SW2021,2021-07-30
600737,农林牧渔,20170629,,SW2021,2021-07-30
600738,商贸零售,19960802,,SW2021,2021-07-30
600739,非银金融,20070702,20140630,SW2021,2021-07-30
600739,商贸零售,20140701,20190723,SW2021,2021-07-30
600739,医药生物,20190724,,SW2021,2021-07-30
600740,煤炭,19960808,,SW2021,2021-07-30
600741,汽车,19960826,,SW2021,2021-07-30
600742,汽车,19960826,,SW2021,2021-07-30
600743,房地产,19960909,,SW2021,2021-07-30
600744,公用事业,19960905,,SW2021,2021-07-30
600745,房地产,19960828,20170628,SW2021,2021-07-30
600745,电子,20170629,20220728,SW2021,2021-07-30
600745,电子,20220729,,SW2021,2021-07-30
600746,基础化工,20110110,20210729,SW2021,2021-07-30
600746,基础化工,20210730,,SW2021,2021-07-30
600747,电子,19960916,20080530,SW2021,2021-07-30
600747,综合,20080602,,SW2021,2021-07-30
600748,房地产,19960905,,SW2021,2021-07-30
600749,社会服务,19961015,20190723,SW2021,2021-07-30
600749,社会服务,20190724,,SW2021,2021-07-30
600750,医药生物,19960829,,SW2021,2021-07-30
600751,交通运输,19960909,20180712,SW2021,2021-07-30
600751,电子,20180713,20240729,SW2021,2021-07-30
600751,交通运输,20240730,,SW2021,2021-07-30
600752,医药生物,19960925,,SW2021,2021-07-30
600753,房地产,19960927,20180615,SW2021,2021-07-30
600753,建筑材料,20180619,20180712,SW2021,2021-07-30
600753,商贸零售,20180713,20210729,SW2021,2021-07-30
600753,交通运输,20210730,,SW2021,2021-07-30
600754,社会服务,19961011,,SW2021,2021-07-30
600755,商贸零售,19961003,20210729,SW2021,2021-07-30
600755,交通运输,20210730,,SW2021,2021-07-30
600756,社会服务,19960820,20010830,SW2021,2021-07-30
600756,计算机,20010831,,SW2021,2021-07-30
600757,纺织服饰,19961003,20110930,SW2021,2021-07-30
600757,传媒,20111010,,SW2021,2021-07-30
600758,公用事业,19961029,20170628,SW2021,2021-07-30
600758,煤炭,20170629,,SW2021,2021-07-30
600759,综合,20070702,20110107,SW2021,2021-07-30
600759,房地产,20110110,20150630,SW2021,2021-07-30
600759,石油石化,20150701,,SW2021,2021-07-30
600760,国防军工,19961011,20180712,SW2021,2021-07-30
600760,国防军工,20180713,,SW2021,2021-07-30
600761,机械设备,19961009,,SW2021,2021-07-30
600762,农林牧渔,19961025,,SW2021,2021-07-30
600763,基础化工,19961021,20070629,SW2021,2021-07-30
600763,医药生物,20070702,,SW2021,2021-07-30
600764,国防军工,19961104,20210729,SW2021,2021-07-30
600764,国防军工,20210730,,SW2021,2021-07-30
600765,国防军工,19961106,,SW2021,2021-07-30
600766,房地产,19961028,20130628,SW2021,2021-07-30
600766,有色金属,20130701,20220728,SW2021,2021-07-30
600766,综合,20220729,,SW2021,2021-07-30
600767,房地产,19961115,20180615,SW2021,2021-07-30
600767,医药生物,20180619,20220728,SW2021,2021-07-30
600767,计算机,20220729,,SW2021,2021-07-30
600768,有色金属,19961111,,SW2021,2021-07-30
600769,基础化工,19961101,20131230,SW2021,2021-07-30
600769,综合,20131231,20180712,SW2021,2021-07-30
600769,建筑装饰,20180713,20210729,SW2021,2021-07-30
600769,环保,20210730,,SW2021,2021-07-30
600770,综合,19961120,,SW2021,2021-07-30
600771,医药生物,19961105,20170628,SW2021,2021-07-30
600771,医药生物,20170629,,SW2021,2021-07-30
600772,石油石化,19961104,,SW2021,2021-07-30
600773,医药生物,19961108,20091231,SW2021,2021-07-30
600773,房地产,20100104,,SW2021,2021-07-30
600774,商贸零售,19961108,20220728,SW2021,2021-07-30
600774,医药生物,20220729,,SW2021,2021-07-30
600775,家用电器,19961107,20010427,SW2021,2021-07-30
600775,通信,20010430,,SW2021,2021-07-30
600776,通信,19961126,,SW2021,2021-07-30
600777,综合,19961121,20091231,SW2021,2021-07-30
600777,房地产,20100104,20170628,SW2021,2021-07-30
600777,石油石化,20170629,,SW2021,2021-07-30
600778,商贸零售,19961203,,SW2021,2021-07-30
600779,食品饮料,19961206,,SW2021,2021-07-30
600780,公用事业,19961205,20120629,SW2021,2021-07-30
600780,公用事业,20120702,,SW2021,2021-07-30
600781,纺织服饰,19961218,20060831,SW2021,2021-07-30
600781,医药生物,20060901,20190723,SW2021,2021-07-30
600781,医药生物,20190724,,SW2021,2021-07-30
600782,钢铁,19961225,,SW2021,2021-07-30
600783,综合,20111010,20220728,SW2021,2021-07-30
600783,机械设备,20220729,,SW2021,2021-07-30
600784,综合,20110110,20250808,SW2021,2021-07-30
600784,基础化工,20250811,,SW2021,2021-07-30
600785,商贸零售,19970108,,SW2021,2021-07-30
600786,电力设备,19961227,,SW2021,2021-07-30
600787,交通运输,19970121,,SW2021,2021-07-30
600788,商贸零售,19961230,,SW2021,2021-07-30
600789,医药生物,19970226,20110107,SW2021,2021-07-30
600789,医药生物,20110110,,SW2021,2021-07-30
600790,房地产,19970228,20070629,SW2021,2021-07-30
600790,商贸零售,20070702,,SW2021,2021-07-30
600791,商贸零售,19970121,20020430,SW2021,2021-07-30
600791,房地产,20020508,,SW2021,2021-07-30
600792,基础化工,19970123,20110930,SW2021,2021-07-30
600792,煤炭,20111010,,SW2021,2021-07-30
600793,轻工制造,19970220,,SW2021,2021-07-30
600794,房地产,19970219,20070629,SW2021,2021-07-30
600794,交通运输,20070702,,SW2021,2021-07-30
600795,公用事业,19970318,,SW2021,2021-07-30
600796,基础化工,19970408,20220728,SW2021,2021-07-30
600796,环保,20220729,,SW2021,2021-07-30
600797,计算机,19970325,,SW2021,2021-07-30
600798,交通运输,19970423,,SW2021,2021-07-30
600799,钢铁,19970328,19990831,SW2021,2021-07-30
600799,计算机,19990901,,SW2021,2021-07-30
600800,电子,19931206,20170628,SW2021,2021-07-30
600800,石油石化,20170629,,SW2021,2021-07-30
600801,建筑材料,19940103,,SW2021,2021-07-30
600802,建筑材料,19940103,,SW2021,2021-07-30
600803,基础化工,20170629,20200828,SW2021,2021-07-30
600803,公用事业,20200831,,SW2021,2021-07-30
600804,通信,19940103,,SW2021,2021-07-30
600805,综合,19940103,20110930,SW2021,2021-07-30
600805,综合,20111010,,SW2021,2021-07-30
600806,机械设备,19940103,,SW2021,2021-07-30
600807,房地产,19940103,20220728,SW2021,2021-07-30
600807,有色金属,20220729,20240729,SW2021,2021-07-30
600807,医药生物,20240730,,SW2021,2021-07-30
600808,钢铁,19940106,,SW2021,2021-07-30
600809,食品饮料,19940106,,SW2021,2021-07-30
600810,基础化工,20110110,20210729,SW2021,2021-07-30
600810,基础化工,20210730,,SW2021,2021-07-30
600811,综合,19940106,20220728,SW2021,2021-07-30
600811,商贸零售,20220729,,SW2021,2021-07-30
600812,医药生物,19940114,20180712,SW2021,2021-07-30
600812,医药生物,20180713,,SW2021,2021-07-30
600813,机械设备,19940114,,SW2021,2021-07-30
600814,商贸零售,19940114,,SW2021,2021-07-30
600815,机械设备,19940128,,SW2021,2021-07-30
600816,非银金融,19940128,,SW2021,2021-07-30
600817,综合,19940128,20210729,SW2021,2021-07-30
600817,机械设备,20210730,20220728,SW2021,2021-07-30
600817,环保,20220729,,SW2021,2021-07-30
600818,综合,19940128,20210729,SW2021,2021-07-30
600818,汽车,20210730,20220728,SW2021,2021-07-30
600818,汽车,20220729,,SW2021,2021-07-30
600819,建筑材料,19940128,,SW2021,2021-07-30
600820,建筑装饰,19940128,,SW2021,2021-07-30
600821,商贸零售,19940128,20220728,SW2021,2021-07-30
600821,公用事业,20220729,,SW2021,2021-07-30
600822,商贸零售,19940204,20210729,SW2021,2021-07-30
600822,汽车,20210730,,SW2021,2021-07-30
600823,房地产,19931012,,SW2021,2021-07-30
600824,商贸零售,19940204,20190723,SW2021,2021-07-30
600824,商贸零售,20190724,,SW2021,2021-07-30
600825,传媒,19940204,,SW2021,2021-07-30
600826,商贸零售,19940204,20210729,SW2021,2021-07-30
600826,社会服务,20210730,,SW2021,2021-07-30
600827,商贸零售,19940204,,SW2021,2021-07-30
600828,商贸零售,19940224,,SW2021,2021-07-30
600829,医药生物,19940224,20151030,SW2021,2021-07-30
600829,医药生物,20151102,,SW2021,2021-07-30
600830,非银金融,19940224,,SW2021,2021-07-30
600831,传媒,19940224,,SW2021,2021-07-30
600832,传媒,19940224,,SW2021,2021-07-30
600833,医药生物,19940224,,SW2021,2021-07-30
600834,交通运输,19920619,,SW2021,2021-07-30
600835,机械设备,19930806,,SW2021,2021-07-30
600836,轻工制造,19940224,,SW2021,2021-07-30
600837,综合,19940224,20050831,SW2021,2021-07-30
600837,非银金融,20050901,,SW2021,2021-07-30
600838,商贸零售,19940224,,SW2021,2021-07-30
600839,家用电器,19940311,,SW2021,2021-07-30
600840,综合,19861220,20030430,SW2021,2021-07-30
600840,房地产,20030512,,SW2021,2021-07-30
600841,汽车,20220729,20230703,SW2021,2021-07-30
600841,汽车,20230704,,SW2021,2021-07-30
600842,医药生物,19940311,,SW2021,2021-07-30
600843,机械设备,19940311,,SW2021,2021-07-30
600844,基础化工,19931008,20210729,SW2021,2021-07-30
600844,基础化工,20210730,,SW2021,2021-07-30
600845,钢铁,19931008,20020429,SW2021,2021-07-30
600845,计算机,20020430,,SW2021,2021-07-30
600846,综合,19940214,20180712,SW2021,2021-07-30
600846,建筑装饰,20180713,20210729,SW2021,2021-07-30
600846,房地产,20210730,20230703,SW2021,2021-07-30
600846,建筑装饰,20230704,,SW2021,2021-07-30
600847,电力设备,19940324,,SW2021,2021-07-30
600848,机械设备,19940324,20210729,SW2021,2021-07-30
600848,房地产,20210730,,SW2021,2021-07-30
600850,计算机,19940324,,SW2021,2021-07-30
600851,综合,19940404,20180615,SW2021,2021-07-30
600851,医药生物,20180619,,SW2021,2021-07-30
600852,建筑装饰,19940404,,SW2021,2021-07-30
600853,钢铁,19940117,20020829,SW2021,2021-07-30
600853,建筑装饰,20020830,,SW2021,2021-07-30
600854,家用电器,19940425,20230703,SW2021,2021-07-30
600854,房地产,20230704,,SW2021,2021-07-30
600855,计算机,19940328,20240729,SW2021,2021-07-30
600855,国防军工,20240730,,SW2021,2021-07-30
600856,商贸零售,20151026,20151030,SW2021,2021-07-30
600856,公用事业,20151102,20210729,SW2021,2021-07-30
600856,石油石化,20210730,,SW2021,2021-07-30
600857,商贸零售,19940331,20180712,SW2021,2021-07-30
600857,商贸零售,20180713,,SW2021,2021-07-30
600858,综合,19940506,20050831,SW2021,2021-07-30
600858,商贸零售,20050901,,SW2021,2021-07-30
600859,商贸零售,19940506,,SW2021,2021-07-30
600860,机械设备,19940506,20180712,SW2021,2021-07-30
600860,机械设备,20180713,,SW2021,2021-07-30
600861,商贸零售,20170629,20240729,SW2021,2021-07-30
600861,社会服务,20240730,,SW2021,2021-07-30
600862,机械设备,19940520,20151030,SW2021,2021-07-30
600862,国防军工,20151102,,SW2021,2021-07-30
600863,公用事业,19940520,,SW2021,2021-07-30
600864,公用事业,19940809,20170628,SW2021,2021-07-30
600864,非银金融,20170629,,SW2021,2021-07-30
600865,商贸零售,19940809,,SW2021,2021-07-30
600866,食品饮料,19940818,20210729,SW2021,2021-07-30
600866,基础化工,20210730,,SW2021,2021-07-30
600867,医药生物,19940824,,SW2021,2021-07-30
600868,综合,19940711,20020429,SW2021,2021-07-30
600868,公用事业,20020430,20220728,SW2021,2021-07-30
600868,建筑装饰,20220729,20240729,SW2021,2021-07-30
600868,公用事业,20240730,,SW2021,2021-07-30
600869,医药生物,19950112,20090527,SW2021,2021-07-30
600869,电力设备,20090601,,SW2021,2021-07-30
600870,家用电器,19950228,20190723,SW2021,2021-07-30
600870,商贸零售,20190724,,SW2021,2021-07-30
600871,基础化工,19940411,20150630,SW2021,2021-07-30
600871,石油石化,20150701,,SW2021,2021-07-30
600872,食品饮料,19950124,,SW2021,2021-07-30
600873,社会服务,19950106,20040429,SW2021,2021-07-30
600873,食品饮料,20040430,20170525,SW2021,2021-07-30
600873,农林牧渔,20170526,20210729,SW2021,2021-07-30
600873,基础化工,20220729,,SW2021,2021-07-30
600874,环保,19950630,,SW2021,2021-07-30
600875,电力设备,19951010,,SW2021,2021-07-30
600876,建筑材料,19951031,,SW2021,2021-07-30
600877,汽车,19951013,20210729,SW2021,2021-07-30
600877,电力设备,20210730,20220728,SW2021,2021-07-30
600877,电子,20220729,,SW2021,2021-07-30
600878,综合,19951013,,SW2021,2021-07-30
600879,国防军工,19951115,,SW2021,2021-07-30
600880,社会服务,19951115,20220728,SW2021,2021-07-30
600880,社会服务,20220729,,SW2021,2021-07-30
600881,房地产,19951115,20060831,SW2021,2021-07-30
600881,建筑材料,20060901,20210729,SW2021,2021-07-30
600881,综合,20210730,,SW2021,2021-07-30
600882,基础化工,19951206,20110107,SW2021,2021-07-30
600882,食品饮料,20110110,,SW2021,2021-07-30
600883,综合,19951208,20170519,SW2021,2021-07-30
600883,建筑材料,20170522,20220728,SW2021,2021-07-30
600883,农林牧渔,20220729,,SW2021,2021-07-30
600884,综合,19960130,20170628,SW2021,2021-07-30
600884,电子,20170629,20210729,SW2021,2021-07-30
600884,电力设备,20210730,,SW2021,2021-07-30
600885,基础化工,19960115,20020429,SW2021,2021-07-30
600885,电力设备,20020430,,SW2021,2021-07-30
600886,公用事业,19890325,20170628,SW2021,2021-07-30
600886,公用事业,20170629,,SW2021,2021-07-30
600887,食品饮料,19960312,,SW2021,2021-07-30
600888,有色金属,19960215,,SW2021,2021-07-30
600889,基础化工,19960308,,SW2021,2021-07-30
600890,房地产,19960212,20210729,SW2021,2021-07-30
600890,房地产,20210730,,SW2021,2021-07-30
600891,商贸零售,19960325,,SW2021,2021-07-30
600892,综合,19960315,20170518,SW2021,2021-07-30
600892,传媒,20170519,,SW2021,2021-07-30
600893,农林牧渔,19960408,20070629,SW2021,2021-07-30
600893,国防军工,20070702,,SW2021,2021-07-30
600894,机械设备,19960328,,SW2021,2021-07-30
600895,房地产,19960422,,SW2021,2021-07-30
600896,交通运输,19960503,20170628,SW2021,2021-07-30
600896,医药生物,20170629,,SW2021,2021-07-30
600897,交通运输,19960531,,SW2021,2021-07-30
600898,综合,19960418,20040809,SW2021,2021-07-30
600898,商贸零售,20040810,20210729,SW2021,2021-07-30
600898,电子,20210730,,SW2021,2021-07-30
600899,钢铁,19960326,19990831,SW2021,2021-07-30
600899,传媒,19990901,,SW2021,2021-07-30
600900,公用事业,20031111,,SW2021,2021-07-30
600901,非银金融,20180212,,SW2021,2021-07-30
600903,公用事业,20171030,,SW2021,2021-07-30
600905,公用事业,20210510,,SW2021,2021-07-30
600906,非银金融,20210415,,SW2021,2021-07-30
600908,银行,20160823,,SW2021,2021-07-30
600909,非银金融,20161201,,SW2021,2021-07-30
600916,纺织服饰,20210125,,SW2021,2021-07-30
600917,公用事业,20140110,,SW2021,2021-07-30
600918,非银金融,20200427,,SW2021,2021-07-30
600919,银行,20160623,,SW2021,2021-07-30
600925,煤炭,20230224,,SW2021,2021-07-30
600926,银行,20161012,,SW2021,2021-07-30
600927,非银金融,20211112,,SW2021,2021-07-30
600928,银行,20190118,,SW2021,2021-07-30
600929,基础化工,20180326,20210729,SW2021,2021-07-30
600929,基础化工,20210730,,SW2021,2021-07-30
600930,公用事业,20250627,,SW2021,2021-07-30
600933,汽车,20171108,,SW2021,2021-07-30
600935,基础化工,20211112,,SW2021,2021-07-30
600936,传媒,20160804,,SW2021,2021-07-30
600938,石油石化,20220401,,SW2021,2021-07-30
600939,建筑装饰,20170116,,SW2021,2021-07-30
600941,通信,20211217,,SW2021,2021-07-30
600955,基础化工,20210827,,SW2021,2021-07-30
600956,公用事业,20200605,20210729,SW2021,2021-07-30
600956,公用事业,20210730,,SW2021,2021-07-30
600958,非银金融,20150119,,SW2021,2021-07-30
600959,传媒,20150113,,SW2021,2021-07-30
600960,汽车,20040407,,SW2021,2021-07-30
600961,有色金属,20040826,,SW2021,2021-07-30
600962,农林牧渔,20040618,,SW2021,2021-07-30
600963,轻工制造,20040525,,SW2021,2021-07-30
600965,农林牧渔,20040712,,SW2021,2021-07-30
600966,轻工制造,20040604,,SW2021,2021-07-30
600967,机械设备,20040514,20170628,SW2021,2021-07-30
600967,国防军工,20170629,,SW2021,2021-07-30
600968,石油石化,20190614,,SW2021,2021-07-30
600969,公用事业,20040407,20210729,SW2021,2021-07-30
600969,公用事业,20210730,,SW2021,2021-07-30
600970,建筑装饰,20050323,,SW2021,2021-07-30
600971,煤炭,20040816,,SW2021,2021-07-30
600973,电力设备,20040730,,SW2021,2021-07-30
600975,农林牧渔,20040608,,SW2021,2021-07-30
600976,医药生物,20040419,,SW2021,2021-07-30
600977,传媒,20160804,,SW2021,2021-07-30
600978,轻工制造,20040823,,SW2021,2021-07-30
600979,公用事业,20040901,20210729,SW2021,2021-07-30
600979,公用事业,20210730,,SW2021,2021-07-30
600980,有色金属,20080102,20240729,SW2021,2021-07-30
600980,机械设备,20240730,,SW2021,2021-07-30
600981,商贸零售,20040628,,SW2021,2021-07-30
600982,公用事业,20040629,,SW2021,2021-07-30
600983,家用电器,20040709,,SW2021,2021-07-30
600984,机械设备,20040629,,SW2021,2021-07-30
600985,基础化工,20040426,20190723,SW2021,2021-07-30
600985,煤炭,20190724,,SW2021,2021-07-30
600986,传媒,20040421,,SW2021,2021-07-30
600987,纺织服饰,20040806,,SW2021,2021-07-30
600988,有色金属,20040414,,SW2021,2021-07-30
600989,基础化工,20190506,20210729,SW2021,2021-07-30
600989,基础化工,20210730,,SW2021,2021-07-30
600990,国防军工,20040510,20210729,SW2021,2021-07-30
600990,国防军工,20210730,,SW2021,2021-07-30
600991,汽车,20040614,,SW2021,2021-07-30
600992,机械设备,20040511,,SW2021,2021-07-30
600993,医药生物,20040513,,SW2021,2021-07-30
600995,公用事业,20040610,20210729,SW2021,2021-07-30
600995,公用事业,20210730,,SW2021,2021-07-30
600996,传媒,20161212,,SW2021,2021-07-30
600997,煤炭,20040528,20230703,SW2021,2021-07-30
600997,煤炭,20230704,,SW2021,2021-07-30
600998,医药生物,20100125,,SW2021,2021-07-30
600999,非银金融,20091103,,SW2021,2021-07-30
601000,交通运输,20100107,,SW2021,2021-07-30
601001,煤炭,20060621,,SW2021,2021-07-30
601002,机械设备,20070125,,SW2021,2021-07-30
601003,钢铁,20070227,,SW2021,2021-07-30
601005,钢铁,20070227,20180712,SW2021,2021-07-30
601005,钢铁,20180713,,SW2021,2021-07-30
601006,交通运输,20060801,,SW2021,2021-07-30
601007,社会服务,20070405,,SW2021,2021-07-30
601008,交通运输,20070425,,SW2021,2021-07-30
601009,银行,20070718,,SW2021,2021-07-30
601010,商贸零售,20190724,20210729,SW2021,2021-07-30
601010,商贸零售,20210730,,SW2021,2021-07-30
601011,煤炭,20110124,,SW2021,2021-07-30
601012,电力设备,20120327,20220728,SW2021,2021-07-30
601012,电力设备,20220729,,SW2021,2021-07-30
601015,煤炭,20140124,,SW2021,2021-07-30
601016,公用事业,20140110,,SW2021,2021-07-30
601018,交通运输,20100106,,SW2021,2021-07-30
601019,传媒,20171108,,SW2021,2021-07-30
601020,有色金属,20210730,20220728,SW2021,2021-07-30
601020,有色金属,20220729,,SW2021,2021-07-30
601021,交通运输,20140120,20210729,SW2021,2021-07-30
601021,交通运输,20210730,,SW2021,2021-07-30
601022,交通运输,20221104,,SW2021,2021-07-30
601026,基础化工,20250926,,SW2021,2021-07-30
601028,机械设备,20111027,20210729,SW2021,2021-07-30
601028,交通运输,20210730,20210915,SW2021,2021-07-30
601028,商贸零售,20210916,20240729,SW2021,2021-07-30
601028,有色金属,20240730,,SW2021,2021-07-30
601033,环保,20231229,,SW2021,2021-07-30
601038,机械设备,20120727,,SW2021,2021-07-30
601058,汽车,20110124,,SW2021,2021-07-30
601059,非银金融,20221223,,SW2021,2021-07-30
601061,商贸零售,20230327,,SW2021,2021-07-30
601065,基础化工,20230327,,SW2021,2021-07-30
601066,非银金融,20180620,,SW2021,2021-07-30
601068,建筑装饰,20180809,,SW2021,2021-07-30
601069,有色金属,20150115,,SW2021,2021-07-30
601077,银行,20190916,,SW2021,2021-07-30
601083,交通运输,20231117,,SW2021,2021-07-30
601086,商贸零售,20170921,,SW2021,2021-07-30
601088,煤炭,20071008,,SW2021,2021-07-30
601089,医药生物,20220617,,SW2021,2021-07-30
601096,建筑装饰,20231208,,SW2021,2021-07-30
601098,传媒,20101020,,SW2021,2021-07-30
601099,非银金融,20071227,,SW2021,2021-07-30
601100,机械设备,20111018,,SW2021,2021-07-30
601101,煤炭,20100115,,SW2021,2021-07-30
601106,机械设备,20100125,,SW2021,2021-07-30
601107,交通运输,20090106,,SW2021,2021-07-30
601108,非银金融,20171010,,SW2021,2021-07-30
601111,交通运输,20060818,20210729,SW2021,2021-07-30
601111,交通运输,20210730,,SW2021,2021-07-30
601112,基础化工,20260109,20260122,SW2021,2021-07-30
601112,建筑材料,20260123,,SW2021,2021-07-30
601113,基础化工,20110126,20190723,SW2021,2021-07-30
601113,商贸零售,20210730,20250808,SW2021,2021-07-30
601113,基础化工,20250811,,SW2021,2021-07-30
601116,商贸零售,20110218,,SW2021,2021-07-30
601117,建筑装饰,20091221,,SW2021,2021-07-30
601118,农林牧渔,20100128,,SW2021,2021-07-30
601121,钢铁,20230224,,SW2021,2021-07-30
601126,电力设备,20101224,,SW2021,2021-07-30
601127,汽车,20160525,20240729,SW2021,2021-07-30
601127,汽车,20240730,,SW2021,2021-07-30
601128,银行,20160823,,SW2021,2021-07-30
601133,建筑装饰,20230327,,SW2021,2021-07-30
601136,非银金融,20221121,,SW2021,2021-07-30
601137,有色金属,20110119,20210729,SW2021,2021-07-30
601137,有色金属,20210730,,SW2021,2021-07-30
601138,电子,20180528,,SW2021,2021-07-30
601139,公用事业,20090105,,SW2021,2021-07-30
601155,房地产,20151204,20210729,SW2021,2021-07-30
601155,房地产,20210730,,SW2021,2021-07-30
601156,交通运输,20210521,,SW2021,2021-07-30
601158,环保,20100111,,SW2021,2021-07-30
601162,非银金融,20180918,,SW2021,2021-07-30
601163,汽车,20160823,,SW2021,2021-07-30
601166,银行,20070205,,SW2021,2021-07-30
601168,有色金属,20170629,20210729,SW2021,2021-07-30
601168,有色金属,20210730,,SW2021,2021-07-30
601169,银行,20070918,,SW2021,2021-07-30
601177,机械设备,20100917,,SW2021,2021-07-30
601179,电力设备,20100112,,SW2021,2021-07-30
601186,建筑装饰,20080226,,SW2021,2021-07-30
601187,银行,20200914,,SW2021,2021-07-30
601188,交通运输,20100118,,SW2021,2021-07-30
601198,非银金融,20150119,,SW2021,2021-07-30
601199,环保,20110110,,SW2021,2021-07-30
601200,环保,20170331,,SW2021,2021-07-30
601208,基础化工,20110112,20210729,SW2021,2021-07-30
601208,基础化工,20210730,,SW2021,2021-07-30
601211,非银金融,20150119,,SW2021,2021-07-30
601212,有色金属,20210730,20230703,SW2021,2021-07-30
601212,有色金属,20230704,,SW2021,2021-07-30
601216,基础化工,20110110,,SW2021,2021-07-30
601218,电力设备,20110426,,SW2021,2021-07-30
601222,电力设备,20110801,20210729,SW2021,2021-07-30
601222,公用事业,20210730,,SW2021,2021-07-30
601225,煤炭,20140108,,SW2021,2021-07-30
601226,建筑装饰,20140127,,SW2021,2021-07-30
601228,交通运输,20170310,,SW2021,2021-07-30
601229,银行,20161012,,SW2021,2021-07-30
601231,电子,20120109,,SW2021,2021-07-30
601233,基础化工,20110105,20210729,SW2021,2021-07-30
601233,石油石化,20210730,,SW2021,2021-07-30
601236,非银金融,20190529,,SW2021,2021-07-30
601238,汽车,20120329,,SW2021,2021-07-30
601258,汽车,20110415,,SW2021,2021-07-30
601268,机械设备,20100118,,SW2021,2021-07-30
601279,汽车,20210329,,SW2021,2021-07-30
601288,银行,20100610,,SW2021,2021-07-30
601298,交通运输,20190104,,SW2021,2021-07-30
601299,机械设备,20091210,,SW2021,2021-07-30
601311,电力设备,20110525,,SW2021,2021-07-30
601318,非银金融,20070228,,SW2021,2021-07-30
601319,非银金融,20181030,,SW2021,2021-07-30
601326,交通运输,20170712,,SW2021,2021-07-30
601328,银行,20070514,,SW2021,2021-07-30
601330,环保,20180528,,SW2021,2021-07-30
601333,交通运输,20061220,,SW2021,2021-07-30
601336,非银金融,20111207,,SW2021,2021-07-30
601339,纺织服饰,20120131,,SW2021,2021-07-30
601360,计算机,20120116,,SW2021,2021-07-30
601366,商贸零售,20170330,,SW2021,2021-07-30
601368,环保,20150115,,SW2021,2021-07-30
601369,机械设备,20100406,20240729,SW2021,2021-07-30
601369,机械设备,20240730,,SW2021,2021-07-30
601375,非银金融,20161212,,SW2021,2021-07-30
601377,非银金融,20100920,,SW2021,2021-07-30
601388,有色金属,20120409,,SW2021,2021-07-30
601390,建筑装饰,20071203,,SW2021,2021-07-30
601398,银行,20061026,,SW2021,2021-07-30
601399,机械设备,20210322,,SW2021,2021-07-30
601456,非银金融,20200721,,SW2021,2021-07-30
601500,汽车,20160907,,SW2021,2021-07-30
601512,房地产,20191205,,SW2021,2021-07-30
601515,轻工制造,20120106,,SW2021,2021-07-30
601518,交通运输,20100118,,SW2021,2021-07-30
601519,计算机,20110119,,SW2021,2021-07-30
601528,银行,20210518,,SW2021,2021-07-30
601555,非银金融,20111202,,SW2021,2021-07-30
601558,电力设备,20110113,20131231,SW2021,2021-07-30
601558,电力设备,20140102,,SW2021,2021-07-30
601566,纺织服饰,20110110,,SW2021,2021-07-30
601567,电力设备,20110602,20220728,SW2021,2021-07-30
601567,电力设备,20220729,,SW2021,2021-07-30
601568,基础化工,20200924,,SW2021,2021-07-30
601577,银行,20180831,,SW2021,2021-07-30
601579,食品饮料,20140207,,SW2021,2021-07-30
601588,房地产,20061016,,SW2021,2021-07-30
601595,传媒,20160804,,SW2021,2021-07-30
601598,交通运输,20190115,,SW2021,2021-07-30
601599,纺织服饰,20110118,,SW2021,2021-07-30
601600,有色金属,20070430,,SW2021,2021-07-30
601601,非银金融,20071224,,SW2021,2021-07-30
601606,国防军工,20180806,,SW2021,2021-07-30
601607,医药生物,19940324,,SW2021,2021-07-30
601608,机械设备,20120626,,SW2021,2021-07-30
601609,有色金属,20200408,,SW2021,2021-07-30
601611,建筑装饰,20160525,,SW2021,2021-07-30
601615,电力设备,20190104,,SW2021,2021-07-30
601616,电力设备,20110125,,SW2021,2021-07-30
601618,建筑装饰,20090901,,SW2021,2021-07-30
601619,公用事业,20170712,,SW2021,2021-07-30
601628,非银金融,20070108,,SW2021,2021-07-30
601633,汽车,20110919,,SW2021,2021-07-30
601636,建筑材料,20110804,,SW2021,2021-07-30
601658,银行,20191101,,SW2021,2021-07-30
601665,银行,20210512,,SW2021,2021-07-30
601666,煤炭,20061121,,SW2021,2021-07-30
601668,建筑装饰,20090714,,SW2021,2021-07-30
601669,建筑装饰,20110927,,SW2021,2021-07-30
601677,有色金属,20110906,,SW2021,2021-07-30
601678,基础化工,20111010,20190723,SW2021,2021-07-30
601678,基础化工,20190724,,SW2021,2021-07-30
601686,钢铁,20201125,20210729,SW2021,2021-07-30
601686,钢铁,20210730,,SW2021,2021-07-30
601688,非银金融,20100203,,SW2021,2021-07-30
601689,汽车,20150109,,SW2021,2021-07-30
601696,非银金融,20200204,,SW2021,2021-07-30
601698,国防军工,20190614,,SW2021,2021-07-30
601699,煤炭,20060922,,SW2021,2021-07-30
601700,电力设备,20110106,,SW2021,2021-07-30
601702,有色金属,20200821,,SW2021,2021-07-30
601717,机械设备,20100716,20190723,SW2021,2021-07-30
601717,机械设备,20190724,,SW2021,2021-07-30
601718,纺织服饰,20100727,,SW2021,2021-07-30
601727,电力设备,20081111,,SW2021,2021-07-30
601728,通信,20210813,,SW2021,2021-07-30
601766,机械设备,20080728,,SW2021,2021-07-30
601777,汽车,20101115,,SW2021,2021-07-30
601778,公用事业,20200427,,SW2021,2021-07-30
601788,非银金融,20090728,,SW2021,2021-07-30
601789,建筑装饰,20110805,,SW2021,2021-07-30
601798,机械设备,20110609,,SW2021,2021-07-30
601799,汽车,20110125,20220728,SW2021,2021-07-30
601799,汽车,20220729,,SW2021,2021-07-30
601800,建筑装饰,20120214,,SW2021,2021-07-30
601801,传媒,20091231,,SW2021,2021-07-30
601808,石油石化,20070927,,SW2021,2021-07-30
601811,传媒,20160804,,SW2021,2021-07-30
601816,交通运输,20200106,,SW2021,2021-07-30
601818,银行,20100805,,SW2021,2021-07-30
601825,银行,20210709,,SW2021,2021-07-30
601827,环保,20200518,,SW2021,2021-07-30
601828,商贸零售,20180108,,SW2021,2021-07-30
601838,银行,20171220,,SW2021,2021-07-30
601857,石油石化,20071101,,SW2021,2021-07-30
601858,传媒,20170105,,SW2021,2021-07-30
601860,银行,20181128,,SW2021,2021-07-30
601865,建筑材料,20190124,20210729,SW2021,2021-07-30
601865,电力设备,20210730,,SW2021,2021-07-30
601866,交通运输,20071211,,SW2021,2021-07-30
601868,建筑装饰,20210928,,SW2021,2021-07-30
601869,通信,20180706,,SW2021,2021-07-30
601872,交通运输,20061130,,SW2021,2021-07-30
601877,电力设备,20100104,,SW2021,2021-07-30
601878,非银金融,20170522,,SW2021,2021-07-30
601880,交通运输,20100125,,SW2021,2021-07-30
601881,非银金融,20161228,,SW2021,2021-07-30
601882,机械设备,20161028,,SW2021,2021-07-30
601886,建筑装饰,20110809,,SW2021,2021-07-30
601888,社会服务,20090119,20210729,SW2021,2021-07-30
601888,商贸零售,20210730,,SW2021,2021-07-30
601890,国防军工,20101215,,SW2021,2021-07-30
601898,煤炭,20080102,,SW2021,2021-07-30
601899,有色金属,20080407,20210729,SW2021,2021-07-30
601899,有色金属,20210730,,SW2021,2021-07-30
601900,传媒,20160203,,SW2021,2021-07-30
601901,非银金融,20110801,,SW2021,2021-07-30
601908,公用事业,20110826,,SW2021,2021-07-30
601916,银行,20191126,,SW2021,2021-07-30
601918,煤炭,20071217,,SW2021,2021-07-30
601919,交通运输,20070626,,SW2021,2021-07-30
601921,传媒,20210615,,SW2021,2021-07-30
601928,传媒,20111121,,SW2021,2021-07-30
601929,传媒,20120209,,SW2021,2021-07-30
601933,商贸零售,20101207,,SW2021,2021-07-30
601939,银行,20070924,,SW2021,2021-07-30
601949,传媒,20170807,,SW2021,2021-07-30
601952,农林牧渔,20170504,,SW2021,2021-07-30
601956,家用电器,20201225,,SW2021,2021-07-30
601958,有色金属,20080327,20210729,SW2021,2021-07-30
601958,有色金属,20210730,,SW2021,2021-07-30
601963,银行,20210104,,SW2021,2021-07-30
601965,汽车,20120530,,SW2021,2021-07-30
601966,汽车,20160624,,SW2021,2021-07-30
601968,轻工制造,20150115,,SW2021,2021-07-30
601969,钢铁,20140127,,SW2021,2021-07-30
601975,交通运输,20190104,,SW2021,2021-07-30
601985,公用事业,20150610,,SW2021,2021-07-30
601988,银行,20060531,,SW2021,2021-07-30
601989,国防军工,20091130,,SW2021,2021-07-30
601990,非银金融,20180507,,SW2021,2021-07-30
601991,公用事业,20061219,,SW2021,2021-07-30
601992,建筑材料,20110228,20170628,SW2021,2021-07-30
601992,综合,20170629,20190723,SW2021,2021-07-30
601992,建筑材料,20190724,,SW2021,2021-07-30
601995,非银金融,20201016,,SW2021,2021-07-30
601996,轻工制造,20110120,20220728,SW2021,2021-07-30
601996,轻工制造,20220729,,SW2021,2021-07-30
601997,银行,20160804,,SW2021,2021-07-30
601998,银行,20070427,,SW2021,2021-07-30
601999,传媒,20071220,,SW2021,2021-07-30
603000,传媒,20120417,,SW2021,2021-07-30
603001,纺织服饰,20120118,,SW2021,2021-07-30
603002,基础化工,20210730,20211013,SW2021,2021-07-30
603002,电子,20211014,,SW2021,2021-07-30
603003,有色金属,20120109,20210729,SW2021,2021-07-30
603003,计算机,20210730,,SW2021,2021-07-30
603004,基础化工,20231208,,SW2021,2021-07-30
603005,电子,20140122,,SW2021,2021-07-30
603006,汽车,20140120,,SW2021,2021-07-30
603007,建筑装饰,20160718,,SW2021,2021-07-30
603008,轻工制造,20120106,,SW2021,2021-07-30
603009,汽车,20140120,,SW2021,2021-07-30
603010,基础化工,20140127,20210729,SW2021,2021-07-30
603010,基础化工,20220729,,SW2021,2021-07-30
603011,机械设备,20140124,20170628,SW2021,2021-07-30
603011,机械设备,20170629,,SW2021,2021-07-30
603012,机械设备,20150316,,SW2021,2021-07-30
603013,汽车,20180507,,SW2021,2021-07-30
603014,医药生物,20250425,,SW2021,2021-07-30
603015,机械设备,20150115,,SW2021,2021-07-30
603016,电力设备,20160701,,SW2021,2021-07-30
603017,建筑装饰,20140120,20210729,SW2021,2021-07-30
603017,建筑装饰,20210730,,SW2021,2021-07-30
603018,建筑装饰,20140127,,SW2021,2021-07-30
603019,计算机,20140124,,SW2021,2021-07-30
603020,食品饮料,20150109,20210729,SW2021,2021-07-30
603020,基础化工,20210730,,SW2021,2021-07-30
603021,轻工制造,20150113,,SW2021,2021-07-30
603022,轻工制造,20150106,,SW2021,2021-07-30
603023,汽车,20150126,,SW2021,2021-07-30
603025,机械设备,20150413,,SW2021,2021-07-30
603026,基础化工,20150126,20210729,SW2021,2021-07-30
603026,电力设备,20210730,,SW2021,2021-07-30
603027,食品饮料,20160304,,SW2021,2021-07-30
603028,机械设备,20160331,,SW2021,2021-07-30
603029,机械设备,20160418,20220728,SW2021,2021-07-30
603029,机械设备,20220729,,SW2021,2021-07-30
603030,建筑装饰,20150109,,SW2021,2021-07-30
603031,商贸零售,20160822,20230703,SW2021,2021-07-30
603031,电力设备,20230704,,SW2021,2021-07-30
603032,交通运输,20161219,20220728,SW2021,2021-07-30
603032,机械设备,20220729,20230914,SW2021,2021-07-30
603032,电力设备,20230915,,SW2021,2021-07-30
603033,基础化工,20161201,,SW2021,2021-07-30
603035,汽车,20161219,,SW2021,2021-07-30
603036,机械设备,20161201,,SW2021,2021-07-30
603037,汽车,20161226,,SW2021,2021-07-30
603038,建筑材料,20170105,,SW2021,2021-07-30
603039,计算机,20170105,,SW2021,2021-07-30
603040,汽车,20170124,,SW2021,2021-07-30
603041,基础化工,20170320,,SW2021,2021-07-30
603042,通信,20170522,,SW2021,2021-07-30
603043,食品饮料,20170620,20210729,SW2021,2021-07-30
603043,食品饮料,20210730,,SW2021,2021-07-30
603045,有色金属,20180507,,SW2021,2021-07-30
603048,汽车,20211029,,SW2021,2021-07-30
603049,汽车,20250516,,SW2021,2021-07-30
603050,电力设备,20170330,,SW2021,2021-07-30
603051,基础化工,20220311,,SW2021,2021-07-30
603052,电子,20220923,,SW2021,2021-07-30
603053,公用事业,20191129,,SW2021,2021-07-30
603055,基础化工,20170907,20180914,SW2021,2021-07-30
603055,纺织服饰,20180917,,SW2021,2021-07-30
603056,交通运输,20180108,20220728,SW2021,2021-07-30
603056,交通运输,20220729,,SW2021,2021-07-30
603057,食品饮料,20220909,,SW2021,2021-07-30
603058,轻工制造,20161212,,SW2021,2021-07-30
603059,美容护理,20180212,,SW2021,2021-07-30
603060,综合,20161107,20210729,SW2021,2021-07-30
603060,社会服务,20210730,,SW2021,2021-07-30
603061,电子,20230224,,SW2021,2021-07-30
603062,基础化工,20231027,,SW2021,2021-07-30
603063,电力设备,20170712,,SW2021,2021-07-30
603065,基础化工,20230213,,SW2021,2021-07-30
603066,交通运输,20150119,20220728,SW2021,2021-07-30
603066,交通运输,20220729,,SW2021,2021-07-30
603067,基础化工,20160907,,SW2021,2021-07-30
603068,电子,20190326,,SW2021,2021-07-30
603069,交通运输,20160624,,SW2021,2021-07-30
603070,电力设备,20220228,,SW2021,2021-07-30
603071,公用事业,20211203,20220728,SW2021,2021-07-30
603071,煤炭,20220729,,SW2021,2021-07-30
603072,有色金属,20241220,,SW2021,2021-07-30
603073,基础化工,20230213,,SW2021,2021-07-30
603075,家用电器,20230908,,SW2021,2021-07-30
603076,机械设备,20171108,,SW2021,2021-07-30
603077,基础化工,20120118,20220728,SW2021,2021-07-30
603077,基础化工,20220729,,SW2021,2021-07-30
603078,基础化工,20170330,20210729,SW2021,2021-07-30
603078,电子,20210730,,SW2021,2021-07-30
603079,医药生物,20170815,20240729,SW2021,2021-07-30
603079,基础化工,20240730,,SW2021,2021-07-30
603080,公用事业,20171220,,SW2021,2021-07-30
603081,建筑装饰,20170330,20220811,SW2021,2021-07-30
603081,机械设备,20220812,,SW2021,2021-07-30
603082,机械设备,20240112,,SW2021,2021-07-30
603083,通信,20171108,,SW2021,2021-07-30
603085,汽车,20150119,,SW2021,2021-07-30
603086,基础化工,20170504,,SW2021,2021-07-30
603087,医药生物,20200612,,SW2021,2021-07-30
603088,机械设备,20140124,,SW2021,2021-07-30
603089,汽车,20170116,,SW2021,2021-07-30
603090,机械设备,20160823,,SW2021,2021-07-30
603091,轻工制造,20240830,,SW2021,2021-07-30
603092,电力设备,20251017,,SW2021,2021-07-30
603093,非银金融,20190822,,SW2021,2021-07-30
603095,机械设备,20200402,,SW2021,2021-07-30
603096,传媒,20170419,,SW2021,2021-07-30
603097,电力设备,20220422,,SW2021,2021-07-30
603098,建筑装饰,20161201,,SW2021,2021-07-30
603099,社会服务,20140207,,SW2021,2021-07-30
603100,电力设备,20140207,20210729,SW2021,2021-07-30
603100,机械设备,20210730,,SW2021,2021-07-30
603101,商贸零售,20190724,20230703,SW2021,2021-07-30
603101,商贸零售,20230704,,SW2021,2021-07-30
603102,食品饮料,20220114,,SW2021,2021-07-30
603103,传媒,20170921,,SW2021,2021-07-30
603105,公用事业,20180626,,SW2021,2021-07-30
603106,计算机,20170907,,SW2021,2021-07-30
603107,汽车,20231013,,SW2021,2021-07-30
603108,医药生物,20150525,20220728,SW2021,2021-07-30
603108,医药生物,20220729,,SW2021,2021-07-30
603109,汽车,20191212,,SW2021,2021-07-30
603110,基础化工,20170925,,SW2021,2021-07-30
603111,机械设备,20140207,,SW2021,2021-07-30
603112,家用电器,20200831,,SW2021,2021-07-30
603113,煤炭,20170504,20240520,SW2021,2021-07-30
603113,基础化工,20240521,,SW2021,2021-07-30
603115,有色金属,20190731,,SW2021,2021-07-30
603116,纺织服饰,20150119,,SW2021,2021-07-30
603117,交通运输,20150119,,SW2021,2021-07-30
603118,通信,20150216,,SW2021,2021-07-30
603119,汽车,20230714,,SW2021,2021-07-30
603120,基础化工,20250328,,SW2021,2021-07-30
603121,汽车,20181128,,SW2021,2021-07-30
603122,医药生物,20220107,,SW2021,2021-07-30
603123,商贸零售,20120418,,SW2021,2021-07-30
603124,有色金属,20250228,,SW2021,2021-07-30
603125,基础化工,20230327,,SW2021,2021-07-30
603126,环保,20140207,20240729,SW2021,2021-07-30
603126,环保,20240730,,SW2021,2021-07-30
603127,医药生物,20170815,,SW2021,2021-07-30
603128,交通运输,20120117,,SW2021,2021-07-30
603129,汽车,20170807,20210729,SW2021,2021-07-30
603129,汽车,20210730,,SW2021,2021-07-30
603130,纺织服饰,20221117,,SW2021,2021-07-30
603131,机械设备,20160525,,SW2021,2021-07-30
603132,有色金属,20220128,,SW2021,2021-07-30
603133,基础化工,20170301,20210729,SW2021,2021-07-30
603133,电子,20210730,,SW2021,2021-07-30
603135,机械设备,20230327,,SW2021,2021-07-30
603136,社会服务,20210730,20220728,SW2021,2021-07-30
603136,社会服务,20220729,,SW2021,2021-07-30
603137,建筑装饰,20230331,,SW2021,2021-07-30
603138,计算机,20170214,,SW2021,2021-07-30
603139,医药生物,20170330,,SW2021,2021-07-30
603150,基础化工,20220107,,SW2021,2021-07-30
603151,农林牧渔,20220923,,SW2021,2021-07-30
603153,建筑装饰,20230224,,SW2021,2021-07-30
603155,基础化工,20200814,20210729,SW2021,2021-07-30
603155,基础化工,20210730,,SW2021,2021-07-30
603156,食品饮料,20180129,,SW2021,2021-07-30
603157,纺织服饰,20170907,,SW2021,2021-07-30
603158,汽车,20150109,,SW2021,2021-07-30
603159,机械设备,20160804,,SW2021,2021-07-30
603160,电子,20161012,20170628,SW2021,2021-07-30
603160,电子,20170629,,SW2021,2021-07-30
603161,汽车,20171208,,SW2021,2021-07-30
603162,交通运输,20230224,,SW2021,2021-07-30
603163,建筑装饰,20220902,,SW2021,2021-07-30
603165,轻工制造,20161228,,SW2021,2021-07-30
603166,汽车,20140124,,SW2021,2021-07-30
603167,交通运输,20120130,,SW2021,2021-07-30
603168,医药生物,20140120,,SW2021,2021-07-30
603169,机械设备,20140127,,SW2021,2021-07-30
603170,食品饮料,20220701,,SW2021,2021-07-30
603171,计算机,20210615,,SW2021,2021-07-30
603172,基础化工,20230504,,SW2021,2021-07-30
603173,机械设备,20230106,20230703,SW2021,2021-07-30
603173,机械设备,20230704,,SW2021,2021-07-30
603175,电子,20250926,,SW2021,2021-07-30
603176,建筑装饰,20211217,,SW2021,2021-07-30
603177,环保,20170116,,SW2021,2021-07-30
603178,汽车,20170224,,SW2021,2021-07-30
603179,汽车,20170301,,SW2021,2021-07-30
603180,轻工制造,20170504,,SW2021,2021-07-30
603181,基础化工,20210730,20220728,SW2021,2021-07-30
603181,基础化工,20220729,,SW2021,2021-07-30
603182,农林牧渔,20220826,,SW2021,2021-07-30
603183,综合,20170828,20210729,SW2021,2021-07-30
603183,社会服务,20210730,,SW2021,2021-07-30
603185,机械设备,20181221,20210729,SW2021,2021-07-30
603185,电力设备,20210730,20230703,SW2021,2021-07-30
603185,电力设备,20230704,,SW2021,2021-07-30
603186,电子,20161219,,SW2021,2021-07-30
603187,机械设备,20181128,,SW2021,2021-07-30
603188,基础化工,20140110,,SW2021,2021-07-30
603189,计算机,20160907,,SW2021,2021-07-30
603190,汽车,20230213,,SW2021,2021-07-30
603191,电力设备,20220318,,SW2021,2021-07-30
603192,基础化工,20180809,,SW2021,2021-07-30
603193,美容护理,20231013,,SW2021,2021-07-30
603194,机械设备,20241206,,SW2021,2021-07-30
603195,轻工制造,20200121,,SW2021,2021-07-30
603196,纺织服饰,20170511,,SW2021,2021-07-30
603197,汽车,20170504,,SW2021,2021-07-30
603198,食品饮料,20150126,,SW2021,2021-07-30
603199,社会服务,20150309,,SW2021,2021-07-30
603200,环保,20170522,,SW2021,2021-07-30
603201,机械设备,20220725,20240729,SW2021,2021-07-30
603201,汽车,20240730,,SW2021,2021-07-30
603202,汽车,20250410,,SW2021,2021-07-30
603203,机械设备,20161028,20210729,SW2021,2021-07-30
603203,机械设备,20210730,,SW2021,2021-07-30
603205,医药生物,20241018,,SW2021,2021-07-30
603206,通信,20220415,,SW2021,2021-07-30
603207,医药生物,20240807,,SW2021,2021-07-30
603208,轻工制造,20170119,,SW2021,2021-07-30
603209,交通运输,20220218,,SW2021,2021-07-30
603210,汽车,20250321,,SW2021,2021-07-30
603211,汽车,20220708,,SW2021,2021-07-30
603212,电力设备,20200416,,SW2021,2021-07-30
603213,基础化工,20211029,,SW2021,2021-07-30
603214,商贸零售,20180330,,SW2021,2021-07-30
603215,家用电器,20220128,,SW2021,2021-07-30
603216,轻工制造,20211126,,SW2021,2021-07-30
603217,基础化工,20190520,,SW2021,2021-07-30
603218,电力设备,20161212,,SW2021,2021-07-30
603219,家用电器,20211105,,SW2021,2021-07-30
603220,通信,20181030,,SW2021,2021-07-30
603221,轻工制造,20200310,,SW2021,2021-07-30
603222,医药生物,20150115,20210729,SW2021,2021-07-30
603222,医药生物,20210730,,SW2021,2021-07-30
603223,交通运输,20150119,20220728,SW2021,2021-07-30
603223,石油石化,20220729,,SW2021,2021-07-30
603225,基础化工,20170330,,SW2021,2021-07-30
603226,轻工制造,20170605,,SW2021,2021-07-30
603227,基础化工,20150106,,SW2021,2021-07-30
603228,电子,20161219,,SW2021,2021-07-30
603229,医药生物,20170419,,SW2021,2021-07-30
603230,传媒,20211119,20230703,SW2021,2021-07-30
603230,传媒,20230704,,SW2021,2021-07-30
603231,农林牧渔,20231201,,SW2021,2021-07-30
603232,计算机,20170419,,SW2021,2021-07-30
603233,医药生物,20170712,,SW2021,2021-07-30
603235,基础化工,20220624,,SW2021,2021-07-30
603236,通信,20190702,,SW2021,2021-07-30
603237,食品饮料,20220819,,SW2021,2021-07-30
603238,纺织服饰,20170207,20210729,SW2021,2021-07-30
603238,美容护理,20210730,20250808,SW2021,2021-07-30
603238,纺织服饰,20250811,,SW2021,2021-07-30
603239,汽车,20161201,,SW2021,2021-07-30
603248,电力设备,20251212,,SW2021,2021-07-30
603255,基础化工,20220715,,SW2021,2021-07-30
603256,建筑材料,20190614,,SW2021,2021-07-30
603257,建筑装饰,20250314,,SW2021,2021-07-30
603258,传媒,20161017,,SW2021,2021-07-30
603259,医药生物,20180507,,SW2021,2021-07-30
603260,基础化工,20171030,20220728,SW2021,2021-07-30
603260,基础化工,20220729,,SW2021,2021-07-30
603261,国防军工,20220304,,SW2021,2021-07-30
603262,食品饮料,20250711,,SW2021,2021-07-30
603266,基础化工,20161226,20220217,SW2021,2021-07-30
603266,汽车,20220218,,SW2021,2021-07-30
603267,电子,20190506,20210202,SW2021,2021-07-30
603267,国防军工,20210203,20210729,SW2021,2021-07-30
603267,国防军工,20210730,,SW2021,2021-07-30
603268,轻工制造,20150109,20260129,SW2021,2021-07-30
603268,国防军工,20260130,,SW2021,2021-07-30
603269,机械设备,20170504,,SW2021,2021-07-30
603270,机械设备,20230821,,SW2021,2021-07-30
603271,有色金属,20250221,,SW2021,2021-07-30
603272,轻工制造,20220429,,SW2021,2021-07-30
603273,机械设备,20231013,,SW2021,2021-07-30
603275,机械设备,20230821,,SW2021,2021-07-30
603276,基础化工,20230908,,SW2021,2021-07-30
603277,机械设备,20170828,20190723,SW2021,2021-07-30
603277,机械设备,20190724,,SW2021,2021-07-30
603278,机械设备,20171108,,SW2021,2021-07-30
603279,环保,20190711,20250409,SW2021,2021-07-30
603279,机械设备,20250410,,SW2021,2021-07-30
603280,机械设备,20221021,,SW2021,2021-07-30
603281,基础化工,20230106,,SW2021,2021-07-30
603282,环保,20230224,,SW2021,2021-07-30
603283,机械设备,20171208,20210729,SW2021,2021-07-30
603283,机械设备,20210730,,SW2021,2021-07-30
603284,轻工制造,20260123,,SW2021,2021-07-30
603285,基础化工,20240704,,SW2021,2021-07-30
603286,汽车,20170522,,SW2021,2021-07-30
603288,食品饮料,20140122,,SW2021,2021-07-30
603289,机械设备,20171030,,SW2021,2021-07-30
603290,电子,20200114,,SW2021,2021-07-30
603291,环保,20230224,,SW2021,2021-07-30
603293,汽车,20260403,,SW2021,2021-07-30
603296,电子,20230731,,SW2021,2021-07-30
603297,电子,20180831,,SW2021,2021-07-30
603298,机械设备,20161212,,SW2021,2021-07-30
603299,基础化工,20151231,20210729,SW2021,2021-07-30
603299,基础化工,20210730,,SW2021,2021-07-30
603300,非银金融,20150126,,SW2021,2021-07-30
603301,医药生物,20180403,,SW2021,2021-07-30
603303,电子,20170320,20210729,SW2021,2021-07-30
603303,家用电器,20210730,,SW2021,2021-07-30
603305,汽车,20170628,,SW2021,2021-07-30
603306,汽车,20140110,,SW2021,2021-07-30
603307,纺织服饰,20230120,,SW2021,2021-07-30
603308,机械设备,20140108,,SW2021,2021-07-30
603309,医药生物,20150115,,SW2021,2021-07-30
603310,基础化工,20240802,,SW2021,2021-07-30
603311,家用电器,20150106,,SW2021,2021-07-30
603312,电力设备,20231222,,SW2021,2021-07-30
603313,轻工制造,20161012,,SW2021,2021-07-30
603315,机械设备,20150115,20220728,SW2021,2021-07-30
603315,环保,20220729,,SW2021,2021-07-30
603316,建筑装饰,20170511,,SW2021,2021-07-30
603317,食品饮料,20190404,,SW2021,2021-07-30
603318,机械设备,20150413,20210729,SW2021,2021-07-30
603318,公用事业,20210730,,SW2021,2021-07-30
603319,汽车,20161028,,SW2021,2021-07-30
603320,电力设备,20170419,,SW2021,2021-07-30
603321,机械设备,20170907,,SW2021,2021-07-30
603322,通信,20160718,,SW2021,2021-07-30
603323,银行,20161028,,SW2021,2021-07-30
603324,环保,20210407,,SW2021,2021-07-30
603325,机械设备,20231222,,SW2021,2021-07-30
603326,轻工制造,20170511,,SW2021,2021-07-30
603327,电子,20190506,,SW2021,2021-07-30
603328,电子,20040621,,SW2021,2021-07-30
603329,交通运输,20171220,,SW2021,2021-07-30
603330,基础化工,20170208,20210729,SW2021,2021-07-30
603330,基础化工,20210730,,SW2021,2021-07-30
603331,机械设备,20170620,,SW2021,2021-07-30
603332,基础化工,20190104,,SW2021,2021-07-30
603333,电力设备,20120424,,SW2021,2021-07-30
603334,基础化工,20251017,,SW2021,2021-07-30
603335,汽车,20170605,,SW2021,2021-07-30
603336,农林牧渔,20161107,,SW2021,2021-07-30
603337,机械设备,20170105,20210729,SW2021,2021-07-30
603337,机械设备,20210730,,SW2021,2021-07-30
603338,机械设备,20150316,20210729,SW2021,2021-07-30
603338,机械设备,20210730,,SW2021,2021-07-30
603339,机械设备,20160509,,SW2021,2021-07-30
603341,电子,20240202,,SW2021,2021-07-30
603344,电力设备,20240301,,SW2021,2021-07-30
603345,食品饮料,20170208,20210729,SW2021,2021-07-30
603345,食品饮料,20210730,,SW2021,2021-07-30
603348,汽车,20180426,,SW2021,2021-07-30
603350,电力设备,20240614,,SW2021,2021-07-30
603351,医药生物,20190124,,SW2021,2021-07-30
603352,汽车,20251226,,SW2021,2021-07-30
603353,石油石化,20200309,,SW2021,2021-07-30
603355,家用电器,20150506,,SW2021,2021-07-30
603356,机械设备,20180108,,SW2021,2021-07-30
603357,建筑装饰,20170726,,SW2021,2021-07-30
603358,汽车,20170116,,SW2021,2021-07-30
603359,建筑装饰,20170807,,SW2021,2021-07-30
603360,基础化工,20170116,,SW2021,2021-07-30
603361,机械设备,20231027,,SW2021,2021-07-30
603363,农林牧渔,20170907,,SW2021,2021-07-30
603365,纺织服饰,20171108,,SW2021,2021-07-30
603366,家用电器,20120110,,SW2021,2021-07-30
603367,医药生物,20170921,,SW2021,2021-07-30
603368,医药生物,20140127,,SW2021,2021-07-30
603369,食品饮料,20140120,,SW2021,2021-07-30
603370,电力设备,20250822,,SW2021,2021-07-30
603373,社会服务,20231201,,SW2021,2021-07-30
603375,电子,20240108,,SW2021,2021-07-30
603376,汽车,20251017,,SW2021,2021-07-30
603377,社会服务,20160125,,SW2021,2021-07-30
603378,基础化工,20170921,20210729,SW2021,2021-07-30
603378,建筑材料,20210730,,SW2021,2021-07-30
603379,基础化工,20190318,,SW2021,2021-07-30
603380,电子,20170605,,SW2021,2021-07-30
603381,电力设备,20240614,,SW2021,2021-07-30
603382,基础化工,20250523,,SW2021,2021-07-30
603383,计算机,20170504,,SW2021,2021-07-30
603385,轻工制造,20170320,,SW2021,2021-07-30
603386,电子,20170828,,SW2021,2021-07-30
603387,医药生物,20170628,,SW2021,2021-07-30
603388,建筑装饰,20170214,,SW2021,2021-07-30
603389,轻工制造,20161201,,SW2021,2021-07-30
603390,汽车,20191111,,SW2021,2021-07-30
603391,机械设备,20240712,,SW2021,2021-07-30
603392,医药生物,20200408,20220728,SW2021,2021-07-30
603392,医药生物,20220729,,SW2021,2021-07-30
603393,公用事业,20160831,,SW2021,2021-07-30
603395,基础化工,20241108,,SW2021,2021-07-30
603396,电力设备,20171010,,SW2021,2021-07-30
603398,轻工制造,20151209,20230703,SW2021,2021-07-30
603398,电力设备,20230704,,SW2021,2021-07-30
603399,有色金属,20210730,20230703,SW2021,2021-07-30
603399,有色金属,20230704,,SW2021,2021-07-30
603400,机械设备,20250530,,SW2021,2021-07-30
603402,社会服务,20251226,,SW2021,2021-07-30
603406,基础化工,20250718,,SW2021,2021-07-30
603407,有色金属,20260417,,SW2021,2021-07-30
603408,轻工制造,20200713,,SW2021,2021-07-30
603409,汽车,20250214,,SW2021,2021-07-30
603416,机械设备,20161212,,SW2021,2021-07-30
603418,汽车,20250905,,SW2021,2021-07-30
603421,通信,20161011,,SW2021,2021-07-30
603429,轻工制造,20170116,,SW2021,2021-07-30
603435,基础化工,20260430,,SW2021,2021-07-30
603439,医药生物,20200413,,SW2021,2021-07-30
603444,传媒,20161226,,SW2021,2021-07-30
603456,医药生物,20140127,20210729,SW2021,2021-07-30
603456,医药生物,20230704,,SW2021,2021-07-30
603458,建筑装饰,20170726,,SW2021,2021-07-30
603459,电子,20260323,,SW2021,2021-07-30
603466,建筑装饰,20171010,20220113,SW2021,2021-07-30
603466,传媒,20220114,,SW2021,2021-07-30
603477,纺织服饰,20171208,20220120,SW2021,2021-07-30
603477,农林牧渔,20220121,,SW2021,2021-07-30
603486,机械设备,20180528,20210729,SW2021,2021-07-30
603486,家用电器,20210730,,SW2021,2021-07-30
603488,机械设备,20170504,,SW2021,2021-07-30
603489,电力设备,20190927,,SW2021,2021-07-30
603496,计算机,20170522,,SW2021,2021-07-30
603499,轻工制造,20170925,,SW2021,2021-07-30
603500,机械设备,20170828,,SW2021,2021-07-30
603501,电子,20170419,,SW2021,2021-07-30
603505,基础化工,20170419,,SW2021,2021-07-30
603506,房地产,20180108,20210729,SW2021,2021-07-30
603506,房地产,20210730,,SW2021,2021-07-30
603507,电力设备,20171030,,SW2021,2021-07-30
603508,计算机,20151224,20210729,SW2021,2021-07-30
603508,计算机,20210730,,SW2021,2021-07-30
603511,纺织服饰,20210421,20240729,SW2021,2021-07-30
603511,纺织服饰,20240730,,SW2021,2021-07-30
603515,电子,20160804,20210729,SW2021,2021-07-30
603515,家用电器,20210730,,SW2021,2021-07-30
603516,计算机,20180129,,SW2021,2021-07-30
603517,食品饮料,20170301,20210729,SW2021,2021-07-30
603517,食品饮料,20210730,,SW2021,2021-07-30
603518,纺织服饰,20140127,,SW2021,2021-07-30
603519,家用电器,20150309,,SW2021,2021-07-30
603520,医药生物,20160304,,SW2021,2021-07-30
603527,有色金属,20170828,,SW2021,2021-07-30
603528,计算机,20160418,,SW2021,2021-07-30
603529,汽车,20210531,,SW2021,2021-07-30
603530,电力设备,20190702,,SW2021,2021-07-30
603533,传媒,20170907,,SW2021,2021-07-30
603535,交通运输,20170726,,SW2021,2021-07-30
603536,食品饮料,20170605,20210729,SW2021,2021-07-30
603536,食品饮料,20210730,,SW2021,2021-07-30
603538,医药生物,20170320,,SW2021,2021-07-30
603551,家用电器,20191227,,SW2021,2021-07-30
603555,纺织服饰,20140108,,SW2021,2021-07-30
603556,机械设备,20161028,20210729,SW2021,2021-07-30
603556,电力设备,20210730,,SW2021,2021-07-30
603557,纺织服饰,20170807,,SW2021,2021-07-30
603558,纺织服饰,20150115,,SW2021,2021-07-30
603559,通信,20161201,,SW2021,2021-07-30
603565,交通运输,20200821,,SW2021,2021-07-30
603566,农林牧渔,20150126,,SW2021,2021-07-30
603567,医药生物,20150113,,SW2021,2021-07-30
603568,环保,20150126,,SW2021,2021-07-30
603569,交通运输,20160803,,SW2021,2021-07-30
603577,电力设备,20161212,,SW2021,2021-07-30
603578,家用电器,20170214,,SW2021,2021-07-30
603579,机械设备,20170105,20170227,SW2021,2021-07-30
603579,家用电器,20170228,,SW2021,2021-07-30
603580,基础化工,20170522,,SW2021,2021-07-30
603583,机械设备,20180831,,SW2021,2021-07-30
603585,基础化工,20161201,,SW2021,2021-07-30
603586,汽车,20170320,,SW2021,2021-07-30
603587,纺织服饰,20170605,,SW2021,2021-07-30
603588,环保,20140120,,SW2021,2021-07-30
603589,食品饮料,20150119,,SW2021,2021-07-30
603590,医药生物,20180809,,SW2021,2021-07-30
603595,电子,20170628,20210729,SW2021,2021-07-30
603595,电子,20210730,,SW2021,2021-07-30
603596,汽车,20180403,,SW2021,2021-07-30
603598,传媒,20150126,,SW2021,2021-07-30
603599,基础化工,20150106,,SW2021,2021-07-30
603600,轻工制造,20150115,,SW2021,2021-07-30
603601,建筑材料,20150115,,SW2021,2021-07-30
603602,通信,20170807,20260304,SW2021,2021-07-30
603602,传媒,20260305,,SW2021,2021-07-30
603603,环保,20170124,,SW2021,2021-07-30
603605,美容护理,20171108,,SW2021,2021-07-30
603606,电力设备,20140127,,SW2021,2021-07-30
603607,轻工制造,20171010,,SW2021,2021-07-30
603608,纺织服饰,20160218,,SW2021,2021-07-30
603609,农林牧渔,20140207,,SW2021,2021-07-30
603610,轻工制造,20191021,,SW2021,2021-07-30
603611,机械设备,20150115,20220728,SW2021,2021-07-30
603611,计算机,20220729,20240729,SW2021,2021-07-30
603611,机械设备,20240730,,SW2021,2021-07-30
603612,基础化工,20170712,,SW2021,2021-07-30
603613,商贸零售,20190718,,SW2021,2021-07-30
603615,基础化工,20180713,20210729,SW2021,2021-07-30
603615,轻工制造,20210730,,SW2021,2021-07-30
603616,建筑材料,20150115,20210729,SW2021,2021-07-30
603616,建筑材料,20210730,,SW2021,2021-07-30
603617,机械设备,20170620,,SW2021,2021-07-30
603618,电力设备,20150115,,SW2021,2021-07-30
603619,石油石化,20170807,,SW2021,2021-07-30
603626,机械设备,20170116,20210729,SW2021,2021-07-30
603626,电子,20210730,,SW2021,2021-07-30
603628,电力设备,20161226,,SW2021,2021-07-30
603629,电子,20181221,,SW2021,2021-07-30
603630,美容护理,20170224,,SW2021,2021-07-30
603633,电子,20161107,,SW2021,2021-07-30
603636,计算机,20140120,,SW2021,2021-07-30
603637,建筑装饰,20170116,,SW2021,2021-07-30
603638,机械设备,20170105,20210729,SW2021,2021-07-30
603638,机械设备,20210730,,SW2021,2021-07-30
603639,基础化工,20161226,,SW2021,2021-07-30
603648,交通运输,20170828,,SW2021,2021-07-30
603650,基础化工,20180626,20190723,SW2021,2021-07-30
603650,基础化工,20210730,,SW2021,2021-07-30
603655,汽车,20171220,,SW2021,2021-07-30
603656,机械设备,20170310,,SW2021,2021-07-30
603657,家用电器,20180730,,SW2021,2021-07-30
603658,医药生物,20160823,20180712,SW2021,2021-07-30
603658,医药生物,20180713,,SW2021,2021-07-30
603659,电子,20171030,20200723,SW2021,2021-07-30
603659,电力设备,20200724,,SW2021,2021-07-30
603660,计算机,20161201,,SW2021,2021-07-30
603661,轻工制造,20171108,,SW2021,2021-07-30
603662,机械设备,20190724,,SW2021,2021-07-30
603663,有色金属,20160718,20210729,SW2021,2021-07-30
603663,基础化工,20210730,,SW2021,2021-07-30
603665,纺织服饰,20170224,,SW2021,2021-07-30
603666,机械设备,20180612,20210729,SW2021,2021-07-30
603666,机械设备,20210730,,SW2021,2021-07-30
603667,机械设备,20161017,,SW2021,2021-07-30
603668,农林牧渔,20161201,,SW2021,2021-07-30
603669,医药生物,20150126,,SW2021,2021-07-30
603676,医药生物,20170712,,SW2021,2021-07-30
603677,家用电器,20170119,,SW2021,2021-07-30
603678,电子,20150115,20210202,SW2021,2021-07-30
603678,国防军工,20210203,20210729,SW2021,2021-07-30
603678,国防军工,20210730,,SW2021,2021-07-30
603679,电子,20170605,,SW2021,2021-07-30
603680,机械设备,20170504,,SW2021,2021-07-30
603681,基础化工,20190218,20210729,SW2021,2021-07-30
603681,基础化工,20210730,,SW2021,2021-07-30
603682,商贸零售,20200408,,SW2021,2021-07-30
603683,基础化工,20171010,20210729,SW2021,2021-07-30
603683,基础化工,20210730,,SW2021,2021-07-30
603685,电子,20171121,,SW2021,2021-07-30
603686,机械设备,20150115,20210729,SW2021,2021-07-30
603686,环保,20210730,20240729,SW2021,2021-07-30
603686,环保,20240730,,SW2021,2021-07-30
603687,轻工制造,20190618,,SW2021,2021-07-30
603688,基础化工,20140108,,SW2021,2021-07-30
603689,公用事业,20161219,,SW2021,2021-07-30
603690,机械设备,20161226,20210729,SW2021,2021-07-30
603690,电子,20210730,,SW2021,2021-07-30
603693,公用事业,20180703,,SW2021,2021-07-30
603696,食品饮料,20151209,,SW2021,2021-07-30
603697,食品饮料,20190506,20210729,SW2021,2021-07-30
603697,食品饮料,20210730,,SW2021,2021-07-30
603698,建筑装饰,20150115,20210729,SW2021,2021-07-30
603698,机械设备,20210730,,SW2021,2021-07-30
603699,机械设备,20140108,,SW2021,2021-07-30
603700,机械设备,20190104,,SW2021,2021-07-30
603701,汽车,20160412,,SW2021,2021-07-30
603703,电子,20150413,,SW2021,2021-07-30
603706,公用事业,20180706,,SW2021,2021-07-30
603707,医药生物,20170712,20210729,SW2021,2021-07-30
603707,医药生物,20210730,,SW2021,2021-07-30
603708,商贸零售,20161201,,SW2021,2021-07-30
603709,轻工制造,20180208,,SW2021,2021-07-30
603711,食品饮料,20171121,,SW2021,2021-07-30
603712,国防军工,20180212,,SW2021,2021-07-30
603713,交通运输,20180706,,SW2021,2021-07-30
603716,医药生物,20161031,,SW2021,2021-07-30
603717,建筑装饰,20170224,20250808,SW2021,2021-07-30
603717,农林牧渔,20250811,,SW2021,2021-07-30
603718,农林牧渔,20150506,20260129,SW2021,2021-07-30
603718,医药生物,20260130,,SW2021,2021-07-30
603719,食品饮料,20200122,20210729,SW2021,2021-07-30
603719,食品饮料,20210730,,SW2021,2021-07-30
603721,传媒,20170807,,SW2021,2021-07-30
603722,基础化工,20210730,20220728,SW2021,2021-07-30
603722,基础化工,20220729,,SW2021,2021-07-30
603725,建筑材料,20170828,20190723,SW2021,2021-07-30
603725,基础化工,20190724,20240729,SW2021,2021-07-30
603725,轻工制造,20240730,,SW2021,2021-07-30
603726,家用电器,20160418,,SW2021,2021-07-30
603727,石油石化,20161107,,SW2021,2021-07-30
603728,电力设备,20170504,,SW2021,2021-07-30
603729,传媒,20150109,,SW2021,2021-07-30
603730,汽车,20170628,,SW2021,2021-07-30
603733,轻工制造,20180403,,SW2021,2021-07-30
603737,基础化工,20160525,20210729,SW2021,2021-07-30
603737,建筑材料,20210730,,SW2021,2021-07-30
603738,电子,20160928,,SW2021,2021-07-30
603739,农林牧渔,20190104,20220728,SW2021,2021-07-30
603739,基础化工,20220729,,SW2021,2021-07-30
603755,食品饮料,20190819,,SW2021,2021-07-30
603757,机械设备,20170628,,SW2021,2021-07-30
603758,汽车,20170504,,SW2021,2021-07-30
603759,环保,20210219,,SW2021,2021-07-30
603766,汽车,20120731,20210729,SW2021,2021-07-30
603766,汽车,20210730,,SW2021,2021-07-30
603767,汽车,20170504,,SW2021,2021-07-30
603768,汽车,20170214,,SW2021,2021-07-30
603773,电子,20180403,,SW2021,2021-07-30
603776,汽车,20170504,20210729,SW2021,2021-07-30
603776,汽车,20210730,,SW2021,2021-07-30
603777,食品饮料,20160927,20210729,SW2021,2021-07-30
603777,食品饮料,20210730,,SW2021,2021-07-30
603778,建筑装饰,20151105,,SW2021,2021-07-30
603779,食品饮料,20160426,,SW2021,2021-07-30
603786,汽车,20190902,,SW2021,2021-07-30
603787,汽车,20170419,20210729,SW2021,2021-07-30
603787,汽车,20210730,,SW2021,2021-07-30
603788,汽车,20140120,,SW2021,2021-07-30
603789,机械设备,20150113,,SW2021,2021-07-30
603790,基础化工,20180831,,SW2021,2021-07-30
603797,环保,20170330,,SW2021,2021-07-30
603798,石油石化,20160406,,SW2021,2021-07-30
603799,有色金属,20150115,20210729,SW2021,2021-07-30
603799,有色金属,20210730,,SW2021,2021-07-30
603800,机械设备,20151210,,SW2021,2021-07-30
603801,轻工制造,20170620,,SW2021,2021-07-30
603803,通信,20170330,,SW2021,2021-07-30
603806,电力设备,20140106,,SW2021,2021-07-30
603808,纺织服饰,20150113,,SW2021,2021-07-30
603809,汽车,20171030,,SW2021,2021-07-30
603810,基础化工,20180917,,SW2021,2021-07-30
603811,医药生物,20170224,,SW2021,2021-07-30
603813,交通运输,20170815,,SW2021,2021-07-30
603815,建筑装饰,20190909,,SW2021,2021-07-30
603816,轻工制造,20161012,,SW2021,2021-07-30
603817,环保,20170124,,SW2021,2021-07-30
603818,轻工制造,20150113,,SW2021,2021-07-30
603819,电力设备,20161107,,SW2021,2021-07-30
603822,基础化工,20160418,,SW2021,2021-07-30
603823,基础化工,20161212,,SW2021,2021-07-30
603825,传媒,20170726,,SW2021,2021-07-30
603826,基础化工,20170405,,SW2021,2021-07-30
603828,建筑装饰,20150115,,SW2021,2021-07-30
603829,电力设备,20170925,,SW2021,2021-07-30
603833,轻工制造,20170310,,SW2021,2021-07-30
603836,交通运输,20210512,,SW2021,2021-07-30
603838,轻工制造,20150119,,SW2021,2021-07-30
603839,纺织服饰,20170119,,SW2021,2021-07-30
603843,建筑装饰,20160804,,SW2021,2021-07-30
603848,轻工制造,20171121,,SW2021,2021-07-30
603855,机械设备,20170504,,SW2021,2021-07-30
603856,建筑材料,20171030,,SW2021,2021-07-30
603858,医药生物,20161107,,SW2021,2021-07-30
603859,机械设备,20161017,20220728,SW2021,2021-07-30
603859,计算机,20220729,,SW2021,2021-07-30
603860,建筑装饰,20170726,,SW2021,2021-07-30
603861,电力设备,20160322,,SW2021,2021-07-30
603863,轻工制造,20190520,,SW2021,2021-07-30
603866,食品饮料,20151222,20210729,SW2021,2021-07-30
603866,食品饮料,20210730,,SW2021,2021-07-30
603867,基础化工,20190614,,SW2021,2021-07-30
603868,家用电器,20160418,,SW2021,2021-07-30
603869,社会服务,20150309,20190723,SW2021,2021-07-30
603869,计算机,20190724,,SW2021,2021-07-30
603871,交通运输,20180129,,SW2021,2021-07-30
603876,有色金属,20180403,,SW2021,2021-07-30
603877,纺织服饰,20161226,,SW2021,2021-07-30
603878,钢铁,20161201,,SW2021,2021-07-30
603879,基础化工,20170605,20210729,SW2021,2021-07-30
603879,基础化工,20210730,,SW2021,2021-07-30
603880,医药生物,20170726,,SW2021,2021-07-30
603881,计算机,20170116,20230703,SW2021,2021-07-30
603881,通信,20230704,,SW2021,2021-07-30
603882,医药生物,20170828,,SW2021,2021-07-30
603883,医药生物,20150113,,SW2021,2021-07-30
603885,交通运输,20150525,20210729,SW2021,2021-07-30
603885,交通运输,20210730,,SW2021,2021-07-30
603886,食品饮料,20161212,20210729,SW2021,2021-07-30
603886,食品饮料,20210730,,SW2021,2021-07-30
603887,建筑装饰,20160907,20210729,SW2021,2021-07-30
603887,计算机,20210730,,SW2021,2021-07-30
603888,传媒,20161017,,SW2021,2021-07-30
603889,纺织服饰,20140120,,SW2021,2021-07-30
603890,电子,20171208,,SW2021,2021-07-30
603893,电子,20200114,,SW2021,2021-07-30
603895,机械设备,20180122,,SW2021,2021-07-30
603896,医药生物,20170504,,SW2021,2021-07-30
603897,电力设备,20180403,,SW2021,2021-07-30
603898,轻工制造,20150115,,SW2021,2021-07-30
603899,轻工制造,20150115,,SW2021,2021-07-30
603900,商贸零售,20161107,20210729,SW2021,2021-07-30
603900,纺织服饰,20210730,,SW2021,2021-07-30
603901,机械设备,20150526,,SW2021,2021-07-30
603903,环保,20170224,,SW2021,2021-07-30
603906,基础化工,20170320,20230914,SW2021,2021-07-30
603906,电力设备,20230915,,SW2021,2021-07-30
603908,纺织服饰,20170224,,SW2021,2021-07-30
603909,建筑装饰,20160624,,SW2021,2021-07-30
603912,机械设备,20171030,20210729,SW2021,2021-07-30
603912,机械设备,20210730,,SW2021,2021-07-30
603915,机械设备,20190529,,SW2021,2021-07-30
603916,基础化工,20171108,,SW2021,2021-07-30
603917,汽车,20171121,,SW2021,2021-07-30
603918,计算机,20150126,,SW2021,2021-07-30
603919,食品饮料,20160304,,SW2021,2021-07-30
603920,电子,20170419,,SW2021,2021-07-30
603922,汽车,20170907,,SW2021,2021-07-30
603926,汽车,20170330,,SW2021,2021-07-30
603927,计算机,20190822,,SW2021,2021-07-30
603928,基础化工,20161212,20210729,SW2021,2021-07-30
603928,基础化工,20210730,,SW2021,2021-07-30
603929,建筑装饰,20161213,,SW2021,2021-07-30
603931,电子,20200804,20210729,SW2021,2021-07-30
603931,电子,20210730,,SW2021,2021-07-30
603933,电子,20170620,,SW2021,2021-07-30
603936,电子,20151209,,SW2021,2021-07-30
603937,建筑材料,20171030,20210729,SW2021,2021-07-30
603937,有色金属,20210730,,SW2021,2021-07-30
603938,基础化工,20210730,20220728,SW2021,2021-07-30
603938,基础化工,20220729,,SW2021,2021-07-30
603939,医药生物,20150115,,SW2021,2021-07-30
603948,基础化工,20200217,,SW2021,2021-07-30
603949,汽车,20200122,,SW2021,2021-07-30
603950,汽车,20200416,,SW2021,2021-07-30
603955,建筑装饰,20170124,,SW2021,2021-07-30
603956,机械设备,20190218,,SW2021,2021-07-30
603958,纺织服饰,20160624,,SW2021,2021-07-30
603959,建筑装饰,20160509,,SW2021,2021-07-30
603960,机械设备,20190724,20210729,SW2021,2021-07-30
603960,机械设备,20210730,,SW2021,2021-07-30
603963,医药生物,20170907,,SW2021,2021-07-30
603966,机械设备,20170116,,SW2021,2021-07-30
603967,交通运输,20190326,,SW2021,2021-07-30
603968,基础化工,20150106,20210729,SW2021,2021-07-30
603968,基础化工,20210730,,SW2021,2021-07-30
603969,机械设备,20150116,,SW2021,2021-07-30
603970,基础化工,20171108,,SW2021,2021-07-30
603976,医药生物,20170807,,SW2021,2021-07-30
603977,商贸零售,20160823,20180712,SW2021,2021-07-30
603977,基础化工,20180713,,SW2021,2021-07-30
603978,有色金属,20170807,,SW2021,2021-07-30
603979,建筑装饰,20150119,20231012,SW2021,2021-07-30
603979,有色金属,20231013,,SW2021,2021-07-30
603980,基础化工,20170605,,SW2021,2021-07-30
603982,汽车,20190415,,SW2021,2021-07-30
603983,美容护理,20190618,,SW2021,2021-07-30
603985,机械设备,20170504,20220728,SW2021,2021-07-30
603985,电力设备,20220729,,SW2021,2021-07-30
603986,电子,20160804,,SW2021,2021-07-30
603987,医药生物,20161107,,SW2021,2021-07-30
603988,电力设备,20140124,,SW2021,2021-07-30
603989,电子,20150106,,SW2021,2021-07-30
603990,计算机,20161201,,SW2021,2021-07-30
603991,基础化工,20170224,20250808,SW2021,2021-07-30
603991,电子,20250811,,SW2021,2021-07-30
603992,轻工制造,20190808,,SW2021,2021-07-30
603993,有色金属,20210730,20241114,SW2021,2021-07-30
603993,有色金属,20241115,,SW2021,2021-07-30
603995,钢铁,20191114,,SW2021,2021-07-30
603996,家用电器,20151224,20210729,SW2021,2021-07-30
603996,电子,20210730,,SW2021,2021-07-30
603997,汽车,20150115,,SW2021,2021-07-30
603998,医药生物,20140127,,SW2021,2021-07-30
603999,传媒,20151210,,SW2021,2021-07-30
605001,机械设备,20200506,,SW2021,2021-07-30
605003,纺织服饰,20200731,,SW2021,2021-07-30
605005,汽车,20210104,,SW2021,2021-07-30
605006,建筑材料,20200817,,SW2021,2021-07-30
605007,轻工制造,20201026,,SW2021,2021-07-30
605008,基础化工,20200807,,SW2021,2021-07-30
605009,美容护理,20200831,,SW2021,2021-07-30
605011,公用事业,20210615,,SW2021,2021-07-30
605016,农林牧渔,20210406,20210729,SW2021,2021-07-30
605016,基础化工,20210730,,SW2021,2021-07-30
605018,汽车,20200914,,SW2021,2021-07-30
605020,基础化工,20210630,,SW2021,2021-07-30
605028,公用事业,20210607,,SW2021,2021-07-30
605033,基础化工,20210827,,SW2021,2021-07-30
605050,交通运输,20200904,,SW2021,2021-07-30
605055,纺织服饰,20210129,,SW2021,2021-07-30
605056,机械设备,20210615,,SW2021,2021-07-30
605058,电子,20200924,,SW2021,2021-07-30
605060,机械设备,20210205,,SW2021,2021-07-30
605066,电力设备,20200727,,SW2021,2021-07-30
605068,汽车,20201110,,SW2021,2021-07-30
605069,环保,20210806,,SW2021,2021-07-30
605077,食品饮料,20210125,20210729,SW2021,2021-07-30
605077,基础化工,20210730,,SW2021,2021-07-30
605080,纺织服饰,20210421,20210729,SW2021,2021-07-30
605080,轻工制造,20210730,,SW2021,2021-07-30
605081,建筑装饰,20210129,20210729,SW2021,2021-07-30
605081,环保,20210730,,SW2021,2021-07-30
605086,基础化工,20210312,,SW2021,2021-07-30
605088,汽车,20200713,,SW2021,2021-07-30
605089,食品饮料,20210415,20210729,SW2021,2021-07-30
605089,食品饮料,20210730,,SW2021,2021-07-30
605090,公用事业,20210510,,SW2021,2021-07-30
605098,综合,20210329,20210729,SW2021,2021-07-30
605098,社会服务,20210730,,SW2021,2021-07-30
605099,轻工制造,20200914,,SW2021,2021-07-30
605100,机械设备,20200722,,SW2021,2021-07-30
605108,社会服务,20200706,,SW2021,2021-07-30
605111,电子,20200909,,SW2021,2021-07-30
605116,医药生物,20200904,,SW2021,2021-07-30
605117,家用电器,20210406,20230703,SW2021,2021-07-30
605117,电力设备,20230704,,SW2021,2021-07-30
605118,电子,20200713,20210729,SW2021,2021-07-30
605118,计算机,20210730,,SW2021,2021-07-30
605122,建筑材料,20210301,20210729,SW2021,2021-07-30
605122,建筑材料,20210730,,SW2021,2021-07-30
605123,国防军工,20200810,,SW2021,2021-07-30
605128,汽车,20200814,,SW2021,2021-07-30
605133,汽车,20210129,,SW2021,2021-07-30
605136,商贸零售,20200914,,SW2021,2021-07-30
605138,纺织服饰,20210917,,SW2021,2021-07-30
605151,汽车,20201201,20220728,SW2021,2021-07-30
605151,汽车,20220729,,SW2021,2021-07-30
605155,基础化工,20201223,20210729,SW2021,2021-07-30
605155,轻工制造,20210730,,SW2021,2021-07-30
605158,建筑材料,20200721,20210729,SW2021,2021-07-30
605158,钢铁,20210730,20230703,SW2021,2021-07-30
605158,有色金属,20230704,,SW2021,2021-07-30
605162,公用事业,20210622,,SW2021,2021-07-30
605166,基础化工,20200518,20210729,SW2021,2021-07-30
605166,基础化工,20210730,,SW2021,2021-07-30
605167,建筑装饰,20210709,,SW2021,2021-07-30
605168,传媒,20200427,,SW2021,2021-07-30
605169,公用事业,20201016,,SW2021,2021-07-30
605177,医药生物,20201123,,SW2021,2021-07-30
605178,建筑装饰,20200811,20220728,SW2021,2021-07-30
605178,建筑装饰,20220729,,SW2021,2021-07-30
605179,食品饮料,20201214,,SW2021,2021-07-30
605180,纺织服饰,20210415,,SW2021,2021-07-30
605183,基础化工,20201125,,SW2021,2021-07-30
605186,机械设备,20201207,20210729,SW2021,2021-07-30
605186,机械设备,20210730,,SW2021,2021-07-30
605188,商贸零售,20200624,,SW2021,2021-07-30
605189,纺织服饰,20210518,20210729,SW2021,2021-07-30
605189,纺织服饰,20210730,,SW2021,2021-07-30
605196,电力设备,20210426,,SW2021,2021-07-30
605198,农林牧渔,20200909,,SW2021,2021-07-30
605199,医药生物,20200624,,SW2021,2021-07-30
605208,有色金属,20210219,,SW2021,2021-07-30
605218,电子,20200914,,SW2021,2021-07-30
605222,电力设备,20200721,,SW2021,2021-07-30
605228,汽车,20210104,,SW2021,2021-07-30
605255,汽车,20200810,,SW2021,2021-07-30
605258,电子,20201123,,SW2021,2021-07-30
605259,机械设备,20210531,20210729,SW2021,2021-07-30
605259,机械设备,20210730,,SW2021,2021-07-30
605266,医药生物,20201029,,SW2021,2021-07-30
605268,轻工制造,20210205,,SW2021,2021-07-30
605277,电子,20201223,,SW2021,2021-07-30
605286,机械设备,20210305,,SW2021,2021-07-30
605287,建筑装饰,20210622,,SW2021,2021-07-30
605288,机械设备,20200525,,SW2021,2021-07-30
605289,建筑装饰,20210319,20210729,SW2021,2021-07-30
605289,建筑装饰,20210730,,SW2021,2021-07-30
605296,农林牧渔,20210426,,SW2021,2021-07-30
605298,机械设备,20210205,,SW2021,2021-07-30
605299,轻工制造,20201201,,SW2021,2021-07-30
605300,食品饮料,20210421,20210729,SW2021,2021-07-30
605300,食品饮料,20210730,,SW2021,2021-07-30
605303,建筑装饰,20210114,,SW2021,2021-07-30
605305,机械设备,20210421,20210729,SW2021,2021-07-30
605305,机械设备,20210730,,SW2021,2021-07-30
605318,建筑材料,20200721,,SW2021,2021-07-30
605319,汽车,20210521,,SW2021,2021-07-30
605333,汽车,20200713,,SW2021,2021-07-30
605336,家用电器,20200921,,SW2021,2021-07-30
605337,食品饮料,20210125,,SW2021,2021-07-30
605338,食品饮料,20200921,20210729,SW2021,2021-07-30
605338,食品饮料,20210730,,SW2021,2021-07-30
605339,食品饮料,20210426,20210729,SW2021,2021-07-30
605339,食品饮料,20210730,,SW2021,2021-07-30
605358,电子,20200831,,SW2021,2021-07-30
605365,电子,20210705,20210729,SW2021,2021-07-30
605365,家用电器,20210730,,SW2021,2021-07-30
605366,基础化工,20200727,,SW2021,2021-07-30
605368,公用事业,20210114,,SW2021,2021-07-30
605369,医药生物,20200909,,SW2021,2021-07-30
605376,有色金属,20201125,20230703,SW2021,2021-07-30
605376,有色金属,20230704,,SW2021,2021-07-30
605377,轻工制造,20201214,,SW2021,2021-07-30
605378,电力设备,20210325,,SW2021,2021-07-30
605388,食品饮料,20200804,,SW2021,2021-07-30
605389,机械设备,20210305,,SW2021,2021-07-30
605398,计算机,20210114,,SW2021,2021-07-30
605399,基础化工,20200721,20210729,SW2021,2021-07-30
605399,基础化工,20210730,,SW2021,2021-07-30
605488,基础化工,20210426,20220728,SW2021,2021-07-30
605488,基础化工,20220729,,SW2021,2021-07-30
605499,食品饮料,20210512,,SW2021,2021-07-30
605500,轻工制造,20201207,,SW2021,2021-07-30
605507,医药生物,20210723,,SW2021,2021-07-30
605555,家用电器,20211015,,SW2021,2021-07-30
605566,基础化工,20211015,,SW2021,2021-07-30
605567,食品饮料,20210917,,SW2021,2021-07-30
605577,传媒,20210723,,SW2021,2021-07-30
605580,公用事业,20210813,,SW2021,2021-07-30
605588,电子,20210806,,SW2021,2021-07-30
605589,基础化工,20210810,,SW2021,2021-07-30
605598,建筑装饰,20210820,,SW2021,2021-07-30
605599,纺织服饰,20210820,,SW2021,2021-07-30
688001,机械设备,20190626,20210729,SW2021,2021-07-30
688001,机械设备,20210730,,SW2021,2021-07-30
688002,国防军工,20190626,,SW2021,2021-07-30
688003,机械设备,20190626,20210729,SW2021,2021-07-30
688003,机械设备,20210730,,SW2021,2021-07-30
688004,计算机,20200602,,SW2021,2021-07-30
688005,基础化工,20190708,20210729,SW2021,2021-07-30
688005,电力设备,20210730,,SW2021,2021-07-30
688006,机械设备,20190703,20210729,SW2021,2021-07-30
688006,电力设备,20210730,,SW2021,2021-07-30
688007,电子,20190708,20210729,SW2021,2021-07-30
688007,电子,20210730,,SW2021,2021-07-30
688008,电子,20190702,,SW2021,2021-07-30
688009,机械设备,20190708,,SW2021,2021-07-30
688010,电子,20190708,,SW2021,2021-07-30
688011,国防军工,20190708,20210729,SW2021,2021-07-30
688011,国防军工,20210730,,SW2021,2021-07-30
688012,机械设备,20190708,20210729,SW2021,2021-07-30
688012,电子,20210730,,SW2021,2021-07-30
688013,医药生物,20200914,,SW2021,2021-07-30
688015,机械设备,20190711,,SW2021,2021-07-30
688016,医药生物,20190708,,SW2021,2021-07-30
688017,机械设备,20200814,,SW2021,2021-07-30
688018,电子,20190708,,SW2021,2021-07-30
688019,电子,20190708,20210729,SW2021,2021-07-30
688019,电子,20210730,,SW2021,2021-07-30
688020,电子,20190711,20210729,SW2021,2021-07-30
688020,电子,20210730,,SW2021,2021-07-30
688021,基础化工,20191021,20210729,SW2021,2021-07-30
688021,汽车,20210730,,SW2021,2021-07-30
688022,机械设备,20190711,,SW2021,2021-07-30
688023,计算机,20191023,,SW2021,2021-07-30
688025,电子,20191021,20210729,SW2021,2021-07-30
688025,机械设备,20210730,,SW2021,2021-07-30
688026,基础化工,20200108,20220728,SW2021,2021-07-30
688026,医药生物,20220729,,SW2021,2021-07-30
688027,通信,20200618,,SW2021,2021-07-30
688028,机械设备,20190711,,SW2021,2021-07-30
688029,医药生物,20190708,,SW2021,2021-07-30
688030,计算机,20190911,,SW2021,2021-07-30
688031,计算机,20220923,,SW2021,2021-07-30
688032,电力设备,20211203,,SW2021,2021-07-30
688033,机械设备,20190711,,SW2021,2021-07-30
688035,电子,20220902,,SW2021,2021-07-30
688036,电子,20190916,,SW2021,2021-07-30
688037,机械设备,20191129,20210729,SW2021,2021-07-30
688037,电子,20210730,,SW2021,2021-07-30
688038,计算机,20210705,,SW2021,2021-07-30
688039,计算机,20191129,,SW2021,2021-07-30
688041,电子,20220802,,SW2021,2021-07-30
688045,电子,20220513,,SW2021,2021-07-30
688046,医药生物,20220401,,SW2021,2021-07-30
688047,电子,20220610,,SW2021,2021-07-30
688048,电子,20220318,,SW2021,2021-07-30
688049,电子,20211112,,SW2021,2021-07-30
688050,医药生物,20200721,,SW2021,2021-07-30
688051,计算机,20200309,,SW2021,2021-07-30
688052,电子,20220401,,SW2021,2021-07-30
688053,国防军工,20220708,,SW2021,2021-07-30
688055,电子,20200731,,SW2021,2021-07-30
688056,机械设备,20200817,,SW2021,2021-07-30
688057,环保,20201029,,SW2021,2021-07-30
688058,计算机,20191021,20211202,SW2021,2021-07-30
688058,计算机,20211203,,SW2021,2021-07-30
688059,机械设备,20210125,,SW2021,2021-07-30
688060,计算机,20200624,,SW2021,2021-07-30
688061,电子,20220923,,SW2021,2021-07-30
688062,医药生物,20211224,,SW2021,2021-07-30
688063,电力设备,20201214,,SW2021,2021-07-30
688065,基础化工,20200727,,SW2021,2021-07-30
688066,计算机,20190711,,SW2021,2021-07-30
688067,医药生物,20210531,,SW2021,2021-07-30
688068,医药生物,20190911,,SW2021,2021-07-30
688069,环保,20200713,,SW2021,2021-07-30
688070,国防军工,20210125,,SW2021,2021-07-30
688071,机械设备,20210712,,SW2021,2021-07-30
688072,电子,20220401,,SW2021,2021-07-30
688073,医药生物,20220916,,SW2021,2021-07-30
688075,医药生物,20211105,,SW2021,2021-07-30
688076,医药生物,20210510,20241219,SW2021,2021-07-30
688076,医药生物,20241220,,SW2021,2021-07-30
688077,有色金属,20200706,,SW2021,2021-07-30
688078,计算机,20191212,20230703,SW2021,2021-07-30
688078,计算机,20230704,,SW2021,2021-07-30
688079,电子,20210219,,SW2021,2021-07-30
688080,通信,20200122,,SW2021,2021-07-30
688081,国防军工,20191223,20210729,SW2021,2021-07-30
688081,国防军工,20210730,,SW2021,2021-07-30
688082,电子,20211105,,SW2021,2021-07-30
688083,计算机,20210301,,SW2021,2021-07-30
688084,国防军工,20221121,,SW2021,2021-07-30
688085,医药生物,20200325,,SW2021,2021-07-30
688086,计算机,20200204,,SW2021,2021-07-30
688087,基础化工,20210622,,SW2021,2021-07-30
688088,计算机,20190708,,SW2021,2021-07-30
688089,食品饮料,20191205,20210729,SW2021,2021-07-30
688089,基础化工,20210730,,SW2021,2021-07-30
688090,机械设备,20200122,20210729,SW2021,2021-07-30
688090,机械设备,20210730,,SW2021,2021-07-30
688091,医药生物,20210820,,SW2021,2021-07-30
688092,机械设备,20210305,,SW2021,2021-07-30
688093,电子,20200914,,SW2021,2021-07-30
688095,计算机,20200831,,SW2021,2021-07-30
688096,环保,20200325,,SW2021,2021-07-30
688097,机械设备,20210421,20210729,SW2021,2021-07-30
688097,机械设备,20210730,,SW2021,2021-07-30
688098,农林牧渔,20191011,,SW2021,2021-07-30
688099,电子,20190724,,SW2021,2021-07-30
688100,机械设备,20200106,20200522,SW2021,2021-07-30
688100,通信,20200525,,SW2021,2021-07-30
688101,环保,20191101,,SW2021,2021-07-30
688102,机械设备,20220228,20220728,SW2021,2021-07-30
688102,有色金属,20220729,,SW2021,2021-07-30
688103,电子,20210827,,SW2021,2021-07-30
688105,医药生物,20211029,20220728,SW2021,2021-07-30
688105,医药生物,20220729,,SW2021,2021-07-30
688106,基础化工,20200602,20210729,SW2021,2021-07-30
688106,电子,20210730,,SW2021,2021-07-30
688107,电子,20211029,,SW2021,2021-07-30
688108,医药生物,20191021,,SW2021,2021-07-30
688109,计算机,20210312,,SW2021,2021-07-30
688110,电子,20211126,,SW2021,2021-07-30
688111,计算机,20191101,,SW2021,2021-07-30
688112,机械设备,20211119,,SW2021,2021-07-30
688113,机械设备,20210421,,SW2021,2021-07-30
688114,医药生物,20220826,,SW2021,2021-07-30
688115,机械设备,20220228,,SW2021,2021-07-30
688116,基础化工,20190909,20210729,SW2021,2021-07-30
688116,电力设备,20210730,,SW2021,2021-07-30
688117,医药生物,20210518,,SW2021,2021-07-30
688118,计算机,20191120,,SW2021,2021-07-30
688119,建筑材料,20220520,,SW2021,2021-07-30
688120,电子,20220520,,SW2021,2021-07-30
688121,机械设备,20210820,,SW2021,2021-07-30
688122,有色金属,20190708,20210729,SW2021,2021-07-30
688122,国防军工,20210730,,SW2021,2021-07-30
688123,电子,20191205,,SW2021,2021-07-30
688125,机械设备,20220401,,SW2021,2021-07-30
688126,电子,20200402,,SW2021,2021-07-30
688127,电子,20200904,,SW2021,2021-07-30
688128,机械设备,20191023,,SW2021,2021-07-30
688129,基础化工,20201016,,SW2021,2021-07-30
688130,电子,20220715,,SW2021,2021-07-30
688131,医药生物,20210524,20220728,SW2021,2021-07-30
688131,医药生物,20220729,,SW2021,2021-07-30
688132,国防军工,20220909,,SW2021,2021-07-30
688133,基础化工,20201016,,SW2021,2021-07-30
688135,电子,20201026,,SW2021,2021-07-30
688136,医药生物,20201201,,SW2021,2021-07-30
688137,医药生物,20220916,,SW2021,2021-07-30
688138,电子,20191111,,SW2021,2021-07-30
688139,医药生物,20191011,,SW2021,2021-07-30
688141,电子,20221209,,SW2021,2021-07-30
688143,通信,20221121,,SW2021,2021-07-30
688146,电子,20230331,,SW2021,2021-07-30
688147,电力设备,20221208,,SW2021,2021-07-30
688148,基础化工,20210729,20210805,SW2021,2021-07-30
688148,电力设备,20210806,,SW2021,2021-07-30
688150,电子,20220304,,SW2021,2021-07-30
688151,国防军工,20211119,20220728,SW2021,2021-07-30
688151,医药生物,20220729,,SW2021,2021-07-30
688152,计算机,20220930,,SW2021,2021-07-30
688153,电子,20220401,,SW2021,2021-07-30
688155,机械设备,20200727,20210729,SW2021,2021-07-30
688155,电力设备,20210730,,SW2021,2021-07-30
688156,环保,20200904,20220728,SW2021,2021-07-30
688156,农林牧渔,20250509,,SW2021,2021-07-30
688157,基础化工,20200525,,SW2021,2021-07-30
688158,计算机,20200106,,SW2021,2021-07-30
688159,通信,20200108,,SW2021,2021-07-30
688160,机械设备,20201029,20210729,SW2021,2021-07-30
688160,机械设备,20210730,,SW2021,2021-07-30
688161,医药生物,20210615,,SW2021,2021-07-30
688162,汽车,20211029,20220728,SW2021,2021-07-30
688162,机械设备,20220729,,SW2021,2021-07-30
688163,医药生物,20220225,,SW2021,2021-07-30
688165,机械设备,20200624,20210729,SW2021,2021-07-30
688165,机械设备,20210730,,SW2021,2021-07-30
688166,医药生物,20191023,20220728,SW2021,2021-07-30
688166,医药生物,20220729,,SW2021,2021-07-30
688167,机械设备,20211210,20220512,SW2021,2021-07-30
688167,电子,20220513,,SW2021,2021-07-30
688168,计算机,20190822,,SW2021,2021-07-30
688169,机械设备,20200217,20210729,SW2021,2021-07-30
688169,家用电器,20210730,,SW2021,2021-07-30
688170,机械设备,20220415,,SW2021,2021-07-30
688171,计算机,20220114,,SW2021,2021-07-30
688172,电子,20221202,,SW2021,2021-07-30
688173,电子,20220107,,SW2021,2021-07-30
688175,国防军工,20220228,,SW2021,2021-07-30
688176,医药生物,20211217,,SW2021,2021-07-30
688177,医药生物,20200204,,SW2021,2021-07-30
688178,环保,20191227,20220728,SW2021,2021-07-30
688178,环保,20220729,,SW2021,2021-07-30
688179,基础化工,20201016,,SW2021,2021-07-30
688180,医药生物,20200624,,SW2021,2021-07-30
688181,电子,20191223,,SW2021,2021-07-30
688182,通信,20211105,,SW2021,2021-07-30
688183,电子,20210205,,SW2021,2021-07-30
688184,电力设备,20220902,,SW2021,2021-07-30
688185,医药生物,20200727,,SW2021,2021-07-30
688186,钢铁,20200114,20250508,SW2021,2021-07-30
688186,电力设备,20250509,,SW2021,2021-07-30
688187,机械设备,20210820,,SW2021,2021-07-30
688188,计算机,20190724,,SW2021,2021-07-30
688189,医药生物,20200310,,SW2021,2021-07-30
688190,有色金属,20211112,,SW2021,2021-07-30
688191,电力设备,20210322,,SW2021,2021-07-30
688192,医药生物,20211126,,SW2021,2021-07-30
688193,医药生物,20220311,,SW2021,2021-07-30
688195,电子,20210312,,SW2021,2021-07-30
688196,基础化工,20191111,,SW2021,2021-07-30
688197,医药生物,20220304,,SW2021,2021-07-30
688198,医药生物,20191129,,SW2021,2021-07-30
688199,基础化工,20191021,,SW2021,2021-07-30
688200,机械设备,20200204,20210729,SW2021,2021-07-30
688200,电子,20210730,,SW2021,2021-07-30
688201,计算机,20210406,,SW2021,2021-07-30
688202,医药生物,20191021,,SW2021,2021-07-30
688203,基础化工,20220805,,SW2021,2021-07-30
688205,通信,20220725,,SW2021,2021-07-30
688206,电子,20211210,20221110,SW2021,2021-07-30
688206,计算机,20221111,,SW2021,2021-07-30
688207,计算机,20220225,,SW2021,2021-07-30
688208,计算机,20200122,,SW2021,2021-07-30
688209,电子,20220401,,SW2021,2021-07-30
688210,电子,20211210,,SW2021,2021-07-30
688211,机械设备,20210930,,SW2021,2021-07-30
688212,医药生物,20211029,,SW2021,2021-07-30
688213,电子,20220429,,SW2021,2021-07-30
688215,机械设备,20200811,20210729,SW2021,2021-07-30
688215,机械设备,20210730,,SW2021,2021-07-30
688216,电子,20210607,,SW2021,2021-07-30
688217,医药生物,20210426,,SW2021,2021-07-30
688218,机械设备,20191120,20210729,SW2021,2021-07-30
688218,机械设备,20210730,,SW2021,2021-07-30
688219,基础化工,20201029,,SW2021,2021-07-30
688220,电子,20211224,,SW2021,2021-07-30
688221,医药生物,20201016,,SW2021,2021-07-30
688222,医药生物,20200330,,SW2021,2021-07-30
688223,电力设备,20220107,,SW2021,2021-07-30
688225,计算机,20220114,,SW2021,2021-07-30
688226,电力设备,20210622,,SW2021,2021-07-30
688227,计算机,20211217,,SW2021,2021-07-30
688228,计算机,20200310,,SW2021,2021-07-30
688229,计算机,20200731,,SW2021,2021-07-30
688230,电子,20211119,,SW2021,2021-07-30
688231,有色金属,20220701,,SW2021,2021-07-30
688232,计算机,20211105,,SW2021,2021-07-30
688233,电子,20200204,,SW2021,2021-07-30
688234,电子,20211224,,SW2021,2021-07-30
688235,医药生物,20211126,20240516,SW2021,2021-07-30
688235,医药生物,20240517,,SW2021,2021-07-30
688236,医药生物,20211217,,SW2021,2021-07-30
688237,国防军工,20220624,,SW2021,2021-07-30
688238,医药生物,20220304,,SW2021,2021-07-30
688239,国防军工,20210622,,SW2021,2021-07-30
688244,计算机,20220923,,SW2021,2021-07-30
688246,计算机,20211203,,SW2021,2021-07-30
688247,医药生物,20220812,,SW2021,2021-07-30
688248,电力设备,20211203,,SW2021,2021-07-30
688249,电子,20230414,,SW2021,2021-07-30
688251,计算机,20220520,,SW2021,2021-07-30
688252,电子,20220909,,SW2021,2021-07-30
688253,医药生物,20220715,,SW2021,2021-07-30
688255,机械设备,20211015,,SW2021,2021-07-30
688256,电子,20200707,,SW2021,2021-07-30
688257,机械设备,20211015,,SW2021,2021-07-30
688258,计算机,20191120,,SW2021,2021-07-30
688259,电子,20211224,,SW2021,2021-07-30
688260,电子,20210319,,SW2021,2021-07-30
688261,电子,20220114,,SW2021,2021-07-30
688262,电子,20211217,,SW2021,2021-07-30
688265,医药生物,20211210,,SW2021,2021-07-30
688266,医药生物,20200108,,SW2021,2021-07-30
688267,基础化工,20220121,,SW2021,2021-07-30
688268,基础化工,20191212,20210729,SW2021,2021-07-30
688268,电子,20210730,,SW2021,2021-07-30
688269,有色金属,20210524,20220728,SW2021,2021-07-30
688269,基础化工,20220729,,SW2021,2021-07-30
688270,电子,20220114,,SW2021,2021-07-30
688271,医药生物,20220805,,SW2021,2021-07-30
688272,国防军工,20210924,,SW2021,2021-07-30
688273,医药生物,20220725,,SW2021,2021-07-30
688275,电力设备,20220909,,SW2021,2021-07-30
688276,医药生物,20210609,,SW2021,2021-07-30
688277,医药生物,20200618,,SW2021,2021-07-30
688278,医药生物,20200106,,SW2021,2021-07-30
688279,电子,20220401,,SW2021,2021-07-30
688280,汽车,20211015,,SW2021,2021-07-30
688281,国防军工,20220218,,SW2021,2021-07-30
688282,国防军工,20220304,,SW2021,2021-07-30
688283,通信,20220121,,SW2021,2021-07-30
688285,机械设备,20211015,,SW2021,2021-07-30
688286,电子,20200722,,SW2021,2021-07-30
688287,国防军工,20220525,,SW2021,2021-07-30
688288,计算机,20191023,,SW2021,2021-07-30
688289,医药生物,20200811,,SW2021,2021-07-30
688290,机械设备,20220415,,SW2021,2021-07-30
688291,计算机,20220930,,SW2021,2021-07-30
688292,通信,20220805,20240516,SW2021,2021-07-30
688292,计算机,20240517,,SW2021,2021-07-30
688293,医药生物,20220819,,SW2021,2021-07-30
688295,基础化工,20220318,,SW2021,2021-07-30
688296,计算机,20210709,,SW2021,2021-07-30
688297,国防军工,20220610,,SW2021,2021-07-30
688298,医药生物,20200108,,SW2021,2021-07-30
688299,电子,20191021,,SW2021,2021-07-30
688300,基础化工,20191101,,SW2021,2021-07-30
688301,医药生物,20200831,,SW2021,2021-07-30
688302,医药生物,20220401,,SW2021,2021-07-30
688303,电力设备,20210709,,SW2021,2021-07-30
688305,机械设备,20210630,,SW2021,2021-07-30
688306,机械设备,20220304,,SW2021,2021-07-30
688307,计算机,20230120,,SW2021,2021-07-30
688308,机械设备,20201201,,SW2021,2021-07-30
688309,环保,20200629,,SW2021,2021-07-30
688310,机械设备,20191114,20210729,SW2021,2021-07-30
688310,机械设备,20210730,,SW2021,2021-07-30
688311,国防军工,20200721,20210729,SW2021,2021-07-30
688311,国防军工,20210730,,SW2021,2021-07-30
688312,机械设备,20200525,,SW2021,2021-07-30
688313,通信,20200727,,SW2021,2021-07-30
688314,医药生物,20210510,,SW2021,2021-07-30
688315,医药生物,20210325,,SW2021,2021-07-30
688316,计算机,20210301,,SW2021,2021-07-30
688317,医药生物,20210104,,SW2021,2021-07-30
688318,计算机,20200413,,SW2021,2021-07-30
688319,医药生物,20210521,,SW2021,2021-07-30
688320,机械设备,20220415,,SW2021,2021-07-30
688321,医药生物,20190724,,SW2021,2021-07-30
688322,电子,20220707,,SW2021,2021-07-30
688323,基础化工,20210415,20210729,SW2021,2021-07-30
688323,基础化工,20210730,,SW2021,2021-07-30
688325,电子,20220401,,SW2021,2021-07-30
688326,计算机,20220330,,SW2021,2021-07-30
688327,计算机,20220429,,SW2021,2021-07-30
688328,机械设备,20210219,,SW2021,2021-07-30
688329,机械设备,20210305,20210729,SW2021,2021-07-30
688329,机械设备,20210730,,SW2021,2021-07-30
688330,电力设备,20200921,,SW2021,2021-07-30
688331,医药生物,20220318,20220324,SW2021,2021-07-30
688331,医药生物,20220325,,SW2021,2021-07-30
688332,电子,20220701,,SW2021,2021-07-30
688333,机械设备,20190708,20220728,SW2021,2021-07-30
688333,机械设备,20220729,,SW2021,2021-07-30
688334,社会服务,20230609,,SW2021,2021-07-30
688335,环保,20200731,,SW2021,2021-07-30
688336,医药生物,20200707,,SW2021,2021-07-30
688337,机械设备,20220318,,SW2021,2021-07-30
688338,医药生物,20200721,,SW2021,2021-07-30
688339,电力设备,20200722,,SW2021,2021-07-30
688343,计算机,20230317,,SW2021,2021-07-30
688345,电力设备,20210524,,SW2021,2021-07-30
688347,电子,20230731,,SW2021,2021-07-30
688348,电力设备,20220520,,SW2021,2021-07-30
688349,电力设备,20220602,,SW2021,2021-07-30
688350,基础化工,20210114,,SW2021,2021-07-30
688351,医药生物,20220812,,SW2021,2021-07-30
688352,电子,20230331,,SW2021,2021-07-30
688353,电力设备,20220624,,SW2021,2021-07-30
688355,机械设备,20210426,,SW2021,2021-07-30
688356,医药生物,20200810,,SW2021,2021-07-30
688357,基础化工,20191120,20220728,SW2021,2021-07-30
688357,基础化工,20220729,,SW2021,2021-07-30
688358,医药生物,20191114,,SW2021,2021-07-30
688359,基础化工,20210510,20210729,SW2021,2021-07-30
688359,电子,20210730,,SW2021,2021-07-30
688360,机械设备,20200518,,SW2021,2021-07-30
688361,电子,20230504,,SW2021,2021-07-30
688362,电子,20221028,,SW2021,2021-07-30
688363,美容护理,20191021,,SW2021,2021-07-30
688365,计算机,20200416,,SW2021,2021-07-30
688366,医药生物,20191021,,SW2021,2021-07-30
688367,机械设备,20210609,,SW2021,2021-07-30
688368,电子,20190919,,SW2021,2021-07-30
688369,计算机,20191021,,SW2021,2021-07-30
688370,环保,20220805,,SW2021,2021-07-30
688371,电子,20220725,,SW2021,2021-07-30
688372,电子,20220930,,SW2021,2021-07-30
688373,医药生物,20220725,,SW2021,2021-07-30
688375,国防军工,20220701,,SW2021,2021-07-30
688376,环保,20221104,,SW2021,2021-07-30
688377,机械设备,20200618,,SW2021,2021-07-30
688378,机械设备,20200817,20240729,SW2021,2021-07-30
688378,电子,20240730,,SW2021,2021-07-30
688379,机械设备,20200804,,SW2021,2021-07-30
688380,电子,20220725,,SW2021,2021-07-30
688381,电子,20220805,,SW2021,2021-07-30
688382,医药生物,20220708,,SW2021,2021-07-30
688383,机械设备,20210415,,SW2021,2021-07-30
688385,电子,20210723,,SW2021,2021-07-30
688386,基础化工,20200924,,SW2021,2021-07-30
688387,通信,20220909,,SW2021,2021-07-30
688388,有色金属,20190711,20220728,SW2021,2021-07-30
688388,电力设备,20220729,,SW2021,2021-07-30
688389,医药生物,20191023,,SW2021,2021-07-30
688390,电力设备,20200821,,SW2021,2021-07-30
688391,电子,20220826,,SW2021,2021-07-30
688392,电力设备,20220909,,SW2021,2021-07-30
688393,医药生物,20200804,,SW2021,2021-07-30
688395,机械设备,20210415,,SW2021,2021-07-30
688396,电子,20200204,,SW2021,2021-07-30
688398,基础化工,20200122,,SW2021,2021-07-30
688399,医药生物,20191120,,SW2021,2021-07-30
688400,机械设备,20220708,,SW2021,2021-07-30
688401,电子,20220805,,SW2021,2021-07-30
688403,电子,20220805,,SW2021,2021-07-30
688408,电力设备,20200811,,SW2021,2021-07-30
688409,电子,20220916,,SW2021,2021-07-30
688410,医药生物,20221209,,SW2021,2021-07-30
688411,电力设备,20250110,,SW2021,2021-07-30
688416,电子,20220812,,SW2021,2021-07-30
688418,通信,20200707,,SW2021,2021-07-30
688419,电子,20221021,,SW2021,2021-07-30
688420,机械设备,20221121,20240729,SW2021,2021-07-30
688420,机械设备,20240730,,SW2021,2021-07-30
688425,机械设备,20210607,,SW2021,2021-07-30
688426,医药生物,20220930,20240729,SW2021,2021-07-30
688426,医药生物,20240730,,SW2021,2021-07-30
688428,医药生物,20220902,,SW2021,2021-07-30
688429,电力设备,20230609,,SW2021,2021-07-30
688432,电子,20221028,,SW2021,2021-07-30
688433,机械设备,20230331,,SW2021,2021-07-30
688435,计算机,20230106,,SW2021,2021-07-30
688439,国防军工,20220812,,SW2021,2021-07-30
688443,医药生物,20230609,,SW2021,2021-07-30
688448,机械设备,20220902,,SW2021,2021-07-30
688449,电子,20241108,,SW2021,2021-07-30
688450,机械设备,20230714,,SW2021,2021-07-30
688455,机械设备,20220826,,SW2021,2021-07-30
688456,有色金属,20210305,20230703,SW2021,2021-07-30
688456,有色金属,20230704,,SW2021,2021-07-30
688458,电子,20230504,,SW2021,2021-07-30
688459,机械设备,20220916,,SW2021,2021-07-30
688466,环保,20200416,,SW2021,2021-07-30
688468,医药生物,20210325,,SW2021,2021-07-30
688469,电子,20230504,,SW2021,2021-07-30
688472,电力设备,20230526,,SW2021,2021-07-30
688475,计算机,20221209,,SW2021,2021-07-30
688478,电子,20230331,,SW2021,2021-07-30
688479,计算机,20230504,,SW2021,2021-07-30
688480,环保,20221111,,SW2021,2021-07-30
688484,电子,20230317,,SW2021,2021-07-30
688485,机械设备,20230106,,SW2021,2021-07-30
688486,电子,20230213,,SW2021,2021-07-30
688488,医药生物,20200707,,SW2021,2021-07-30
688489,计算机,20221121,,SW2021,2021-07-30
688496,电子,20221209,20240729,SW2021,2021-07-30
688496,电子,20240730,,SW2021,2021-07-30
688498,电子,20221202,,SW2021,2021-07-30
688499,机械设备,20210615,20210729,SW2021,2021-07-30
688499,电力设备,20210730,,SW2021,2021-07-30
688500,计算机,20200706,,SW2021,2021-07-30
688501,环保,20210705,,SW2021,2021-07-30
688502,电子,20230224,,SW2021,2021-07-30
688503,电力设备,20221125,20230703,SW2021,2021-07-30
688503,电力设备,20230704,,SW2021,2021-07-30
688505,医药生物,20200602,,SW2021,2021-07-30
688506,医药生物,20221223,,SW2021,2021-07-30
688507,计算机,20230331,,SW2021,2021-07-30
688508,电子,20200706,,SW2021,2021-07-30
688509,计算机,20210723,,SW2021,2021-07-30
688510,国防军工,20201201,,SW2021,2021-07-30
688511,国防军工,20210727,20210729,SW2021,2021-07-30
688511,国防军工,20210730,,SW2021,2021-07-30
688512,电子,20230504,,SW2021,2021-07-30
688513,医药生物,20200814,,SW2021,2021-07-30
688515,电子,20230120,,SW2021,2021-07-30
688516,电力设备,20200506,,SW2021,2021-07-30
688517,电力设备,20210607,,SW2021,2021-07-30
688518,机械设备,20200605,20210729,SW2021,2021-07-30
688518,机械设备,20210730,,SW2021,2021-07-30
688519,电子,20200731,,SW2021,2021-07-30
688520,医药生物,20200605,,SW2021,2021-07-30
688521,电子,20200731,,SW2021,2021-07-30
688522,国防军工,20230224,,SW2021,2021-07-30
688523,国防军工,20230526,,SW2021,2021-07-30
688525,电子,20221223,,SW2021,2021-07-30
688526,农林牧渔,20200909,,SW2021,2021-07-30
688528,机械设备,20200612,,SW2021,2021-07-30
688529,机械设备,20201026,,SW2021,2021-07-30
688530,电子,20240509,,SW2021,2021-07-30
688531,机械设备,20230317,,SW2021,2021-07-30
688533,汽车,20210406,,SW2021,2021-07-30
688535,电子,20230317,,SW2021,2021-07-30
688536,电子,20200904,,SW2021,2021-07-30
688538,电子,20210512,,SW2021,2021-07-30
688539,电子,20230331,,SW2021,2021-07-30
688543,国防军工,20230609,,SW2021,2021-07-30
688545,电子,20250103,,SW2021,2021-07-30
688548,电子,20230731,,SW2021,2021-07-30
688549,电子,20230821,,SW2021,2021-07-30
688550,基础化工,20200814,20210729,SW2021,2021-07-30
688550,电子,20210730,,SW2021,2021-07-30
688551,机械设备,20200831,20210729,SW2021,2021-07-30
688551,电力设备,20210730,,SW2021,2021-07-30
688552,国防军工,20230504,,SW2021,2021-07-30
688553,医药生物,20210930,,SW2021,2021-07-30
688555,计算机,20200605,,SW2021,2021-07-30
688556,机械设备,20200721,20210729,SW2021,2021-07-30
688556,电力设备,20210730,,SW2021,2021-07-30
688557,机械设备,20201123,,SW2021,2021-07-30
688558,机械设备,20200612,,SW2021,2021-07-30
688559,机械设备,20200821,20210729,SW2021,2021-07-30
688559,机械设备,20210730,,SW2021,2021-07-30
688560,电力设备,20201214,,SW2021,2021-07-30
688561,计算机,20200713,,SW2021,2021-07-30
688562,计算机,20230504,,SW2021,2021-07-30
688563,国防军工,20230630,,SW2021,2021-07-30
688565,环保,20210426,,SW2021,2021-07-30
688566,医药生物,20200427,,SW2021,2021-07-30
688567,电力设备,20200629,,SW2021,2021-07-30
688568,计算机,20200624,,SW2021,2021-07-30
688569,机械设备,20200814,,SW2021,2021-07-30
688570,机械设备,20230526,,SW2021,2021-07-30
688571,基础化工,20201125,,SW2021,2021-07-30
688573,电力设备,20230731,,SW2021,2021-07-30
688575,医药生物,20210426,,SW2021,2021-07-30
688576,医药生物,20230526,20240729,SW2021,2021-07-30
688576,医药生物,20240730,,SW2021,2021-07-30
688577,机械设备,20200831,,SW2021,2021-07-30
688578,医药生物,20201123,,SW2021,2021-07-30
688579,计算机,20200629,,SW2021,2021-07-30
688580,医药生物,20200706,,SW2021,2021-07-30
688581,医药生物,20230504,,SW2021,2021-07-30
688582,电子,20230609,,SW2021,2021-07-30
688583,机械设备,20241227,,SW2021,2021-07-30
688584,电子,20240126,,SW2021,2021-07-30
688585,基础化工,20200914,20210729,SW2021,2021-07-30
688585,基础化工,20210730,,SW2021,2021-07-30
688586,国防军工,20200721,,SW2021,2021-07-30
688588,计算机,20200427,,SW2021,2021-07-30
688589,电子,20200706,,SW2021,2021-07-30
688590,计算机,20201125,,SW2021,2021-07-30
688591,电子,20230821,,SW2021,2021-07-30
688592,国防军工,20230731,20240321,SW2021,2021-07-30
688592,通信,20240322,,SW2021,2021-07-30
688593,电子,20230512,,SW2021,2021-07-30
688595,电子,20200909,20220728,SW2021,2021-07-30
688595,电子,20220729,,SW2021,2021-07-30
688596,机械设备,20200804,,SW2021,2021-07-30
688597,电力设备,20210531,,SW2021,2021-07-30
688598,基础化工,20200427,20210729,SW2021,2021-07-30
688598,电力设备,20210730,,SW2021,2021-07-30
688599,电力设备,20200602,,SW2021,2021-07-30
688600,环保,20200612,20250925,SW2021,2021-07-30
688600,机械设备,20250926,,SW2021,2021-07-30
688601,电子,20210609,,SW2021,2021-07-30
688602,电子,20230714,20240729,SW2021,2021-07-30
688602,医药生物,20240730,20250424,SW2021,2021-07-30
688602,基础化工,20250425,,SW2021,2021-07-30
688603,电子,20230630,,SW2021,2021-07-30
688605,电子,20241122,,SW2021,2021-07-30
688606,医药生物,20210312,,SW2021,2021-07-30
688607,医药生物,20210114,,SW2021,2021-07-30
688608,电子,20201201,,SW2021,2021-07-30
688609,家用电器,20210305,,SW2021,2021-07-30
688610,机械设备,20230630,,SW2021,2021-07-30
688611,电力设备,20210325,,SW2021,2021-07-30
688612,汽车,20230714,,SW2021,2021-07-30
688613,医药生物,20210510,,SW2021,2021-07-30
688615,计算机,20240906,,SW2021,2021-07-30
688616,电力设备,20210305,,SW2021,2021-07-30
688617,医药生物,20201223,,SW2021,2021-07-30
688618,通信,20201214,,SW2021,2021-07-30
688619,计算机,20210129,20210729,SW2021,2021-07-30
688619,计算机,20210730,,SW2021,2021-07-30
688620,电子,20230609,,SW2021,2021-07-30
688621,医药生物,20210607,,SW2021,2021-07-30
688622,机械设备,20210827,,SW2021,2021-07-30
688623,机械设备,20230526,,SW2021,2021-07-30
688625,基础化工,20210521,,SW2021,2021-07-30
688626,医药生物,20210319,,SW2021,2021-07-30
688627,机械设备,20230630,,SW2021,2021-07-30
688628,机械设备,20210114,,SW2021,2021-07-30
688629,国防军工,20230609,,SW2021,2021-07-30
688630,机械设备,20210319,,SW2021,2021-07-30
688631,计算机,20230609,,SW2021,2021-07-30
688633,机械设备,20210312,,SW2021,2021-07-30
688635,通信,20260522,,SW2021,2021-07-30
688636,国防军工,20210325,20210729,SW2021,2021-07-30
688636,国防军工,20210730,,SW2021,2021-07-30
688638,电力设备,20230630,,SW2021,2021-07-30
688639,基础化工,20210406,20210729,SW2021,2021-07-30
688639,基础化工,20210730,,SW2021,2021-07-30
688646,机械设备,20230714,,SW2021,2021-07-30
688648,机械设备,20231027,,SW2021,2021-07-30
688651,计算机,20230714,,SW2021,2021-07-30
688652,电子,20231117,,SW2021,2021-07-30
688653,电子,20231117,,SW2021,2021-07-30
688655,电子,20210421,,SW2021,2021-07-30
688656,医药生物,20210104,,SW2021,2021-07-30
688657,计算机,20230915,,SW2021,2021-07-30
688658,医药生物,20201214,,SW2021,2021-07-30
688659,基础化工,20210319,,SW2021,2021-07-30
688660,电力设备,20210510,,SW2021,2021-07-30
688661,电子,20210312,20220803,SW2021,2021-07-30
688661,电子,20220804,,SW2021,2021-07-30
688662,电子,20210319,,SW2021,2021-07-30
688663,电力设备,20210329,20220728,SW2021,2021-07-30
688663,电力设备,20220729,,SW2021,2021-07-30
688665,机械设备,20210125,,SW2021,2021-07-30
688667,汽车,20210301,,SW2021,2021-07-30
688668,通信,20201207,,SW2021,2021-07-30
688669,基础化工,20210108,,SW2021,2021-07-30
688670,医药生物,20210723,,SW2021,2021-07-30
688671,环保,20230731,,SW2021,2021-07-30
688676,电力设备,20210219,,SW2021,2021-07-30
688677,医药生物,20210205,,SW2021,2021-07-30
688678,电子,20201207,,SW2021,2021-07-30
688679,环保,20201214,,SW2021,2021-07-30
688680,电力设备,20210108,,SW2021,2021-07-30
688681,电力设备,20210531,,SW2021,2021-07-30
688682,国防军工,20210406,20210729,SW2021,2021-07-30
688682,国防军工,20210730,,SW2021,2021-07-30
688683,电子,20210325,20240729,SW2021,2021-07-30
688683,电子,20240730,,SW2021,2021-07-30
688685,国防军工,20210426,,SW2021,2021-07-30
688686,机械设备,20201223,20210729,SW2021,2021-07-30
688686,机械设备,20210730,,SW2021,2021-07-30
688687,医药生物,20210125,,SW2021,2021-07-30
688689,电子,20210108,,SW2021,2021-07-30
688690,医药生物,20210607,,SW2021,2021-07-30
688691,电子,20240322,,SW2021,2021-07-30
688692,计算机,20240531,,SW2021,2021-07-30
688693,电子,20230731,,SW2021,2021-07-30
688695,计算机,20240301,,SW2021,2021-07-30
688696,家用电器,20210219,20240729,SW2021,2021-07-30
688696,家用电器,20240730,,SW2021,2021-07-30
688697,机械设备,20210903,,SW2021,2021-07-30
688698,机械设备,20201214,,SW2021,2021-07-30
688699,电子,20201207,,SW2021,2021-07-30
688700,机械设备,20210531,,SW2021,2021-07-30
688701,环保,20210827,,SW2021,2021-07-30
688702,电子,20230908,,SW2021,2021-07-30
688707,电力设备,20210827,,SW2021,2021-07-30
688708,国防军工,20241115,,SW2021,2021-07-30
688709,电子,20240119,,SW2021,2021-07-30
688710,医药生物,20240816,,SW2021,2021-07-30
688711,电子,20210820,,SW2021,2021-07-30
688712,医药生物,20260116,,SW2021,2021-07-30
688716,基础化工,20230908,,SW2021,2021-07-30
688717,电力设备,20231222,,SW2021,2021-07-30
688718,基础化工,20210712,20210729,SW2021,2021-07-30
688718,基础化工,20210730,,SW2021,2021-07-30
688719,电力设备,20230908,,SW2021,2021-07-30
688720,电子,20231117,,SW2021,2021-07-30
688721,电子,20240802,,SW2021,2021-07-30
688722,基础化工,20210924,,SW2021,2021-07-30
688726,电力设备,20241011,,SW2021,2021-07-30
688727,电子,20251107,,SW2021,2021-07-30
688728,电子,20210813,,SW2021,2021-07-30
688729,电子,20250620,,SW2021,2021-07-30
688733,电力设备,20210806,,SW2021,2021-07-30
688737,汽车,20211015,,SW2021,2021-07-30
688739,医药生物,20211015,,SW2021,2021-07-30
688750,有色金属,20241101,,SW2021,2021-07-30
688755,医药生物,20250425,,SW2021,2021-07-30
688757,社会服务,20250307,,SW2021,2021-07-30
688758,基础化工,20241220,20250109,SW2021,2021-07-30
688758,医药生物,20250110,,SW2021,2021-07-30
688759,医药生物,20251017,,SW2021,2021-07-30
688765,医药生物,20250926,,SW2021,2021-07-30
688766,电子,20210813,,SW2021,2021-07-30
688767,医药生物,20210820,,SW2021,2021-07-30
688768,机械设备,20210709,,SW2021,2021-07-30
688772,电力设备,20210917,,SW2021,2021-07-30
688775,电子,20250523,,SW2021,2021-07-30
688776,国防军工,20210820,,SW2021,2021-07-30
688777,机械设备,20201124,,SW2021,2021-07-30
688778,基础化工,20210729,20210805,SW2021,2021-07-30
688778,电力设备,20210806,,SW2021,2021-07-30
688779,基础化工,20210729,20210805,SW2021,2021-07-30
688779,电力设备,20210806,,SW2021,2021-07-30
688781,电子,20260323,,SW2021,2021-07-30
688783,电子,20250926,,SW2021,2021-07-30
688785,电子,20260109,,SW2021,2021-07-30
688786,有色金属,20210820,20220728,SW2021,2021-07-30
688786,有色金属,20220729,,SW2021,2021-07-30
688787,计算机,20210806,,SW2021,2021-07-30
688788,国防军工,20200924,20210729,SW2021,2021-07-30
688788,国防军工,20210730,,SW2021,2021-07-30
688789,机械设备,20210630,,SW2021,2021-07-30
688790,电子,20251201,,SW2021,2021-07-30
688793,家用电器,20210705,,SW2021,2021-07-30
688795,电子,20251114,,SW2021,2021-07-30
688796,医药生物,20251201,,SW2021,2021-07-30
688797,电子,20260605,,SW2021,2021-07-30
688798,电子,20210729,,SW2021,2021-07-30
688799,医药生物,20210630,,SW2021,2021-07-30
688800,电子,20210705,,SW2021,2021-07-30
688802,电子,20251201,,SW2021,2021-07-30
688805,医药生物,20251212,,SW2021,2021-07-30
688807,电子,20251201,,SW2021,2021-07-30
688808,机械设备,20260403,,SW2021,2021-07-30
688809,电子,20251212,,SW2021,2021-07-30
688811,有色金属,20260323,,SW2021,2021-07-30
688813,机械设备,20260323,,SW2021,2021-07-30
688816,机械设备,20260123,,SW2021,2021-07-30
688818,国防军工,20260123,,SW2021,2021-07-30
688819,电力设备,20210104,,SW2021,2021-07-30
688820,电子,20260403,,SW2021,2021-07-30
688981,电子,20200706,,SW2021,2021-07-30
689009,汽车,20201029,,SW2021,2021-07-30
832317,国防军工,20200727,,SW2021,2021-07-30
833874,汽车,20200727,,SW2021,2021-07-30
833994,电子,20200727,,SW2021,2021-07-30
920000,汽车,20201223,,SW2021,2021-07-30
920001,电子,20221227,,SW2021,2021-07-30
920002,机械设备,20240530,,SW2021,2021-07-30
920003,建筑装饰,20251106,,SW2021,2021-07-30
920005,电子,20250731,,SW2021,2021-07-30
920006,国防军工,20230530,,SW2021,2021-07-30
920007,电力设备,20250808,,SW2021,2021-07-30
920008,国防军工,20240820,,SW2021,2021-07-30
920009,医药生物,20251024,,SW2021,2021-07-30
920010,公用事业,20200727,,SW2021,2021-07-30
920011,电力设备,20260327,,SW2021,2021-07-30
920012,电子,20260410,,SW2021,2021-07-30
920014,公用事业,20221214,,SW2021,2021-07-30
920015,基础化工,20250925,,SW2021,2021-07-30
920016,基础化工,20240913,,SW2021,2021-07-30
920017,医药生物,20230530,,SW2021,2021-07-30
920018,电力设备,20250821,,SW2021,2021-07-30
920019,建筑装饰,20241011,,SW2021,2021-07-30
920020,汽车,20251024,,SW2021,2021-07-30
920021,传媒,20200727,,SW2021,2021-07-30
920022,汽车,20250909,,SW2021,2021-07-30
920023,农林牧渔,20230213,,SW2021,2021-07-30
920026,机械设备,20231030,,SW2021,2021-07-30
920027,机械设备,20250527,,SW2021,2021-07-30
920028,基础化工,20260317,,SW2021,2021-07-30
920029,电力设备,20250324,,SW2021,2021-07-30
920030,汽车,20201127,,SW2021,2021-07-30
920033,基础化工,20221214,,SW2021,2021-07-30
920035,机械设备,20251126,,SW2021,2021-07-30
920036,计算机,20260227,,SW2021,2021-07-30
920037,电力设备,20250626,,SW2021,2021-07-30
920039,社会服务,20210818,,SW2021,2021-07-30
920045,通信,20251229,,SW2021,2021-07-30
920046,电力设备,20221026,,SW2021,2021-07-30
920047,医药生物,20201124,,SW2021,2021-07-30
920050,医药生物,20260114,,SW2021,2021-07-30
920055,汽车,20260327,,SW2021,2021-07-30
920056,基础化工,20250821,,SW2021,2021-07-30
920057,建筑装饰,20230317,,SW2021,2021-07-30
920058,汽车,20230816,,SW2021,2021-07-30
920060,电子,20241108,,SW2021,2021-07-30
920061,机械设备,20231221,,SW2021,2021-07-30
920062,电力设备,20220717,,SW2021,2021-07-30
920066,基础化工,20241031,,SW2021,2021-07-30
920068,有色金属,20250506,,SW2021,2021-07-30
920069,医药生物,20260327,,SW2021,2021-07-30
920075,轻工制造,20221214,,SW2021,2021-07-30
920076,建筑材料,20260114,,SW2021,2021-07-30
920077,基础化工,20210831,,SW2021,2021-07-30
920078,有色金属,20260317,,SW2021,2021-07-30
920080,机械设备,20250925,,SW2021,2021-07-30
920082,机械设备,20241224,,SW2021,2021-07-30
920083,基础化工,20260605,,SW2021,2021-07-30
920086,汽车,20260114,,SW2021,2021-07-30
920087,农林牧渔,20221206,,SW2021,2021-07-30
920088,石油石化,20241029,,SW2021,2021-07-30
920089,基础化工,20211109,,SW2021,2021-07-30
920090,计算机,20210809,20230407,SW2021,2021-07-30
920090,计算机,20230410,,SW2021,2021-07-30
920091,机械设备,20251106,,SW2021,2021-07-30
920092,计算机,20211115,20230407,SW2021,2021-07-30
920092,计算机,20230410,,SW2021,2021-07-30
920096,机械设备,20260515,,SW2021,2021-07-30
920098,基础化工,20241125,,SW2021,2021-07-30
920099,基础化工,20240925,,SW2021,2021-07-30
920100,电力设备,20250908,,SW2021,2021-07-30
920101,机械设备,20250805,,SW2021,2021-07-30
920106,汽车,20241224,,SW2021,2021-07-30
920108,家用电器,20250225,,SW2021,2021-07-30
920110,电力设备,20221206,,SW2021,2021-07-30
920111,电力设备,20241029,,SW2021,2021-07-30
920112,机械设备,20250821,,SW2021,2021-07-30
920116,计算机,20241224,,SW2021,2021-07-30
920118,电力设备,20240822,,SW2021,2021-07-30
920119,电力设备,20260126,,SW2021,2021-07-30
920121,轻工制造,20251229,,SW2021,2021-07-30
920122,社会服务,20220930,,SW2021,2021-07-30
920123,美容护理,20240411,,SW2021,2021-07-30
920124,家用电器,20251126,,SW2021,2021-07-30
920125,机械设备,20260422,,SW2021,2021-07-30
920126,机械设备,20260605,,SW2021,2021-07-30
920128,电子,20241125,,SW2021,2021-07-30
920130,计算机,20231120,,SW2021,2021-07-30
920132,轻工制造,20231120,,SW2021,2021-07-30
920139,电子,20220930,,SW2021,2021-07-30
920145,环保,20211115,,SW2021,2021-07-30
920146,汽车,20210720,,SW2021,2021-07-30
920149,建筑装饰,20200727,,SW2021,2021-07-30
920152,电力设备,20220829,,SW2021,2021-07-30
920156,机械设备,20260422,,SW2021,2021-07-30
920158,机械设备,20250925,,SW2021,2021-07-30
920159,基础化工,20260126,,SW2021,2021-07-30
920160,社会服务,20251106,,SW2021,2021-07-30
920161,电子,20260527,,SW2021,2021-07-30
920163,轻工制造,20200727,,SW2021,2021-07-30
920166,医药生物,20260210,,SW2021,2021-07-30
920167,电力设备,20200727,,SW2021,2021-07-30
920168,汽车,20260210,,SW2021,2021-07-30
920169,机械设备,20220422,,SW2021,2021-07-30
920171,计算机,20211115,,SW2021,2021-07-30
920174,机械设备,20210820,20230407,SW2021,2021-07-30
920174,机械设备,20230410,,SW2021,2021-07-30
920175,基础化工,20230710,,SW2021,2021-07-30
920177,机械设备,20260410,,SW2021,2021-07-30
920178,机械设备,20260515,,SW2021,2021-07-30
920179,基础化工,20220216,20230407,SW2021,2021-07-30
920179,电子,20230410,,SW2021,2021-07-30
920180,医药生物,20260210,,SW2021,2021-07-30
920181,电子,20260410,,SW2021,2021-07-30
920183,电子,20260227,,SW2021,2021-07-30
920184,计算机,20200727,20230407,SW2021,2021-07-30
920184,计算机,20230410,,SW2021,2021-07-30
920185,电力设备,20200727,,SW2021,2021-07-30
920186,电子,20260422,,SW2021,2021-07-30
920187,汽车,20260227,,SW2021,2021-07-30
920188,基础化工,20260317,,SW2021,2021-07-30
920190,计算机,20221227,,SW2021,2021-07-30
920191,建筑材料,20260410,,SW2021,2021-07-30
920195,汽车,20221227,,SW2021,2021-07-30
920198,计算机,20200727,,SW2021,2021-07-30
920199,家用电器,20221206,,SW2021,2021-07-30
920200,电力设备,20260422,,SW2021,2021-07-30
920204,轻工制造,20211230,,SW2021,2021-07-30
920206,基础化工,20260527,,SW2021,2021-07-30
920207,计算机,20220930,,SW2021,2021-07-30
920208,建筑装饰,20230407,,SW2021,2021-07-30
920211,机械设备,20260527,,SW2021,2021-07-30
920212,电子,20210608,,SW2021,2021-07-30
920218,轻工制造,20260527,,SW2021,2021-07-30
920220,汽车,20260515,,SW2021,2021-07-30
920221,汽车,20230530,,SW2021,2021-07-30
920223,机械设备,20220513,20230407,SW2021,2021-07-30
920223,机械设备,20230410,,SW2021,2021-07-30
920225,基础化工,20210225,,SW2021,2021-07-30
920227,计算机,20221227,,SW2021,2021-07-30
920230,医药生物,20221206,,SW2021,2021-07-30
920237,电力设备,20221123,,SW2021,2021-07-30
920239,电力设备,20210209,,SW2021,2021-07-30
920242,汽车,20200727,,SW2021,2021-07-30
920245,机械设备,20211220,,SW2021,2021-07-30
920247,汽车,20221227,,SW2021,2021-07-30
920249,通信,20230224,,SW2021,2021-07-30
920252,电力设备,20220109,,SW2021,2021-07-30
920260,机械设备,20211115,,SW2021,2021-07-30
920261,基础化工,20230407,,SW2021,2021-07-30
920262,纺织服饰,20221227,,SW2021,2021-07-30
920263,环保,20200727,,SW2021,2021-07-30
920266,医药生物,20200727,,SW2021,2021-07-30
920267,电子,20220513,,SW2021,2021-07-30
920270,汽车,20220829,,SW2021,2021-07-30
920271,汽车,20220608,,SW2021,2021-07-30
920273,基础化工,20230222,20241111,SW2021,2021-07-30
920273,农林牧渔,20241112,,SW2021,2021-07-30
920274,轻工制造,20230816,,SW2021,2021-07-30
920275,农林牧渔,20210125,,SW2021,2021-07-30
920278,医药生物,20200727,,SW2021,2021-07-30
920284,机械设备,20231219,,SW2021,2021-07-30
920299,电力设备,20220608,,SW2021,2021-07-30
920300,医药生物,20221206,,SW2021,2021-07-30
920304,基础化工,20230427,,SW2021,2021-07-30
920305,计算机,20210826,20230407,SW2021,2021-07-30
920305,计算机,20230410,,SW2021,2021-07-30
920339,家用电器,20221123,,SW2021,2021-07-30
920344,医药生物,20210108,,SW2021,2021-07-30
920346,电子,20220208,,SW2021,2021-07-30
920351,交通运输,20221227,,SW2021,2021-07-30
920357,电子,20221123,,SW2021,2021-07-30
920363,机械设备,20231228,,SW2021,2021-07-30
920367,医药生物,20230213,,SW2021,2021-07-30
920368,电力设备,20200727,,SW2021,2021-07-30
920370,环保,20200727,,SW2021,2021-07-30
920371,农林牧渔,20220109,,SW2021,2021-07-30
920374,通信,20221206,,SW2021,2021-07-30
920375,电力设备,20231214,,SW2021,2021-07-30
920378,汽车,20220608,,SW2021,2021-07-30
920392,轻工制造,20221227,,SW2021,2021-07-30
920394,轻工制造,20230412,,SW2021,2021-07-30
920395,机械设备,20220829,,SW2021,2021-07-30
920396,机械设备,20201118,,SW2021,2021-07-30
920402,电子,20220930,20241111,SW2021,2021-07-30
920402,基础化工,20241112,,SW2021,2021-07-30
920403,农林牧渔,20240118,,SW2021,2021-07-30
920405,机械设备,20211105,,SW2021,2021-07-30
920407,机械设备,20230213,,SW2021,2021-07-30
920414,电力设备,20221206,,SW2021,2021-07-30
920415,计算机,20200727,,SW2021,2021-07-30
920418,汽车,20200727,,SW2021,2021-07-30
920419,农林牧渔,20220224,,SW2021,2021-07-30
920422,基础化工,20230224,,SW2021,2021-07-30
920425,计算机,20230213,20230407,SW2021,2021-07-30
920425,机械设备,20230410,,SW2021,2021-07-30
920427,建筑装饰,20210205,,SW2021,2021-07-30
920429,食品饮料,20221214,,SW2021,2021-07-30
920433,医药生物,20200727,,SW2021,2021-07-30
920436,汽车,20211115,,SW2021,2021-07-30
920438,电子,20240312,,SW2021,2021-07-30
920445,轻工制造,20200727,,SW2021,2021-07-30
920454,汽车,20211115,,SW2021,2021-07-30
920455,机械设备,20230710,,SW2021,2021-07-30
920469,基础化工,20230920,,SW2021,2021-07-30
920471,基础化工,20230530,,SW2021,2021-07-30
920475,机械设备,20200727,,SW2021,2021-07-30
920476,机械设备,20221026,,SW2021,2021-07-30
920478,医药生物,20230224,,SW2021,2021-07-30
920489,基础化工,20200727,,SW2021,2021-07-30
920491,机械设备,20220608,20230808,SW2021,2021-07-30
920491,电子,20230809,,SW2021,2021-07-30
920493,计算机,20231030,,SW2021,2021-07-30
920496,电力设备,20240229,,SW2021,2021-07-30
920504,医药生物,20230816,,SW2021,2021-07-30
920505,机械设备,20221227,,SW2021,2021-07-30
920508,机械设备,20200727,20230407,SW2021,2021-07-30
920508,电力设备,20230410,,SW2021,2021-07-30
920509,机械设备,20210111,,SW2021,2021-07-30
920510,机械设备,20201228,20230407,SW2021,2021-07-30
920510,机械设备,20230410,,SW2021,2021-07-30
920519,基础化工,20230920,,SW2021,2021-07-30
920522,电力设备,20231120,,SW2021,2021-07-30
920523,电力设备,20210603,,SW2021,2021-07-30
920526,电子,20221227,,SW2021,2021-07-30
920527,基础化工,20221026,20230808,SW2021,2021-07-30
920527,纺织服饰,20230809,,SW2021,2021-07-30
920533,汽车,20220513,20230407,SW2021,2021-07-30
920533,汽车,20230410,,SW2021,2021-07-30
920541,机械设备,20230224,,SW2021,2021-07-30
920547,医药生物,20231212,,SW2021,2021-07-30
920553,电子,20210806,20230407,SW2021,2021-07-30
920553,机械设备,20230410,,SW2021,2021-07-30
920556,电力设备,20230317,,SW2021,2021-07-30
920564,建筑装饰,20220608,20230407,SW2021,2021-07-30
920564,计算机,20230410,,SW2021,2021-07-30
920566,医药生物,20210813,,SW2021,2021-07-30
920570,机械设备,20231120,,SW2021,2021-07-30
920571,交通运输,20221214,,SW2021,2021-07-30
920575,医药生物,20230317,,SW2021,2021-07-30
920576,有色金属,20230710,,SW2021,2021-07-30
920578,机械设备,20230427,,SW2021,2021-07-30
920579,机械设备,20231130,,SW2021,2021-07-30
920580,建筑材料,20220513,,SW2021,2021-07-30
920592,计算机,20230710,,SW2021,2021-07-30
920593,机械设备,20230407,,SW2021,2021-07-30
920599,机械设备,20210222,,SW2021,2021-07-30
920608,机械设备,20221214,,SW2021,2021-07-30
920627,电力设备,20230920,,SW2021,2021-07-30
920634,有色金属,20221123,,SW2021,2021-07-30
920639,电力设备,20220717,,SW2021,2021-07-30
920640,通信,20200727,,SW2021,2021-07-30
920641,家用电器,20221206,,SW2021,2021-07-30
920642,国防军工,20210816,,SW2021,2021-07-30
920651,机械设备,20230710,,SW2021,2021-07-30
920656,医药生物,20240229,,SW2021,2021-07-30
920662,机械设备,20221123,,SW2021,2021-07-30
920663,汽车,20230317,,SW2021,2021-07-30
920665,基础化工,20231030,,SW2021,2021-07-30
920670,医药生物,20201208,,SW2021,2021-07-30
920675,基础化工,20201228,,SW2021,2021-07-30
920679,机械设备,20231120,,SW2021,2021-07-30
920680,计算机,20211115,,SW2021,2021-07-30
920682,电力设备,20200727,,SW2021,2021-07-30
920685,机械设备,20220930,,SW2021,2021-07-30
920689,机械设备,20220321,,SW2021,2021-07-30
920690,汽车,20240105,,SW2021,2021-07-30
920693,机械设备,20231030,,SW2021,2021-07-30
920694,基础化工,20230427,,SW2021,2021-07-30
920699,家用电器,20230509,,SW2021,2021-07-30
920701,电子,20230710,,SW2021,2021-07-30
920703,机械设备,20231205,,SW2021,2021-07-30
920706,机械设备,20240312,,SW2021,2021-07-30
920717,机械设备,20230710,,SW2021,2021-07-30
920718,家用电器,20221227,,SW2021,2021-07-30
920719,基础化工,20230530,,SW2021,2021-07-30
920720,机械设备,20211124,20230407,SW2021,2021-07-30
920720,机械设备,20230410,,SW2021,2021-07-30
920725,机械设备,20220717,,SW2021,2021-07-30
920726,食品饮料,20210527,,SW2021,2021-07-30
920729,农林牧渔,20200727,,SW2021,2021-07-30
920735,医药生物,20210219,,SW2021,2021-07-30
920748,计算机,20230816,,SW2021,2021-07-30
920751,有色金属,20230710,,SW2021,2021-07-30
920753,社会服务,20221026,,SW2021,2021-07-30
920765,轻工制造,20210705,,SW2021,2021-07-30
920768,家用电器,20210628,,SW2021,2021-07-30
920770,电力设备,20230224,,SW2021,2021-07-30
920779,电力设备,20230530,,SW2021,2021-07-30
920781,机械设备,20221227,,SW2021,2021-07-30
920786,食品饮料,20231030,,SW2021,2021-07-30
920790,计算机,20220829,,SW2021,2021-07-30
920792,建筑材料,20230407,,SW2021,2021-07-30
920799,计算机,20200727,,SW2021,2021-07-30
920802,环保,20230213,,SW2021,2021-07-30
920806,计算机,20240111,,SW2021,2021-07-30
920807,机械设备,20221227,,SW2021,2021-07-30
920808,计算机,20221123,,SW2021,2021-07-30
920809,电力设备,20230407,,SW2021,2021-07-30
920810,机械设备,20221214,,SW2021,2021-07-30
920819,基础化工,20200727,,SW2021,2021-07-30
920821,电子,20220622,,SW2021,2021-07-30
920826,食品饮料,20210112,,SW2021,2021-07-30
920832,基础化工,20210223,,SW2021,2021-07-30
920833,机械设备,20231120,,SW2021,2021-07-30
920834,基础化工,20220829,,SW2021,2021-07-30
920837,汽车,20230427,,SW2021,2021-07-30
920839,机械设备,20201109,,SW2021,2021-07-30
920855,机械设备,20221227,,SW2021,2021-07-30
920856,机械设备,20201225,20230407,SW2021,2021-07-30
920856,机械设备,20230410,,SW2021,2021-07-30
920857,电子,20220211,,SW2021,2021-07-30
920866,基础化工,20221206,,SW2021,2021-07-30
920870,机械设备,20220622,20230407,SW2021,2021-07-30
920870,机械设备,20230410,,SW2021,2021-07-30
920871,汽车,20220717,,SW2021,2021-07-30
920873,建筑装饰,20211115,,SW2021,2021-07-30
920876,电子,20221123,,SW2021,2021-07-30
920879,机械设备,20221227,,SW2021,2021-07-30
920885,机械设备,20210708,,SW2021,2021-07-30
920892,建筑装饰,20211028,,SW2021,2021-07-30
920895,机械设备,20230407,,SW2021,2021-07-30
920896,汽车,20230427,,SW2021,2021-07-30
920906,汽车,20230224,,SW2021,2021-07-30
920914,电力设备,20221123,,SW2021,2021-07-30
920924,通信,20211103,,SW2021,2021-07-30
920925,医药生物,20211025,,SW2021,2021-07-30
920926,家用电器,20230816,,SW2021,2021-07-30
920931,机械设备,20240411,,SW2021,2021-07-30
920932,机械设备,20211115,20230907,SW2021,2021-07-30
920932,计算机,20230908,,SW2021,2021-07-30
920942,机械设备,20221206,,SW2021,2021-07-30
920943,机械设备,20220622,,SW2021,2021-07-30
920946,医药生物,20200727,,SW2021,2021-07-30
920950,机械设备,20220109,,SW2021,2021-07-30
920953,计算机,20230816,,SW2021,2021-07-30
920957,基础化工,20221214,,SW2021,2021-07-30
920961,通信,20200727,20230407,SW2021,2021-07-30
920961,机械设备,20230410,,SW2021,2021-07-30
920964,农林牧渔,20200727,,SW2021,2021-07-30
920970,农林牧渔,20220513,,SW2021,2021-07-30
920971,基础化工,20220930,,SW2021,2021-07-30
920974,基础化工,20230224,,SW2021,2021-07-30
920976,计算机,20230920,,SW2021,2021-07-30
920978,汽车,20231030,,SW2021,2021-07-30
920981,电子,20211115,,SW2021,2021-07-30
920982,美容护理,20230717,,SW2021,2021-07-30
920985,电力设备,20220829,,SW2021,2021-07-30
920992,医药生物,20221026,,SW2021,2021-07-30
